case_id,user_id,image_id,n_candidates,n_neighbors,true_selected_option,pred_selected_option,baseline_selected_option,correct_selected_option,baseline_correct_selected_option,true_preferred_response_length,pred_preferred_response_length,baseline_preferred_response_length,correct_preferred_response_length,baseline_correct_preferred_response_length,true_preferred_technical_level,pred_preferred_technical_level,baseline_preferred_technical_level,correct_preferred_technical_level,baseline_correct_preferred_technical_level,true_preferred_format,pred_preferred_format,baseline_preferred_format,correct_preferred_format,baseline_correct_preferred_format,true_perceived_error_impact,pred_perceived_error_impact,baseline_perceived_error_impact,correct_perceived_error_impact,baseline_correct_perceived_error_impact,true_preferred_explanation_types_raw,pred_preferred_explanation_types_raw,baseline_preferred_explanation_types_raw,correct_preferred_explanation_types_raw,baseline_correct_preferred_explanation_types_raw,jaccard_preferred_explanation_types_raw,baseline_jaccard_preferred_explanation_types_raw,true_main_goals_raw,pred_main_goals_raw,baseline_main_goals_raw,correct_main_goals_raw,baseline_correct_main_goals_raw,jaccard_main_goals_raw,baseline_jaccard_main_goals_raw
C0001,U001,1,260,11,Opción B,Opción E,Opción B,False,True,Media: explicación breve con algo de detalle,Media: explicación breve con algo de detalle,Media: explicación breve con algo de detalle,True,True,"Intermedio: algunos términos técnicos, pero fáciles de seguir","Intermedio: algunos términos técnicos, pero fáciles de seguir","Intermedio: algunos términos técnicos, pero fáciles de seguir",True,True,Texto breve + imagen,Texto breve + imagen,Texto breve + imagen,True,True,Medio: el error podría causar cierta confusión o problema,Medio: el error podría causar cierta confusión o problema,Medio: el error podría causar cierta confusión o problema,True,True,"Explicaciones basadas en reglas o razonamientos paso a paso, Explicaciones visuales (zonas destacadas en la imagen)","Explicaciones centradas en atributos o características concretas, Explicaciones basadas en reglas o razonamientos paso a paso, Explicaciones visuales (zonas destacadas en la imagen)","Explicaciones centradas en atributos o características concretas, Explicaciones basadas en reglas o razonamientos paso a paso, Explicaciones visuales (zonas destacadas en la imagen)",False,False,0.6666666666666666,0.6666666666666666,"Confianza: sentir mayor seguridad en la respuesta del sistema, Detección de errores(Debugging): detectar fallos, errores o comportamientos inesperados del sistema, Escrutinio: evaluar críticamente si la decisión del sistema es adecuada, razonable o justa","Transparencia: entender por qué el sistema tomó esa decisión, Confianza: sentir mayor seguridad en la respuesta del sistema","Transparencia: entender por qué el sistema tomó esa decisión, Confianza: sentir mayor seguridad en la respuesta del sistema",False,False,0.16666666666666666,0.16666666666666666
C0012,U002,1,260,11,Opción A,Opción E,Opción B,False,False,Media: explicación breve con algo de detalle,Media: explicación breve con algo de detalle,Media: explicación breve con algo de detalle,True,True,Simple: lenguaje claro y sin tecnicismos,"Intermedio: algunos términos técnicos, pero fáciles de seguir","Intermedio: algunos términos técnicos, pero fáciles de seguir",False,False,Texto detallado + imagen,Texto breve + imagen,Texto breve + imagen,False,False,Medio: el error podría causar cierta confusión o problema,Medio: el error podría causar cierta confusión o problema,Medio: el error podría causar cierta confusión o problema,True,True,"Explicaciones con ejemplos similares, Explicaciones con comparaciones o contraejemplos, Explicaciones centradas en atributos o características concretas, Explicaciones basadas en reglas o razonamientos paso a paso, Explicaciones visuales (zonas destacadas en la imagen), No tengo preferencia / me da igual","Explicaciones centradas en atributos o características concretas, Explicaciones basadas en reglas o razonamientos paso a paso, Explicaciones visuales (zonas destacadas en la imagen)","Explicaciones centradas en atributos o características concretas, Explicaciones basadas en reglas o razonamientos paso a paso, Explicaciones visuales (zonas destacadas en la imagen)",False,False,0.5,0.5,"Transparencia: entender por qué el sistema tomó esa decisión, Efectividad: recibir una explicación útil para realizar mejor la tarea, Satisfacción: que la explicación resulte clara y útil para ti, Educación: aprender más sobre la imagen, el problema o el funcionamiento del sistema, Escrutinio: evaluar críticamente si la decisión del sistema es adecuada, razonable o justa","Transparencia: entender por qué el sistema tomó esa decisión, Detección de errores(Debugging): detectar fallos, errores o comportamientos inesperados del sistema, Educación: aprender más sobre la imagen, el problema o el funcionamiento del sistema, Escrutinio: evaluar críticamente si la decisión del sistema es adecuada, razonable o justa","Transparencia: entender por qué el sistema tomó esa decisión, Confianza: sentir mayor seguridad en la respuesta del sistema",False,False,0.5555555555555556,0.125
C0023,U003,1,260,11,Opción D,Opción C,Opción B,False,False,Corta: solo lo esencial,Media: explicación breve con algo de detalle,Media: explicación breve con algo de detalle,False,False,Técnico: explicación más especializada y precisa,"Intermedio: algunos términos técnicos, pero fáciles de seguir","Intermedio: algunos términos técnicos, pero fáciles de seguir",False,False,Texto breve + imagen,Texto breve + imagen,Texto breve + imagen,True,True,Alto: el error podría tener consecuencias importantes,Medio: el error podría causar cierta confusión o problema,Medio: el error podría causar cierta confusión o problema,False,False,"Explicaciones con ejemplos similares, Explicaciones con comparaciones o contraejemplos, Explicaciones visuales (zonas destacadas en la imagen)","Explicaciones con ejemplos similares, Explicaciones con comparaciones o contraejemplos, Explicaciones basadas en reglas o razonamientos paso a paso, Explicaciones visuales (zonas destacadas en la imagen)","Explicaciones centradas en atributos o características concretas, Explicaciones basadas en reglas o razonamientos paso a paso, Explicaciones visuales (zonas destacadas en la imagen)",False,False,0.75,0.2,"Transparencia: entender por qué el sistema tomó esa decisión, Satisfacción: que la explicación resulte clara y útil para ti, Detección de errores(Debugging): detectar fallos, errores o comportamientos inesperados del sistema, Educación: aprender más sobre la imagen, el problema o el funcionamiento del sistema","Transparencia: entender por qué el sistema tomó esa decisión, Eficiencia: comprender la respuesta de forma rápida, Efectividad: recibir una explicación útil para realizar mejor la tarea, Persuasión: convencerte de que la decisión del sistema está justificada, Detección de errores(Debugging): detectar fallos, errores o comportamientos inesperados del sistema, Escrutinio: evaluar críticamente si la decisión del sistema es adecuada, razonable o justa","Transparencia: entender por qué el sistema tomó esa decisión, Confianza: sentir mayor seguridad en la respuesta del sistema",False,False,0.2727272727272727,0.14285714285714285
C0034,U004,1,260,11,Opción B,Opción E,Opción B,False,True,Larga: explicación completa y detallada,Media: explicación breve con algo de detalle,Media: explicación breve con algo de detalle,False,False,"Intermedio: algunos términos técnicos, pero fáciles de seguir","Intermedio: algunos términos técnicos, pero fáciles de seguir","Intermedio: algunos términos técnicos, pero fáciles de seguir",True,True,Principalmente visual,Texto breve + imagen,Texto breve + imagen,False,False,Medio: el error podría causar cierta confusión o problema,Medio: el error podría causar cierta confusión o problema,Medio: el error podría causar cierta confusión o problema,True,True,"Explicaciones centradas en atributos o características concretas, Explicaciones basadas en reglas o razonamientos paso a paso, Explicaciones visuales (zonas destacadas en la imagen)","Explicaciones con ejemplos similares, Explicaciones con comparaciones o contraejemplos, Explicaciones visuales (zonas destacadas en la imagen)","Explicaciones centradas en atributos o características concretas, Explicaciones basadas en reglas o razonamientos paso a paso, Explicaciones visuales (zonas destacadas en la imagen)",False,True,0.2,1.0,"Transparencia: entender por qué el sistema tomó esa decisión, Eficiencia: comprender la respuesta de forma rápida, Satisfacción: que la explicación resulte clara y útil para ti","Transparencia: entender por qué el sistema tomó esa decisión, Detección de errores(Debugging): detectar fallos, errores o comportamientos inesperados del sistema, Educación: aprender más sobre la imagen, el problema o el funcionamiento del sistema, Escrutinio: evaluar críticamente si la decisión del sistema es adecuada, razonable o justa","Transparencia: entender por qué el sistema tomó esa decisión, Confianza: sentir mayor seguridad en la respuesta del sistema",False,False,0.1111111111111111,0.25
C0045,U005,1,260,11,Opción A,Opción C,Opción B,False,False,Media: explicación breve con algo de detalle,Media: explicación breve con algo de detalle,Media: explicación breve con algo de detalle,True,True,"Intermedio: algunos términos técnicos, pero fáciles de seguir","Intermedio: algunos términos técnicos, pero fáciles de seguir","Intermedio: algunos términos técnicos, pero fáciles de seguir",True,True,Texto breve + imagen,Texto breve + imagen,Texto breve + imagen,True,True,Medio: el error podría causar cierta confusión o problema,Medio: el error podría causar cierta confusión o problema,Medio: el error podría causar cierta confusión o problema,True,True,"Explicaciones con ejemplos similares, Explicaciones con comparaciones o contraejemplos, Explicaciones visuales (zonas destacadas en la imagen)","Explicaciones con comparaciones o contraejemplos, Explicaciones centradas en atributos o características concretas, Explicaciones visuales (zonas destacadas en la imagen)","Explicaciones centradas en atributos o características concretas, Explicaciones basadas en reglas o razonamientos paso a paso, Explicaciones visuales (zonas destacadas en la imagen)",False,False,0.5,0.2,"Transparencia: entender por qué el sistema tomó esa decisión, Eficiencia: comprender la respuesta de forma rápida, Confianza: sentir mayor seguridad en la respuesta del sistema","Eficiencia: comprender la respuesta de forma rápida, Satisfacción: que la explicación resulte clara y útil para ti, Detección de errores(Debugging): detectar fallos, errores o comportamientos inesperados del sistema","Transparencia: entender por qué el sistema tomó esa decisión, Confianza: sentir mayor seguridad en la respuesta del sistema",False,False,0.16666666666666666,0.6666666666666666
C0056,U006,1,260,11,Opción B,Opción C,Opción B,False,True,Corta: solo lo esencial,Media: explicación breve con algo de detalle,Media: explicación breve con algo de detalle,False,False,"Intermedio: algunos términos técnicos, pero fáciles de seguir","Intermedio: algunos términos técnicos, pero fáciles de seguir","Intermedio: algunos términos técnicos, pero fáciles de seguir",True,True,Texto breve + imagen,Texto breve + imagen,Texto breve + imagen,True,True,Medio: el error podría causar cierta confusión o problema,Medio: el error podría causar cierta confusión o problema,Medio: el error podría causar cierta confusión o problema,True,True,"Explicaciones centradas en atributos o características concretas, Explicaciones basadas en reglas o razonamientos paso a paso","Explicaciones centradas en atributos o características concretas, Explicaciones basadas en reglas o razonamientos paso a paso, Explicaciones visuales (zonas destacadas en la imagen)","Explicaciones centradas en atributos o características concretas, Explicaciones basadas en reglas o razonamientos paso a paso, Explicaciones visuales (zonas destacadas en la imagen)",False,False,0.6666666666666666,0.6666666666666666,"Transparencia: entender por qué el sistema tomó esa decisión, Confianza: sentir mayor seguridad en la respuesta del sistema","Transparencia: entender por qué el sistema tomó esa decisión, Confianza: sentir mayor seguridad en la respuesta del sistema, Efectividad: recibir una explicación útil para realizar mejor la tarea, Satisfacción: que la explicación resulte clara y útil para ti, Detección de errores(Debugging): detectar fallos, errores o comportamientos inesperados del sistema, Educación: aprender más sobre la imagen, el problema o el funcionamiento del sistema, Escrutinio: evaluar críticamente si la decisión del sistema es adecuada, razonable o justa","Confianza: sentir mayor seguridad en la respuesta del sistema, Detección de errores(Debugging): detectar fallos, errores o comportamientos inesperados del sistema, Escrutinio: evaluar críticamente si la decisión del sistema es adecuada, razonable o justa",False,False,0.2,0.16666666666666666
C0067,U007,1,260,11,Opción B,Opción C,Opción B,False,True,Corta: solo lo esencial,Media: explicación breve con algo de detalle,Media: explicación breve con algo de detalle,False,False,Simple: lenguaje claro y sin tecnicismos,"Intermedio: algunos términos técnicos, pero fáciles de seguir","Intermedio: algunos términos técnicos, pero fáciles de seguir",False,False,Texto breve + imagen,Texto breve + imagen,Texto breve + imagen,True,True,Bajo: el error apenas tendría consecuencias,Medio: el error podría causar cierta confusión o problema,Medio: el error podría causar cierta confusión o problema,False,False,"Explicaciones centradas en atributos o características concretas, Explicaciones basadas en reglas o razonamientos paso a paso","Explicaciones con ejemplos similares, Explicaciones con comparaciones o contraejemplos, Explicaciones visuales (zonas destacadas en la imagen)","Explicaciones centradas en atributos o características concretas, Explicaciones basadas en reglas o razonamientos paso a paso, Explicaciones visuales (zonas destacadas en la imagen)",False,False,0.0,0.6666666666666666,"Transparencia: entender por qué el sistema tomó esa decisión, Confianza: sentir mayor seguridad en la respuesta del sistema, Satisfacción: que la explicación resulte clara y útil para ti, Persuasión: convencerte de que la decisión del sistema está justificada, Detección de errores(Debugging): detectar fallos, errores o comportamientos inesperados del sistema","Transparencia: entender por qué el sistema tomó esa decisión, Eficiencia: comprender la respuesta de forma rápida, Confianza: sentir mayor seguridad en la respuesta del sistema","Transparencia: entender por qué el sistema tomó esa decisión, Confianza: sentir mayor seguridad en la respuesta del sistema",False,False,0.2857142857142857,0.3333333333333333
C0078,U008,1,260,11,Opción A,Opción C,Opción B,False,False,Media: explicación breve con algo de detalle,Media: explicación breve con algo de detalle,Media: explicación breve con algo de detalle,True,True,"Intermedio: algunos términos técnicos, pero fáciles de seguir","Intermedio: algunos términos técnicos, pero fáciles de seguir","Intermedio: algunos términos técnicos, pero fáciles de seguir",True,True,Texto breve + imagen,Texto breve + imagen,Texto breve + imagen,True,True,Medio: el error podría causar cierta confusión o problema,Medio: el error podría causar cierta confusión o problema,Medio: el error podría causar cierta confusión o problema,True,True,"Explicaciones con ejemplos similares, Explicaciones con comparaciones o contraejemplos","Explicaciones con ejemplos similares, Explicaciones con comparaciones o contraejemplos, Explicaciones visuales (zonas destacadas en la imagen)","Explicaciones centradas en atributos o características concretas, Explicaciones basadas en reglas o razonamientos paso a paso, Explicaciones visuales (zonas destacadas en la imagen)",False,False,0.6666666666666666,0.0,"Transparencia: entender por qué el sistema tomó esa decisión, Eficiencia: comprender la respuesta de forma rápida, Efectividad: recibir una explicación útil para realizar mejor la tarea, Satisfacción: que la explicación resulte clara y útil para ti","Eficiencia: comprender la respuesta de forma rápida, Satisfacción: que la explicación resulte clara y útil para ti, Detección de errores(Debugging): detectar fallos, errores o comportamientos inesperados del sistema","Transparencia: entender por qué el sistema tomó esa decisión, Confianza: sentir mayor seguridad en la respuesta del sistema",False,False,0.3333333333333333,0.2
C0089,U009,1,260,11,Opción B,Opción C,Opción B,False,True,Media: explicación breve con algo de detalle,Media: explicación breve con algo de detalle,Media: explicación breve con algo de detalle,True,True,Simple: lenguaje claro y sin tecnicismos,"Intermedio: algunos términos técnicos, pero fáciles de seguir","Intermedio: algunos términos técnicos, pero fáciles de seguir",False,False,Texto breve + imagen,Texto breve + imagen,Texto breve + imagen,True,True,Medio: el error podría causar cierta confusión o problema,Medio: el error podría causar cierta confusión o problema,Medio: el error podría causar cierta confusión o problema,True,True,"Explicaciones con ejemplos similares, Explicaciones basadas en reglas o razonamientos paso a paso, Explicaciones visuales (zonas destacadas en la imagen)","Explicaciones centradas en atributos o características concretas, Explicaciones basadas en reglas o razonamientos paso a paso, Explicaciones visuales (zonas destacadas en la imagen)","Explicaciones centradas en atributos o características concretas, Explicaciones basadas en reglas o razonamientos paso a paso, Explicaciones visuales (zonas destacadas en la imagen)",False,False,0.5,0.5,"Eficiencia: comprender la respuesta de forma rápida, Efectividad: recibir una explicación útil para realizar mejor la tarea","Transparencia: entender por qué el sistema tomó esa decisión, Confianza: sentir mayor seguridad en la respuesta del sistema","Transparencia: entender por qué el sistema tomó esa decisión, Confianza: sentir mayor seguridad en la respuesta del sistema",False,False,0.0,0.0
C0100,U010,1,260,11,Opción A,Opción C,Opción B,False,False,Corta: solo lo esencial,Media: explicación breve con algo de detalle,Media: explicación breve con algo de detalle,False,False,Simple: lenguaje claro y sin tecnicismos,"Intermedio: algunos términos técnicos, pero fáciles de seguir","Intermedio: algunos términos técnicos, pero fáciles de seguir",False,False,Me da igual,Texto breve + imagen,Texto breve + imagen,False,False,Medio: el error podría causar cierta confusión o problema,Medio: el error podría causar cierta confusión o problema,Medio: el error podría causar cierta confusión o problema,True,True,No tengo preferencia / me da igual,"Explicaciones con ejemplos similares, Explicaciones con comparaciones o contraejemplos, Explicaciones visuales (zonas destacadas en la imagen)","Explicaciones centradas en atributos o características concretas, Explicaciones basadas en reglas o razonamientos paso a paso, Explicaciones visuales (zonas destacadas en la imagen)",False,False,0.0,0.0,"Eficiencia: comprender la respuesta de forma rápida, Confianza: sentir mayor seguridad en la respuesta del sistema","Transparencia: entender por qué el sistema tomó esa decisión, Detección de errores(Debugging): detectar fallos, errores o comportamientos inesperados del sistema, Educación: aprender más sobre la imagen, el problema o el funcionamiento del sistema","Transparencia: entender por qué el sistema tomó esa decisión, Confianza: sentir mayor seguridad en la respuesta del sistema",False,False,0.0,0.3333333333333333
C0111,U011,1,260,11,Opción B,Opción E,Opción B,False,True,Media: explicación breve con algo de detalle,Media: explicación breve con algo de detalle,Media: explicación breve con algo de detalle,True,True,"Intermedio: algunos términos técnicos, pero fáciles de seguir","Intermedio: algunos términos técnicos, pero fáciles de seguir","Intermedio: algunos términos técnicos, pero fáciles de seguir",True,True,Texto detallado + imagen,Texto breve + imagen,Texto breve + imagen,False,False,Medio: el error podría causar cierta confusión o problema,Medio: el error podría causar cierta confusión o problema,Medio: el error podría causar cierta confusión o problema,True,True,"Explicaciones con ejemplos similares, Explicaciones con comparaciones o contraejemplos, Explicaciones basadas en reglas o razonamientos paso a paso, Explicaciones visuales (zonas destacadas en la imagen)","Explicaciones con ejemplos similares, Explicaciones con comparaciones o contraejemplos, Explicaciones visuales (zonas destacadas en la imagen)","Explicaciones centradas en atributos o características concretas, Explicaciones basadas en reglas o razonamientos paso a paso, Explicaciones visuales (zonas destacadas en la imagen)",False,False,0.75,0.4,"Transparencia: entender por qué el sistema tomó esa decisión, Eficiencia: comprender la respuesta de forma rápida, Efectividad: recibir una explicación útil para realizar mejor la tarea, Persuasión: convencerte de que la decisión del sistema está justificada, Detección de errores(Debugging): detectar fallos, errores o comportamientos inesperados del sistema, Escrutinio: evaluar críticamente si la decisión del sistema es adecuada, razonable o justa","Transparencia: entender por qué el sistema tomó esa decisión, Satisfacción: que la explicación resulte clara y útil para ti, Detección de errores(Debugging): detectar fallos, errores o comportamientos inesperados del sistema, Educación: aprender más sobre la imagen, el problema o el funcionamiento del sistema","Transparencia: entender por qué el sistema tomó esa decisión, Confianza: sentir mayor seguridad en la respuesta del sistema",False,False,0.2727272727272727,0.1111111111111111
C0122,U012,1,260,11,Opción B,Opción C,Opción B,False,True,Corta: solo lo esencial,Media: explicación breve con algo de detalle,Media: explicación breve con algo de detalle,False,False,"Intermedio: algunos términos técnicos, pero fáciles de seguir","Intermedio: algunos términos técnicos, pero fáciles de seguir","Intermedio: algunos términos técnicos, pero fáciles de seguir",True,True,Texto breve + imagen,Texto breve + imagen,Texto breve + imagen,True,True,Alto: el error podría tener consecuencias importantes,Medio: el error podría causar cierta confusión o problema,Medio: el error podría causar cierta confusión o problema,False,False,"Explicaciones con comparaciones o contraejemplos, Explicaciones centradas en atributos o características concretas, Explicaciones visuales (zonas destacadas en la imagen)","Explicaciones con ejemplos similares, Explicaciones con comparaciones o contraejemplos, Explicaciones visuales (zonas destacadas en la imagen)","Explicaciones centradas en atributos o características concretas, Explicaciones basadas en reglas o razonamientos paso a paso, Explicaciones visuales (zonas destacadas en la imagen)",False,False,0.5,0.5,"Transparencia: entender por qué el sistema tomó esa decisión, Eficiencia: comprender la respuesta de forma rápida, Satisfacción: que la explicación resulte clara y útil para ti, Detección de errores(Debugging): detectar fallos, errores o comportamientos inesperados del sistema, Escrutinio: evaluar críticamente si la decisión del sistema es adecuada, razonable o justa","Confianza: sentir mayor seguridad en la respuesta del sistema, Efectividad: recibir una explicación útil para realizar mejor la tarea, Satisfacción: que la explicación resulte clara y útil para ti, Detección de errores(Debugging): detectar fallos, errores o comportamientos inesperados del sistema","Transparencia: entender por qué el sistema tomó esa decisión, Confianza: sentir mayor seguridad en la respuesta del sistema",False,False,0.3333333333333333,0.125
C0133,U013,1,260,11,Opción E,Opción C,Opción B,False,False,Corta: solo lo esencial,Media: explicación breve con algo de detalle,Media: explicación breve con algo de detalle,False,False,Simple: lenguaje claro y sin tecnicismos,"Intermedio: algunos términos técnicos, pero fáciles de seguir","Intermedio: algunos términos técnicos, pero fáciles de seguir",False,False,Me da igual,Texto breve + imagen,Texto breve + imagen,False,False,Medio: el error podría causar cierta confusión o problema,Medio: el error podría causar cierta confusión o problema,Medio: el error podría causar cierta confusión o problema,True,True,No tengo preferencia / me da igual,No tengo preferencia / me da igual,"Explicaciones centradas en atributos o características concretas, Explicaciones basadas en reglas o razonamientos paso a paso, Explicaciones visuales (zonas destacadas en la imagen)",True,False,1.0,0.0,"Educación: aprender más sobre la imagen, el problema o el funcionamiento del sistema","Eficiencia: comprender la respuesta de forma rápida, Confianza: sentir mayor seguridad en la respuesta del sistema","Transparencia: entender por qué el sistema tomó esa decisión, Confianza: sentir mayor seguridad en la respuesta del sistema",False,False,0.0,0.0
C0144,U014,1,260,11,Opción A,Opción C,Opción B,False,False,Larga: explicación completa y detallada,Media: explicación breve con algo de detalle,Media: explicación breve con algo de detalle,False,False,"Intermedio: algunos términos técnicos, pero fáciles de seguir","Intermedio: algunos términos técnicos, pero fáciles de seguir","Intermedio: algunos términos técnicos, pero fáciles de seguir",True,True,Texto detallado + imagen,Texto breve + imagen,Texto breve + imagen,False,False,Medio: el error podría causar cierta confusión o problema,Medio: el error podría causar cierta confusión o problema,Medio: el error podría causar cierta confusión o problema,True,True,"Explicaciones con comparaciones o contraejemplos, Explicaciones centradas en atributos o características concretas, Explicaciones basadas en reglas o razonamientos paso a paso","Explicaciones con comparaciones o contraejemplos, Explicaciones visuales (zonas destacadas en la imagen)","Explicaciones centradas en atributos o características concretas, Explicaciones basadas en reglas o razonamientos paso a paso, Explicaciones visuales (zonas destacadas en la imagen)",False,False,0.25,0.5,"Transparencia: entender por qué el sistema tomó esa decisión, Confianza: sentir mayor seguridad en la respuesta del sistema, Efectividad: recibir una explicación útil para realizar mejor la tarea, Satisfacción: que la explicación resulte clara y útil para ti, Detección de errores(Debugging): detectar fallos, errores o comportamientos inesperados del sistema, Educación: aprender más sobre la imagen, el problema o el funcionamiento del sistema, Escrutinio: evaluar críticamente si la decisión del sistema es adecuada, razonable o justa","Transparencia: entender por qué el sistema tomó esa decisión, Confianza: sentir mayor seguridad en la respuesta del sistema","Transparencia: entender por qué el sistema tomó esa decisión, Confianza: sentir mayor seguridad en la respuesta del sistema",False,False,0.2,0.2
C0155,U015,1,260,11,Opción B,Opción C,Opción B,False,True,Media: explicación breve con algo de detalle,Media: explicación breve con algo de detalle,Media: explicación breve con algo de detalle,True,True,"Intermedio: algunos términos técnicos, pero fáciles de seguir","Intermedio: algunos términos técnicos, pero fáciles de seguir","Intermedio: algunos términos técnicos, pero fáciles de seguir",True,True,Texto detallado + imagen,Texto breve + imagen,Texto breve + imagen,False,False,Alto: el error podría tener consecuencias importantes,Medio: el error podría causar cierta confusión o problema,Medio: el error podría causar cierta confusión o problema,False,False,"Explicaciones con comparaciones o contraejemplos, Explicaciones visuales (zonas destacadas en la imagen)","Explicaciones centradas en atributos o características concretas, Explicaciones basadas en reglas o razonamientos paso a paso, Explicaciones visuales (zonas destacadas en la imagen)","Explicaciones centradas en atributos o características concretas, Explicaciones basadas en reglas o razonamientos paso a paso, Explicaciones visuales (zonas destacadas en la imagen)",False,False,0.25,0.25,"Transparencia: entender por qué el sistema tomó esa decisión, Detección de errores(Debugging): detectar fallos, errores o comportamientos inesperados del sistema, Educación: aprender más sobre la imagen, el problema o el funcionamiento del sistema, Escrutinio: evaluar críticamente si la decisión del sistema es adecuada, razonable o justa","Confianza: sentir mayor seguridad en la respuesta del sistema, Detección de errores(Debugging): detectar fallos, errores o comportamientos inesperados del sistema, Escrutinio: evaluar críticamente si la decisión del sistema es adecuada, razonable o justa","Transparencia: entender por qué el sistema tomó esa decisión, Confianza: sentir mayor seguridad en la respuesta del sistema",False,False,0.5,0.125
C0166,U016,1,260,11,Opción A,Opción C,Opción B,False,False,Media: explicación breve con algo de detalle,Media: explicación breve con algo de detalle,Media: explicación breve con algo de detalle,True,True,"Intermedio: algunos términos técnicos, pero fáciles de seguir","Intermedio: algunos términos técnicos, pero fáciles de seguir","Intermedio: algunos términos técnicos, pero fáciles de seguir",True,True,Texto breve + imagen,Texto breve + imagen,Texto breve + imagen,True,True,Medio: el error podría causar cierta confusión o problema,Medio: el error podría causar cierta confusión o problema,Medio: el error podría causar cierta confusión o problema,True,True,"Explicaciones con ejemplos similares, Explicaciones basadas en reglas o razonamientos paso a paso, Explicaciones visuales (zonas destacadas en la imagen)","Explicaciones con ejemplos similares, Explicaciones con comparaciones o contraejemplos, Explicaciones visuales (zonas destacadas en la imagen)","Explicaciones centradas en atributos o características concretas, Explicaciones basadas en reglas o razonamientos paso a paso, Explicaciones visuales (zonas destacadas en la imagen)",False,False,0.5,0.5,"Confianza: sentir mayor seguridad en la respuesta del sistema, Efectividad: recibir una explicación útil para realizar mejor la tarea, Satisfacción: que la explicación resulte clara y útil para ti, Detección de errores(Debugging): detectar fallos, errores o comportamientos inesperados del sistema","Efectividad: recibir una explicación útil para realizar mejor la tarea, Satisfacción: que la explicación resulte clara y útil para ti","Transparencia: entender por qué el sistema tomó esa decisión, Confianza: sentir mayor seguridad en la respuesta del sistema",False,False,0.4,0.16666666666666666
C0177,U017,1,260,11,Opción B,Opción C,Opción B,False,True,Media: explicación breve con algo de detalle,Media: explicación breve con algo de detalle,Media: explicación breve con algo de detalle,True,True,"Intermedio: algunos términos técnicos, pero fáciles de seguir","Intermedio: algunos términos técnicos, pero fáciles de seguir","Intermedio: algunos términos técnicos, pero fáciles de seguir",True,True,Principalmente visual,Texto breve + imagen,Texto breve + imagen,False,False,Alto: el error podría tener consecuencias importantes,Medio: el error podría causar cierta confusión o problema,Medio: el error podría causar cierta confusión o problema,False,False,"Explicaciones con comparaciones o contraejemplos, Explicaciones visuales (zonas destacadas en la imagen)","Explicaciones con ejemplos similares, Explicaciones con comparaciones o contraejemplos, Explicaciones visuales (zonas destacadas en la imagen)","Explicaciones centradas en atributos o características concretas, Explicaciones basadas en reglas o razonamientos paso a paso, Explicaciones visuales (zonas destacadas en la imagen)",False,False,0.6666666666666666,0.25,"Transparencia: entender por qué el sistema tomó esa decisión, Detección de errores(Debugging): detectar fallos, errores o comportamientos inesperados del sistema, Educación: aprender más sobre la imagen, el problema o el funcionamiento del sistema","Eficiencia: comprender la respuesta de forma rápida, Confianza: sentir mayor seguridad en la respuesta del sistema","Transparencia: entender por qué el sistema tomó esa decisión, Confianza: sentir mayor seguridad en la respuesta del sistema",False,False,0.0,0.16666666666666666
C0188,U018,1,260,11,Opción A,Opción C,Opción B,False,False,Media: explicación breve con algo de detalle,Media: explicación breve con algo de detalle,Media: explicación breve con algo de detalle,True,True,"Intermedio: algunos términos técnicos, pero fáciles de seguir","Intermedio: algunos términos técnicos, pero fáciles de seguir","Intermedio: algunos términos técnicos, pero fáciles de seguir",True,True,Texto breve + imagen,Texto breve + imagen,Texto breve + imagen,True,True,Medio: el error podría causar cierta confusión o problema,Medio: el error podría causar cierta confusión o problema,Medio: el error podría causar cierta confusión o problema,True,True,Explicaciones con comparaciones o contraejemplos,"Explicaciones con ejemplos similares, Explicaciones basadas en reglas o razonamientos paso a paso, Explicaciones visuales (zonas destacadas en la imagen)","Explicaciones centradas en atributos o características concretas, Explicaciones basadas en reglas o razonamientos paso a paso, Explicaciones visuales (zonas destacadas en la imagen)",False,False,0.0,0.0,"Efectividad: recibir una explicación útil para realizar mejor la tarea, Satisfacción: que la explicación resulte clara y útil para ti","Confianza: sentir mayor seguridad en la respuesta del sistema, Efectividad: recibir una explicación útil para realizar mejor la tarea, Satisfacción: que la explicación resulte clara y útil para ti, Detección de errores(Debugging): detectar fallos, errores o comportamientos inesperados del sistema","Transparencia: entender por qué el sistema tomó esa decisión, Confianza: sentir mayor seguridad en la respuesta del sistema",False,False,0.4,0.0
C0199,U019,1,260,11,Opción B,Opción B,Opción B,True,True,Media: explicación breve con algo de detalle,Media: explicación breve con algo de detalle,Media: explicación breve con algo de detalle,True,True,"Intermedio: algunos términos técnicos, pero fáciles de seguir","Intermedio: algunos términos técnicos, pero fáciles de seguir","Intermedio: algunos términos técnicos, pero fáciles de seguir",True,True,Texto detallado + imagen,Texto breve + imagen,Texto breve + imagen,False,False,Alto: el error podría tener consecuencias importantes,Medio: el error podría causar cierta confusión o problema,Medio: el error podría causar cierta confusión o problema,False,False,"Explicaciones con ejemplos similares, Explicaciones con comparaciones o contraejemplos, Explicaciones centradas en atributos o características concretas","Explicaciones centradas en atributos o características concretas, Explicaciones basadas en reglas o razonamientos paso a paso, Explicaciones visuales (zonas destacadas en la imagen)","Explicaciones centradas en atributos o características concretas, Explicaciones basadas en reglas o razonamientos paso a paso, Explicaciones visuales (zonas destacadas en la imagen)",False,False,0.2,0.2,"Transparencia: entender por qué el sistema tomó esa decisión, Confianza: sentir mayor seguridad en la respuesta del sistema, Efectividad: recibir una explicación útil para realizar mejor la tarea, Satisfacción: que la explicación resulte clara y útil para ti","Transparencia: entender por qué el sistema tomó esa decisión, Detección de errores(Debugging): detectar fallos, errores o comportamientos inesperados del sistema, Escrutinio: evaluar críticamente si la decisión del sistema es adecuada, razonable o justa","Transparencia: entender por qué el sistema tomó esa decisión, Confianza: sentir mayor seguridad en la respuesta del sistema",False,False,0.125,0.5
C0210,U020,1,260,11,Opción A,Opción C,Opción B,False,False,Media: explicación breve con algo de detalle,Media: explicación breve con algo de detalle,Media: explicación breve con algo de detalle,True,True,"Intermedio: algunos términos técnicos, pero fáciles de seguir","Intermedio: algunos términos técnicos, pero fáciles de seguir","Intermedio: algunos términos técnicos, pero fáciles de seguir",True,True,Texto detallado + imagen,Texto breve + imagen,Texto breve + imagen,False,False,Alto: el error podría tener consecuencias importantes,Medio: el error podría causar cierta confusión o problema,Medio: el error podría causar cierta confusión o problema,False,False,"Explicaciones centradas en atributos o características concretas, Explicaciones basadas en reglas o razonamientos paso a paso, Explicaciones visuales (zonas destacadas en la imagen)","Explicaciones con ejemplos similares, Explicaciones basadas en reglas o razonamientos paso a paso, Explicaciones visuales (zonas destacadas en la imagen)","Explicaciones centradas en atributos o características concretas, Explicaciones basadas en reglas o razonamientos paso a paso, Explicaciones visuales (zonas destacadas en la imagen)",False,True,0.5,1.0,"Transparencia: entender por qué el sistema tomó esa decisión, Confianza: sentir mayor seguridad en la respuesta del sistema, Satisfacción: que la explicación resulte clara y útil para ti, Educación: aprender más sobre la imagen, el problema o el funcionamiento del sistema","Eficiencia: comprender la respuesta de forma rápida, Confianza: sentir mayor seguridad en la respuesta del sistema","Transparencia: entender por qué el sistema tomó esa decisión, Confianza: sentir mayor seguridad en la respuesta del sistema",False,False,0.16666666666666666,0.4
C0221,U021,1,260,11,Opción B,Opción E,Opción B,False,True,Media: explicación breve con algo de detalle,Media: explicación breve con algo de detalle,Media: explicación breve con algo de detalle,True,True,"Intermedio: algunos términos técnicos, pero fáciles de seguir","Intermedio: algunos términos técnicos, pero fáciles de seguir","Intermedio: algunos términos técnicos, pero fáciles de seguir",True,True,Texto breve + imagen,Texto breve + imagen,Texto breve + imagen,True,True,Alto: el error podría tener consecuencias importantes,Medio: el error podría causar cierta confusión o problema,Medio: el error podría causar cierta confusión o problema,False,False,"Explicaciones centradas en atributos o características concretas, Explicaciones visuales (zonas destacadas en la imagen)","Explicaciones centradas en atributos o características concretas, Explicaciones basadas en reglas o razonamientos paso a paso, Explicaciones visuales (zonas destacadas en la imagen)","Explicaciones centradas en atributos o características concretas, Explicaciones basadas en reglas o razonamientos paso a paso, Explicaciones visuales (zonas destacadas en la imagen)",False,False,0.6666666666666666,0.6666666666666666,"Transparencia: entender por qué el sistema tomó esa decisión, Eficiencia: comprender la respuesta de forma rápida, Efectividad: recibir una explicación útil para realizar mejor la tarea, Detección de errores(Debugging): detectar fallos, errores o comportamientos inesperados del sistema","Transparencia: entender por qué el sistema tomó esa decisión, Detección de errores(Debugging): detectar fallos, errores o comportamientos inesperados del sistema, Educación: aprender más sobre la imagen, el problema o el funcionamiento del sistema, Escrutinio: evaluar críticamente si la decisión del sistema es adecuada, razonable o justa","Transparencia: entender por qué el sistema tomó esa decisión, Confianza: sentir mayor seguridad en la respuesta del sistema",False,False,0.3333333333333333,0.16666666666666666
C0232,U022,1,260,11,Opción B,Opción A,Opción B,False,True,Media: explicación breve con algo de detalle,Media: explicación breve con algo de detalle,Media: explicación breve con algo de detalle,True,True,"Intermedio: algunos términos técnicos, pero fáciles de seguir","Intermedio: algunos términos técnicos, pero fáciles de seguir","Intermedio: algunos términos técnicos, pero fáciles de seguir",True,True,Texto breve + imagen,Texto breve + imagen,Texto breve + imagen,True,True,Medio: el error podría causar cierta confusión o problema,Medio: el error podría causar cierta confusión o problema,Medio: el error podría causar cierta confusión o problema,True,True,Explicaciones visuales (zonas destacadas en la imagen),"Explicaciones con ejemplos similares, Explicaciones basadas en reglas o razonamientos paso a paso, Explicaciones visuales (zonas destacadas en la imagen)","Explicaciones centradas en atributos o características concretas, Explicaciones basadas en reglas o razonamientos paso a paso, Explicaciones visuales (zonas destacadas en la imagen)",False,False,0.3333333333333333,0.3333333333333333,"Eficiencia: comprender la respuesta de forma rápida, Efectividad: recibir una explicación útil para realizar mejor la tarea, Satisfacción: que la explicación resulte clara y útil para ti, Detección de errores(Debugging): detectar fallos, errores o comportamientos inesperados del sistema","Eficiencia: comprender la respuesta de forma rápida, Efectividad: recibir una explicación útil para realizar mejor la tarea","Transparencia: entender por qué el sistema tomó esa decisión, Confianza: sentir mayor seguridad en la respuesta del sistema",False,False,0.4,0.0
C0243,U023,1,260,11,Opción C,Opción E,Opción B,False,False,Corta: solo lo esencial,Media: explicación breve con algo de detalle,Media: explicación breve con algo de detalle,False,False,Simple: lenguaje claro y sin tecnicismos,"Intermedio: algunos términos técnicos, pero fáciles de seguir","Intermedio: algunos términos técnicos, pero fáciles de seguir",False,False,Texto breve + imagen,Texto breve + imagen,Texto breve + imagen,True,True,Medio: el error podría causar cierta confusión o problema,Medio: el error podría causar cierta confusión o problema,Medio: el error podría causar cierta confusión o problema,True,True,"Explicaciones con ejemplos similares, Explicaciones con comparaciones o contraejemplos, Explicaciones basadas en reglas o razonamientos paso a paso, Explicaciones visuales (zonas destacadas en la imagen)","Explicaciones con ejemplos similares, Explicaciones con comparaciones o contraejemplos, Explicaciones visuales (zonas destacadas en la imagen)","Explicaciones centradas en atributos o características concretas, Explicaciones basadas en reglas o razonamientos paso a paso, Explicaciones visuales (zonas destacadas en la imagen)",False,False,0.75,0.4,"Transparencia: entender por qué el sistema tomó esa decisión, Eficiencia: comprender la respuesta de forma rápida, Confianza: sentir mayor seguridad en la respuesta del sistema, Efectividad: recibir una explicación útil para realizar mejor la tarea, Satisfacción: que la explicación resulte clara y útil para ti, Persuasión: convencerte de que la decisión del sistema está justificada, Detección de errores(Debugging): detectar fallos, errores o comportamientos inesperados del sistema, Educación: aprender más sobre la imagen, el problema o el funcionamiento del sistema, Escrutinio: evaluar críticamente si la decisión del sistema es adecuada, razonable o justa","Transparencia: entender por qué el sistema tomó esa decisión, Detección de errores(Debugging): detectar fallos, errores o comportamientos inesperados del sistema, Educación: aprender más sobre la imagen, el problema o el funcionamiento del sistema, Escrutinio: evaluar críticamente si la decisión del sistema es adecuada, razonable o justa","Transparencia: entender por qué el sistema tomó esa decisión, Confianza: sentir mayor seguridad en la respuesta del sistema",False,False,0.5833333333333334,0.16666666666666666
C0254,U024,1,260,11,Opción B,Opción C,Opción B,False,True,Media: explicación breve con algo de detalle,Media: explicación breve con algo de detalle,Media: explicación breve con algo de detalle,True,True,"Intermedio: algunos términos técnicos, pero fáciles de seguir","Intermedio: algunos términos técnicos, pero fáciles de seguir","Intermedio: algunos términos técnicos, pero fáciles de seguir",True,True,Texto breve + imagen,Texto breve + imagen,Texto breve + imagen,True,True,Medio: el error podría causar cierta confusión o problema,Medio: el error podría causar cierta confusión o problema,Medio: el error podría causar cierta confusión o problema,True,True,"Explicaciones con ejemplos similares, Explicaciones con comparaciones o contraejemplos, Explicaciones visuales (zonas destacadas en la imagen)","Explicaciones con comparaciones o contraejemplos, Explicaciones visuales (zonas destacadas en la imagen)","Explicaciones centradas en atributos o características concretas, Explicaciones basadas en reglas o razonamientos paso a paso, Explicaciones visuales (zonas destacadas en la imagen)",False,False,0.6666666666666666,0.2,"Eficiencia: comprender la respuesta de forma rápida, Satisfacción: que la explicación resulte clara y útil para ti, Detección de errores(Debugging): detectar fallos, errores o comportamientos inesperados del sistema","Transparencia: entender por qué el sistema tomó esa decisión, Eficiencia: comprender la respuesta de forma rápida, Efectividad: recibir una explicación útil para realizar mejor la tarea, Satisfacción: que la explicación resulte clara y útil para ti","Transparencia: entender por qué el sistema tomó esa decisión, Confianza: sentir mayor seguridad en la respuesta del sistema",False,False,0.3333333333333333,0.0
C0265,U025,1,260,11,Opción B,Opción E,Opción B,False,True,Media: explicación breve con algo de detalle,Media: explicación breve con algo de detalle,Media: explicación breve con algo de detalle,True,True,"Intermedio: algunos términos técnicos, pero fáciles de seguir","Intermedio: algunos términos técnicos, pero fáciles de seguir","Intermedio: algunos términos técnicos, pero fáciles de seguir",True,True,Texto breve + imagen,Texto breve + imagen,Texto breve + imagen,True,True,Medio: el error podría causar cierta confusión o problema,Alto: el error podría tener consecuencias importantes,Medio: el error podría causar cierta confusión o problema,False,True,"Explicaciones centradas en atributos o características concretas, Explicaciones basadas en reglas o razonamientos paso a paso, Explicaciones visuales (zonas destacadas en la imagen)","Explicaciones centradas en atributos o características concretas, Explicaciones basadas en reglas o razonamientos paso a paso","Explicaciones centradas en atributos o características concretas, Explicaciones basadas en reglas o razonamientos paso a paso, Explicaciones visuales (zonas destacadas en la imagen)",False,True,0.6666666666666666,1.0,"Transparencia: entender por qué el sistema tomó esa decisión, Detección de errores(Debugging): detectar fallos, errores o comportamientos inesperados del sistema, Escrutinio: evaluar críticamente si la decisión del sistema es adecuada, razonable o justa","Transparencia: entender por qué el sistema tomó esa decisión, Confianza: sentir mayor seguridad en la respuesta del sistema","Transparencia: entender por qué el sistema tomó esa decisión, Confianza: sentir mayor seguridad en la respuesta del sistema",False,False,0.16666666666666666,0.16666666666666666
C0276,U026,1,260,11,Opción A,Opción C,Opción B,False,False,Larga: explicación completa y detallada,Media: explicación breve con algo de detalle,Media: explicación breve con algo de detalle,False,False,"Intermedio: algunos términos técnicos, pero fáciles de seguir","Intermedio: algunos términos técnicos, pero fáciles de seguir","Intermedio: algunos términos técnicos, pero fáciles de seguir",True,True,Principalmente visual,Texto breve + imagen,Texto breve + imagen,False,False,Alto: el error podría tener consecuencias importantes,Medio: el error podría causar cierta confusión o problema,Medio: el error podría causar cierta confusión o problema,False,False,"Explicaciones con ejemplos similares, Explicaciones basadas en reglas o razonamientos paso a paso","Explicaciones centradas en atributos o características concretas, Explicaciones basadas en reglas o razonamientos paso a paso, Explicaciones visuales (zonas destacadas en la imagen)","Explicaciones centradas en atributos o características concretas, Explicaciones basadas en reglas o razonamientos paso a paso, Explicaciones visuales (zonas destacadas en la imagen)",False,False,0.25,0.25,"Transparencia: entender por qué el sistema tomó esa decisión, Confianza: sentir mayor seguridad en la respuesta del sistema, Detección de errores(Debugging): detectar fallos, errores o comportamientos inesperados del sistema, Escrutinio: evaluar críticamente si la decisión del sistema es adecuada, razonable o justa","Confianza: sentir mayor seguridad en la respuesta del sistema, Detección de errores(Debugging): detectar fallos, errores o comportamientos inesperados del sistema, Escrutinio: evaluar críticamente si la decisión del sistema es adecuada, razonable o justa","Transparencia: entender por qué el sistema tomó esa decisión, Confianza: sentir mayor seguridad en la respuesta del sistema",False,False,0.8333333333333334,0.3333333333333333
C0287,U027,1,260,11,Opción B,Opción C,Opción B,False,True,Media: explicación breve con algo de detalle,Media: explicación breve con algo de detalle,Media: explicación breve con algo de detalle,True,True,"Intermedio: algunos términos técnicos, pero fáciles de seguir","Intermedio: algunos términos técnicos, pero fáciles de seguir","Intermedio: algunos términos técnicos, pero fáciles de seguir",True,True,Texto breve + imagen,Texto breve + imagen,Texto breve + imagen,True,True,Alto: el error podría tener consecuencias importantes,Medio: el error podría causar cierta confusión o problema,Medio: el error podría causar cierta confusión o problema,False,False,"Explicaciones centradas en atributos o características concretas, Explicaciones basadas en reglas o razonamientos paso a paso, Explicaciones visuales (zonas destacadas en la imagen)","Explicaciones con comparaciones o contraejemplos, Explicaciones visuales (zonas destacadas en la imagen)","Explicaciones centradas en atributos o características concretas, Explicaciones basadas en reglas o razonamientos paso a paso, Explicaciones visuales (zonas destacadas en la imagen)",False,True,0.25,1.0,"Transparencia: entender por qué el sistema tomó esa decisión, Confianza: sentir mayor seguridad en la respuesta del sistema","Confianza: sentir mayor seguridad en la respuesta del sistema, Detección de errores(Debugging): detectar fallos, errores o comportamientos inesperados del sistema, Escrutinio: evaluar críticamente si la decisión del sistema es adecuada, razonable o justa","Confianza: sentir mayor seguridad en la respuesta del sistema, Detección de errores(Debugging): detectar fallos, errores o comportamientos inesperados del sistema, Escrutinio: evaluar críticamente si la decisión del sistema es adecuada, razonable o justa",False,False,0.16666666666666666,0.16666666666666666
C0002,U001,2,260,11,Opción A,Opción E,Opción B,False,False,Media: explicación breve con algo de detalle,Media: explicación breve con algo de detalle,Media: explicación breve con algo de detalle,True,True,"Intermedio: algunos términos técnicos, pero fáciles de seguir","Intermedio: algunos términos técnicos, pero fáciles de seguir","Intermedio: algunos términos técnicos, pero fáciles de seguir",True,True,Texto breve + imagen,Principalmente visual,Texto breve + imagen,False,True,Medio: el error podría causar cierta confusión o problema,Alto: el error podría tener consecuencias importantes,Medio: el error podría causar cierta confusión o problema,False,True,"Explicaciones basadas en reglas o razonamientos paso a paso, Explicaciones visuales (zonas destacadas en la imagen)","Explicaciones centradas en atributos o características concretas, Explicaciones basadas en reglas o razonamientos paso a paso, Explicaciones visuales (zonas destacadas en la imagen)","Explicaciones centradas en atributos o características concretas, Explicaciones basadas en reglas o razonamientos paso a paso, Explicaciones visuales (zonas destacadas en la imagen)",False,False,0.6666666666666666,0.6666666666666666,"Confianza: sentir mayor seguridad en la respuesta del sistema, Detección de errores(Debugging): detectar fallos, errores o comportamientos inesperados del sistema, Escrutinio: evaluar críticamente si la decisión del sistema es adecuada, razonable o justa","Transparencia: entender por qué el sistema tomó esa decisión, Confianza: sentir mayor seguridad en la respuesta del sistema","Transparencia: entender por qué el sistema tomó esa decisión, Confianza: sentir mayor seguridad en la respuesta del sistema",False,False,0.16666666666666666,0.16666666666666666
C0013,U002,2,260,11,Opción A,Opción A,Opción B,True,False,Media: explicación breve con algo de detalle,Media: explicación breve con algo de detalle,Media: explicación breve con algo de detalle,True,True,Simple: lenguaje claro y sin tecnicismos,"Intermedio: algunos términos técnicos, pero fáciles de seguir","Intermedio: algunos términos técnicos, pero fáciles de seguir",False,False,Texto detallado + imagen,Texto breve + imagen,Texto breve + imagen,False,False,Medio: el error podría causar cierta confusión o problema,Medio: el error podría causar cierta confusión o problema,Medio: el error podría causar cierta confusión o problema,True,True,"Explicaciones con ejemplos similares, Explicaciones con comparaciones o contraejemplos, Explicaciones centradas en atributos o características concretas, Explicaciones basadas en reglas o razonamientos paso a paso, Explicaciones visuales (zonas destacadas en la imagen), No tengo preferencia / me da igual","Explicaciones centradas en atributos o características concretas, Explicaciones basadas en reglas o razonamientos paso a paso, Explicaciones visuales (zonas destacadas en la imagen)","Explicaciones centradas en atributos o características concretas, Explicaciones basadas en reglas o razonamientos paso a paso, Explicaciones visuales (zonas destacadas en la imagen)",False,False,0.5,0.5,"Transparencia: entender por qué el sistema tomó esa decisión, Efectividad: recibir una explicación útil para realizar mejor la tarea, Satisfacción: que la explicación resulte clara y útil para ti, Educación: aprender más sobre la imagen, el problema o el funcionamiento del sistema, Escrutinio: evaluar críticamente si la decisión del sistema es adecuada, razonable o justa","Transparencia: entender por qué el sistema tomó esa decisión, Detección de errores(Debugging): detectar fallos, errores o comportamientos inesperados del sistema, Educación: aprender más sobre la imagen, el problema o el funcionamiento del sistema, Escrutinio: evaluar críticamente si la decisión del sistema es adecuada, razonable o justa","Transparencia: entender por qué el sistema tomó esa decisión, Confianza: sentir mayor seguridad en la respuesta del sistema",False,False,0.5555555555555556,0.125
C0024,U003,2,260,11,Opción B,Opción A,Opción B,False,True,Corta: solo lo esencial,Media: explicación breve con algo de detalle,Media: explicación breve con algo de detalle,False,False,Técnico: explicación más especializada y precisa,"Intermedio: algunos términos técnicos, pero fáciles de seguir","Intermedio: algunos términos técnicos, pero fáciles de seguir",False,False,Texto breve + imagen,Texto detallado + imagen,Texto breve + imagen,False,True,Alto: el error podría tener consecuencias importantes,Medio: el error podría causar cierta confusión o problema,Medio: el error podría causar cierta confusión o problema,False,False,"Explicaciones con ejemplos similares, Explicaciones con comparaciones o contraejemplos, Explicaciones visuales (zonas destacadas en la imagen)","Explicaciones con ejemplos similares, Explicaciones con comparaciones o contraejemplos, Explicaciones basadas en reglas o razonamientos paso a paso, Explicaciones visuales (zonas destacadas en la imagen)","Explicaciones centradas en atributos o características concretas, Explicaciones basadas en reglas o razonamientos paso a paso, Explicaciones visuales (zonas destacadas en la imagen)",False,False,0.75,0.2,"Transparencia: entender por qué el sistema tomó esa decisión, Satisfacción: que la explicación resulte clara y útil para ti, Detección de errores(Debugging): detectar fallos, errores o comportamientos inesperados del sistema, Educación: aprender más sobre la imagen, el problema o el funcionamiento del sistema","Transparencia: entender por qué el sistema tomó esa decisión, Eficiencia: comprender la respuesta de forma rápida, Efectividad: recibir una explicación útil para realizar mejor la tarea, Persuasión: convencerte de que la decisión del sistema está justificada, Detección de errores(Debugging): detectar fallos, errores o comportamientos inesperados del sistema, Escrutinio: evaluar críticamente si la decisión del sistema es adecuada, razonable o justa","Transparencia: entender por qué el sistema tomó esa decisión, Confianza: sentir mayor seguridad en la respuesta del sistema",False,False,0.2727272727272727,0.14285714285714285
C0035,U004,2,260,11,Opción A,Opción A,Opción B,True,False,Larga: explicación completa y detallada,Media: explicación breve con algo de detalle,Media: explicación breve con algo de detalle,False,False,"Intermedio: algunos términos técnicos, pero fáciles de seguir","Intermedio: algunos términos técnicos, pero fáciles de seguir","Intermedio: algunos términos técnicos, pero fáciles de seguir",True,True,Principalmente visual,Texto breve + imagen,Texto breve + imagen,False,False,Medio: el error podría causar cierta confusión o problema,Alto: el error podría tener consecuencias importantes,Medio: el error podría causar cierta confusión o problema,False,True,"Explicaciones centradas en atributos o características concretas, Explicaciones basadas en reglas o razonamientos paso a paso, Explicaciones visuales (zonas destacadas en la imagen)","Explicaciones con comparaciones o contraejemplos, Explicaciones visuales (zonas destacadas en la imagen)","Explicaciones centradas en atributos o características concretas, Explicaciones basadas en reglas o razonamientos paso a paso, Explicaciones visuales (zonas destacadas en la imagen)",False,True,0.25,1.0,"Transparencia: entender por qué el sistema tomó esa decisión, Eficiencia: comprender la respuesta de forma rápida, Satisfacción: que la explicación resulte clara y útil para ti","Transparencia: entender por qué el sistema tomó esa decisión, Detección de errores(Debugging): detectar fallos, errores o comportamientos inesperados del sistema, Educación: aprender más sobre la imagen, el problema o el funcionamiento del sistema, Escrutinio: evaluar críticamente si la decisión del sistema es adecuada, razonable o justa","Transparencia: entender por qué el sistema tomó esa decisión, Confianza: sentir mayor seguridad en la respuesta del sistema",False,False,0.1111111111111111,0.25
C0046,U005,2,260,11,Opción B,Opción E,Opción B,False,True,Media: explicación breve con algo de detalle,Media: explicación breve con algo de detalle,Media: explicación breve con algo de detalle,True,True,"Intermedio: algunos términos técnicos, pero fáciles de seguir","Intermedio: algunos términos técnicos, pero fáciles de seguir","Intermedio: algunos términos técnicos, pero fáciles de seguir",True,True,Texto breve + imagen,Texto breve + imagen,Texto breve + imagen,True,True,Medio: el error podría causar cierta confusión o problema,Medio: el error podría causar cierta confusión o problema,Medio: el error podría causar cierta confusión o problema,True,True,"Explicaciones con ejemplos similares, Explicaciones con comparaciones o contraejemplos, Explicaciones visuales (zonas destacadas en la imagen)","Explicaciones con comparaciones o contraejemplos, Explicaciones centradas en atributos o características concretas, Explicaciones visuales (zonas destacadas en la imagen)","Explicaciones centradas en atributos o características concretas, Explicaciones basadas en reglas o razonamientos paso a paso, Explicaciones visuales (zonas destacadas en la imagen)",False,False,0.5,0.2,"Transparencia: entender por qué el sistema tomó esa decisión, Eficiencia: comprender la respuesta de forma rápida, Confianza: sentir mayor seguridad en la respuesta del sistema","Eficiencia: comprender la respuesta de forma rápida, Satisfacción: que la explicación resulte clara y útil para ti, Detección de errores(Debugging): detectar fallos, errores o comportamientos inesperados del sistema","Transparencia: entender por qué el sistema tomó esa decisión, Confianza: sentir mayor seguridad en la respuesta del sistema",False,False,0.16666666666666666,0.6666666666666666
C0057,U006,2,260,11,Opción B,Opción B,Opción B,True,True,Corta: solo lo esencial,Media: explicación breve con algo de detalle,Media: explicación breve con algo de detalle,False,False,"Intermedio: algunos términos técnicos, pero fáciles de seguir","Intermedio: algunos términos técnicos, pero fáciles de seguir","Intermedio: algunos términos técnicos, pero fáciles de seguir",True,True,Texto breve + imagen,Texto breve + imagen,Texto breve + imagen,True,True,Medio: el error podría causar cierta confusión o problema,Medio: el error podría causar cierta confusión o problema,Medio: el error podría causar cierta confusión o problema,True,True,"Explicaciones centradas en atributos o características concretas, Explicaciones basadas en reglas o razonamientos paso a paso","Explicaciones con comparaciones o contraejemplos, Explicaciones centradas en atributos o características concretas, Explicaciones basadas en reglas o razonamientos paso a paso","Explicaciones centradas en atributos o características concretas, Explicaciones basadas en reglas o razonamientos paso a paso, Explicaciones visuales (zonas destacadas en la imagen)",False,False,0.6666666666666666,0.6666666666666666,"Transparencia: entender por qué el sistema tomó esa decisión, Confianza: sentir mayor seguridad en la respuesta del sistema","Transparencia: entender por qué el sistema tomó esa decisión, Confianza: sentir mayor seguridad en la respuesta del sistema, Efectividad: recibir una explicación útil para realizar mejor la tarea, Satisfacción: que la explicación resulte clara y útil para ti, Detección de errores(Debugging): detectar fallos, errores o comportamientos inesperados del sistema, Educación: aprender más sobre la imagen, el problema o el funcionamiento del sistema, Escrutinio: evaluar críticamente si la decisión del sistema es adecuada, razonable o justa","Confianza: sentir mayor seguridad en la respuesta del sistema, Detección de errores(Debugging): detectar fallos, errores o comportamientos inesperados del sistema, Escrutinio: evaluar críticamente si la decisión del sistema es adecuada, razonable o justa",False,False,0.2,0.16666666666666666
C0068,U007,2,260,11,Opción B,Opción E,Opción B,False,True,Corta: solo lo esencial,Media: explicación breve con algo de detalle,Media: explicación breve con algo de detalle,False,False,Simple: lenguaje claro y sin tecnicismos,"Intermedio: algunos términos técnicos, pero fáciles de seguir","Intermedio: algunos términos técnicos, pero fáciles de seguir",False,False,Texto breve + imagen,Texto breve + imagen,Texto breve + imagen,True,True,Bajo: el error apenas tendría consecuencias,Medio: el error podría causar cierta confusión o problema,Medio: el error podría causar cierta confusión o problema,False,False,"Explicaciones centradas en atributos o características concretas, Explicaciones basadas en reglas o razonamientos paso a paso","Explicaciones con ejemplos similares, Explicaciones con comparaciones o contraejemplos, Explicaciones visuales (zonas destacadas en la imagen)","Explicaciones centradas en atributos o características concretas, Explicaciones basadas en reglas o razonamientos paso a paso, Explicaciones visuales (zonas destacadas en la imagen)",False,False,0.0,0.6666666666666666,"Transparencia: entender por qué el sistema tomó esa decisión, Confianza: sentir mayor seguridad en la respuesta del sistema, Satisfacción: que la explicación resulte clara y útil para ti, Persuasión: convencerte de que la decisión del sistema está justificada, Detección de errores(Debugging): detectar fallos, errores o comportamientos inesperados del sistema","Transparencia: entender por qué el sistema tomó esa decisión, Eficiencia: comprender la respuesta de forma rápida, Confianza: sentir mayor seguridad en la respuesta del sistema","Transparencia: entender por qué el sistema tomó esa decisión, Confianza: sentir mayor seguridad en la respuesta del sistema",False,False,0.2857142857142857,0.3333333333333333
C0079,U008,2,260,11,Opción A,Opción E,Opción B,False,False,Media: explicación breve con algo de detalle,Media: explicación breve con algo de detalle,Media: explicación breve con algo de detalle,True,True,"Intermedio: algunos términos técnicos, pero fáciles de seguir","Intermedio: algunos términos técnicos, pero fáciles de seguir","Intermedio: algunos términos técnicos, pero fáciles de seguir",True,True,Texto breve + imagen,Texto breve + imagen,Texto breve + imagen,True,True,Medio: el error podría causar cierta confusión o problema,Medio: el error podría causar cierta confusión o problema,Medio: el error podría causar cierta confusión o problema,True,True,"Explicaciones con ejemplos similares, Explicaciones con comparaciones o contraejemplos","Explicaciones con ejemplos similares, Explicaciones con comparaciones o contraejemplos, Explicaciones visuales (zonas destacadas en la imagen)","Explicaciones centradas en atributos o características concretas, Explicaciones basadas en reglas o razonamientos paso a paso, Explicaciones visuales (zonas destacadas en la imagen)",False,False,0.6666666666666666,0.0,"Transparencia: entender por qué el sistema tomó esa decisión, Eficiencia: comprender la respuesta de forma rápida, Efectividad: recibir una explicación útil para realizar mejor la tarea, Satisfacción: que la explicación resulte clara y útil para ti","Eficiencia: comprender la respuesta de forma rápida, Satisfacción: que la explicación resulte clara y útil para ti, Detección de errores(Debugging): detectar fallos, errores o comportamientos inesperados del sistema","Transparencia: entender por qué el sistema tomó esa decisión, Confianza: sentir mayor seguridad en la respuesta del sistema",False,False,0.3333333333333333,0.2
C0090,U009,2,260,11,Opción A,Opción B,Opción B,False,False,Media: explicación breve con algo de detalle,Media: explicación breve con algo de detalle,Media: explicación breve con algo de detalle,True,True,Simple: lenguaje claro y sin tecnicismos,"Intermedio: algunos términos técnicos, pero fáciles de seguir","Intermedio: algunos términos técnicos, pero fáciles de seguir",False,False,Texto breve + imagen,Texto breve + imagen,Texto breve + imagen,True,True,Medio: el error podría causar cierta confusión o problema,Medio: el error podría causar cierta confusión o problema,Medio: el error podría causar cierta confusión o problema,True,True,"Explicaciones con ejemplos similares, Explicaciones basadas en reglas o razonamientos paso a paso, Explicaciones visuales (zonas destacadas en la imagen)","Explicaciones centradas en atributos o características concretas, Explicaciones basadas en reglas o razonamientos paso a paso","Explicaciones centradas en atributos o características concretas, Explicaciones basadas en reglas o razonamientos paso a paso, Explicaciones visuales (zonas destacadas en la imagen)",False,False,0.25,0.5,"Eficiencia: comprender la respuesta de forma rápida, Efectividad: recibir una explicación útil para realizar mejor la tarea","Transparencia: entender por qué el sistema tomó esa decisión, Confianza: sentir mayor seguridad en la respuesta del sistema","Transparencia: entender por qué el sistema tomó esa decisión, Confianza: sentir mayor seguridad en la respuesta del sistema",False,False,0.0,0.0
C0101,U010,2,260,11,Opción C,Opción E,Opción B,False,False,Corta: solo lo esencial,Media: explicación breve con algo de detalle,Media: explicación breve con algo de detalle,False,False,Simple: lenguaje claro y sin tecnicismos,"Intermedio: algunos términos técnicos, pero fáciles de seguir","Intermedio: algunos términos técnicos, pero fáciles de seguir",False,False,Me da igual,Texto breve + imagen,Texto breve + imagen,False,False,Medio: el error podría causar cierta confusión o problema,Medio: el error podría causar cierta confusión o problema,Medio: el error podría causar cierta confusión o problema,True,True,No tengo preferencia / me da igual,"Explicaciones con comparaciones o contraejemplos, Explicaciones visuales (zonas destacadas en la imagen)","Explicaciones centradas en atributos o características concretas, Explicaciones basadas en reglas o razonamientos paso a paso, Explicaciones visuales (zonas destacadas en la imagen)",False,False,0.0,0.0,"Eficiencia: comprender la respuesta de forma rápida, Confianza: sentir mayor seguridad en la respuesta del sistema","Transparencia: entender por qué el sistema tomó esa decisión, Detección de errores(Debugging): detectar fallos, errores o comportamientos inesperados del sistema, Educación: aprender más sobre la imagen, el problema o el funcionamiento del sistema","Transparencia: entender por qué el sistema tomó esa decisión, Confianza: sentir mayor seguridad en la respuesta del sistema",False,False,0.0,0.3333333333333333
C0112,U011,2,260,11,Opción F (Ninguna),Opción A,Opción B,False,False,Media: explicación breve con algo de detalle,Media: explicación breve con algo de detalle,Media: explicación breve con algo de detalle,True,True,"Intermedio: algunos términos técnicos, pero fáciles de seguir","Intermedio: algunos términos técnicos, pero fáciles de seguir","Intermedio: algunos términos técnicos, pero fáciles de seguir",True,True,Texto detallado + imagen,Texto breve + imagen,Texto breve + imagen,False,False,Medio: el error podría causar cierta confusión o problema,Medio: el error podría causar cierta confusión o problema,Medio: el error podría causar cierta confusión o problema,True,True,"Explicaciones con ejemplos similares, Explicaciones con comparaciones o contraejemplos, Explicaciones basadas en reglas o razonamientos paso a paso, Explicaciones visuales (zonas destacadas en la imagen)","Explicaciones con ejemplos similares, Explicaciones con comparaciones o contraejemplos, Explicaciones visuales (zonas destacadas en la imagen)","Explicaciones centradas en atributos o características concretas, Explicaciones basadas en reglas o razonamientos paso a paso, Explicaciones visuales (zonas destacadas en la imagen)",False,False,0.75,0.4,"Transparencia: entender por qué el sistema tomó esa decisión, Eficiencia: comprender la respuesta de forma rápida, Efectividad: recibir una explicación útil para realizar mejor la tarea, Persuasión: convencerte de que la decisión del sistema está justificada, Detección de errores(Debugging): detectar fallos, errores o comportamientos inesperados del sistema, Escrutinio: evaluar críticamente si la decisión del sistema es adecuada, razonable o justa","Transparencia: entender por qué el sistema tomó esa decisión, Satisfacción: que la explicación resulte clara y útil para ti, Detección de errores(Debugging): detectar fallos, errores o comportamientos inesperados del sistema, Educación: aprender más sobre la imagen, el problema o el funcionamiento del sistema","Transparencia: entender por qué el sistema tomó esa decisión, Confianza: sentir mayor seguridad en la respuesta del sistema",False,False,0.2727272727272727,0.1111111111111111
C0123,U012,2,260,11,Opción B,Opción E,Opción B,False,True,Corta: solo lo esencial,Media: explicación breve con algo de detalle,Media: explicación breve con algo de detalle,False,False,"Intermedio: algunos términos técnicos, pero fáciles de seguir","Intermedio: algunos términos técnicos, pero fáciles de seguir","Intermedio: algunos términos técnicos, pero fáciles de seguir",True,True,Texto breve + imagen,Texto breve + imagen,Texto breve + imagen,True,True,Alto: el error podría tener consecuencias importantes,Medio: el error podría causar cierta confusión o problema,Medio: el error podría causar cierta confusión o problema,False,False,"Explicaciones con comparaciones o contraejemplos, Explicaciones centradas en atributos o características concretas, Explicaciones visuales (zonas destacadas en la imagen)","Explicaciones con ejemplos similares, Explicaciones con comparaciones o contraejemplos, Explicaciones visuales (zonas destacadas en la imagen)","Explicaciones centradas en atributos o características concretas, Explicaciones basadas en reglas o razonamientos paso a paso, Explicaciones visuales (zonas destacadas en la imagen)",False,False,0.5,0.5,"Transparencia: entender por qué el sistema tomó esa decisión, Eficiencia: comprender la respuesta de forma rápida, Satisfacción: que la explicación resulte clara y útil para ti, Detección de errores(Debugging): detectar fallos, errores o comportamientos inesperados del sistema, Escrutinio: evaluar críticamente si la decisión del sistema es adecuada, razonable o justa","Confianza: sentir mayor seguridad en la respuesta del sistema, Efectividad: recibir una explicación útil para realizar mejor la tarea, Satisfacción: que la explicación resulte clara y útil para ti, Detección de errores(Debugging): detectar fallos, errores o comportamientos inesperados del sistema","Transparencia: entender por qué el sistema tomó esa decisión, Confianza: sentir mayor seguridad en la respuesta del sistema",False,False,0.3333333333333333,0.125
C0134,U013,2,260,11,Opción C,Opción E,Opción B,False,False,Corta: solo lo esencial,Media: explicación breve con algo de detalle,Media: explicación breve con algo de detalle,False,False,Simple: lenguaje claro y sin tecnicismos,"Intermedio: algunos términos técnicos, pero fáciles de seguir","Intermedio: algunos términos técnicos, pero fáciles de seguir",False,False,Me da igual,Texto breve + imagen,Texto breve + imagen,False,False,Medio: el error podría causar cierta confusión o problema,Medio: el error podría causar cierta confusión o problema,Medio: el error podría causar cierta confusión o problema,True,True,No tengo preferencia / me da igual,No tengo preferencia / me da igual,"Explicaciones centradas en atributos o características concretas, Explicaciones basadas en reglas o razonamientos paso a paso, Explicaciones visuales (zonas destacadas en la imagen)",True,False,1.0,0.0,"Educación: aprender más sobre la imagen, el problema o el funcionamiento del sistema","Eficiencia: comprender la respuesta de forma rápida, Confianza: sentir mayor seguridad en la respuesta del sistema","Transparencia: entender por qué el sistema tomó esa decisión, Confianza: sentir mayor seguridad en la respuesta del sistema",False,False,0.0,0.0
C0145,U014,2,260,11,Opción B,Opción E,Opción B,False,True,Larga: explicación completa y detallada,Media: explicación breve con algo de detalle,Media: explicación breve con algo de detalle,False,False,"Intermedio: algunos términos técnicos, pero fáciles de seguir","Intermedio: algunos términos técnicos, pero fáciles de seguir","Intermedio: algunos términos técnicos, pero fáciles de seguir",True,True,Texto detallado + imagen,Texto breve + imagen,Texto breve + imagen,False,False,Medio: el error podría causar cierta confusión o problema,Medio: el error podría causar cierta confusión o problema,Medio: el error podría causar cierta confusión o problema,True,True,"Explicaciones con comparaciones o contraejemplos, Explicaciones centradas en atributos o características concretas, Explicaciones basadas en reglas o razonamientos paso a paso","Explicaciones con comparaciones o contraejemplos, Explicaciones visuales (zonas destacadas en la imagen)","Explicaciones centradas en atributos o características concretas, Explicaciones basadas en reglas o razonamientos paso a paso, Explicaciones visuales (zonas destacadas en la imagen)",False,False,0.25,0.5,"Transparencia: entender por qué el sistema tomó esa decisión, Confianza: sentir mayor seguridad en la respuesta del sistema, Efectividad: recibir una explicación útil para realizar mejor la tarea, Satisfacción: que la explicación resulte clara y útil para ti, Detección de errores(Debugging): detectar fallos, errores o comportamientos inesperados del sistema, Educación: aprender más sobre la imagen, el problema o el funcionamiento del sistema, Escrutinio: evaluar críticamente si la decisión del sistema es adecuada, razonable o justa","Transparencia: entender por qué el sistema tomó esa decisión, Confianza: sentir mayor seguridad en la respuesta del sistema","Transparencia: entender por qué el sistema tomó esa decisión, Confianza: sentir mayor seguridad en la respuesta del sistema",False,False,0.2,0.2
C0156,U015,2,260,11,Opción C,Opción E,Opción B,False,False,Media: explicación breve con algo de detalle,Media: explicación breve con algo de detalle,Media: explicación breve con algo de detalle,True,True,"Intermedio: algunos términos técnicos, pero fáciles de seguir","Intermedio: algunos términos técnicos, pero fáciles de seguir","Intermedio: algunos términos técnicos, pero fáciles de seguir",True,True,Texto detallado + imagen,Texto breve + imagen,Texto breve + imagen,False,False,Alto: el error podría tener consecuencias importantes,Medio: el error podría causar cierta confusión o problema,Medio: el error podría causar cierta confusión o problema,False,False,"Explicaciones con comparaciones o contraejemplos, Explicaciones visuales (zonas destacadas en la imagen)","Explicaciones centradas en atributos o características concretas, Explicaciones basadas en reglas o razonamientos paso a paso, Explicaciones visuales (zonas destacadas en la imagen)","Explicaciones centradas en atributos o características concretas, Explicaciones basadas en reglas o razonamientos paso a paso, Explicaciones visuales (zonas destacadas en la imagen)",False,False,0.25,0.25,"Transparencia: entender por qué el sistema tomó esa decisión, Detección de errores(Debugging): detectar fallos, errores o comportamientos inesperados del sistema, Educación: aprender más sobre la imagen, el problema o el funcionamiento del sistema, Escrutinio: evaluar críticamente si la decisión del sistema es adecuada, razonable o justa","Confianza: sentir mayor seguridad en la respuesta del sistema, Detección de errores(Debugging): detectar fallos, errores o comportamientos inesperados del sistema, Escrutinio: evaluar críticamente si la decisión del sistema es adecuada, razonable o justa","Transparencia: entender por qué el sistema tomó esa decisión, Confianza: sentir mayor seguridad en la respuesta del sistema",False,False,0.5,0.125
C0167,U016,2,260,11,Opción E,Opción E,Opción B,True,False,Media: explicación breve con algo de detalle,Media: explicación breve con algo de detalle,Media: explicación breve con algo de detalle,True,True,"Intermedio: algunos términos técnicos, pero fáciles de seguir","Intermedio: algunos términos técnicos, pero fáciles de seguir","Intermedio: algunos términos técnicos, pero fáciles de seguir",True,True,Texto breve + imagen,Texto breve + imagen,Texto breve + imagen,True,True,Medio: el error podría causar cierta confusión o problema,Medio: el error podría causar cierta confusión o problema,Medio: el error podría causar cierta confusión o problema,True,True,"Explicaciones con ejemplos similares, Explicaciones basadas en reglas o razonamientos paso a paso, Explicaciones visuales (zonas destacadas en la imagen)","Explicaciones con ejemplos similares, Explicaciones con comparaciones o contraejemplos, Explicaciones visuales (zonas destacadas en la imagen)","Explicaciones centradas en atributos o características concretas, Explicaciones basadas en reglas o razonamientos paso a paso, Explicaciones visuales (zonas destacadas en la imagen)",False,False,0.5,0.5,"Confianza: sentir mayor seguridad en la respuesta del sistema, Efectividad: recibir una explicación útil para realizar mejor la tarea, Satisfacción: que la explicación resulte clara y útil para ti, Detección de errores(Debugging): detectar fallos, errores o comportamientos inesperados del sistema","Efectividad: recibir una explicación útil para realizar mejor la tarea, Satisfacción: que la explicación resulte clara y útil para ti","Transparencia: entender por qué el sistema tomó esa decisión, Confianza: sentir mayor seguridad en la respuesta del sistema",False,False,0.4,0.16666666666666666
C0178,U017,2,260,11,Opción A,Opción E,Opción B,False,False,Media: explicación breve con algo de detalle,Media: explicación breve con algo de detalle,Media: explicación breve con algo de detalle,True,True,"Intermedio: algunos términos técnicos, pero fáciles de seguir","Intermedio: algunos términos técnicos, pero fáciles de seguir","Intermedio: algunos términos técnicos, pero fáciles de seguir",True,True,Principalmente visual,Texto breve + imagen,Texto breve + imagen,False,False,Alto: el error podría tener consecuencias importantes,Medio: el error podría causar cierta confusión o problema,Medio: el error podría causar cierta confusión o problema,False,False,"Explicaciones con comparaciones o contraejemplos, Explicaciones visuales (zonas destacadas en la imagen)","Explicaciones con ejemplos similares, Explicaciones con comparaciones o contraejemplos, Explicaciones visuales (zonas destacadas en la imagen)","Explicaciones centradas en atributos o características concretas, Explicaciones basadas en reglas o razonamientos paso a paso, Explicaciones visuales (zonas destacadas en la imagen)",False,False,0.6666666666666666,0.25,"Transparencia: entender por qué el sistema tomó esa decisión, Detección de errores(Debugging): detectar fallos, errores o comportamientos inesperados del sistema, Educación: aprender más sobre la imagen, el problema o el funcionamiento del sistema","Eficiencia: comprender la respuesta de forma rápida, Confianza: sentir mayor seguridad en la respuesta del sistema","Transparencia: entender por qué el sistema tomó esa decisión, Confianza: sentir mayor seguridad en la respuesta del sistema",False,False,0.0,0.16666666666666666
C0189,U018,2,260,11,Opción D,Opción E,Opción B,False,False,Media: explicación breve con algo de detalle,Media: explicación breve con algo de detalle,Media: explicación breve con algo de detalle,True,True,"Intermedio: algunos términos técnicos, pero fáciles de seguir","Intermedio: algunos términos técnicos, pero fáciles de seguir","Intermedio: algunos términos técnicos, pero fáciles de seguir",True,True,Texto breve + imagen,Texto breve + imagen,Texto breve + imagen,True,True,Medio: el error podría causar cierta confusión o problema,Medio: el error podría causar cierta confusión o problema,Medio: el error podría causar cierta confusión o problema,True,True,Explicaciones con comparaciones o contraejemplos,"Explicaciones con ejemplos similares, Explicaciones basadas en reglas o razonamientos paso a paso, Explicaciones visuales (zonas destacadas en la imagen)","Explicaciones centradas en atributos o características concretas, Explicaciones basadas en reglas o razonamientos paso a paso, Explicaciones visuales (zonas destacadas en la imagen)",False,False,0.0,0.0,"Efectividad: recibir una explicación útil para realizar mejor la tarea, Satisfacción: que la explicación resulte clara y útil para ti","Confianza: sentir mayor seguridad en la respuesta del sistema, Efectividad: recibir una explicación útil para realizar mejor la tarea, Satisfacción: que la explicación resulte clara y útil para ti, Detección de errores(Debugging): detectar fallos, errores o comportamientos inesperados del sistema","Transparencia: entender por qué el sistema tomó esa decisión, Confianza: sentir mayor seguridad en la respuesta del sistema",False,False,0.4,0.0
C0200,U019,2,260,11,Opción B,Opción A,Opción B,False,True,Media: explicación breve con algo de detalle,Media: explicación breve con algo de detalle,Media: explicación breve con algo de detalle,True,True,"Intermedio: algunos términos técnicos, pero fáciles de seguir","Intermedio: algunos términos técnicos, pero fáciles de seguir","Intermedio: algunos términos técnicos, pero fáciles de seguir",True,True,Texto detallado + imagen,Texto breve + imagen,Texto breve + imagen,False,False,Alto: el error podría tener consecuencias importantes,Medio: el error podría causar cierta confusión o problema,Medio: el error podría causar cierta confusión o problema,False,False,"Explicaciones con ejemplos similares, Explicaciones con comparaciones o contraejemplos, Explicaciones centradas en atributos o características concretas","Explicaciones centradas en atributos o características concretas, Explicaciones basadas en reglas o razonamientos paso a paso, Explicaciones visuales (zonas destacadas en la imagen)","Explicaciones centradas en atributos o características concretas, Explicaciones basadas en reglas o razonamientos paso a paso, Explicaciones visuales (zonas destacadas en la imagen)",False,False,0.2,0.2,"Transparencia: entender por qué el sistema tomó esa decisión, Confianza: sentir mayor seguridad en la respuesta del sistema, Efectividad: recibir una explicación útil para realizar mejor la tarea, Satisfacción: que la explicación resulte clara y útil para ti","Transparencia: entender por qué el sistema tomó esa decisión, Detección de errores(Debugging): detectar fallos, errores o comportamientos inesperados del sistema, Escrutinio: evaluar críticamente si la decisión del sistema es adecuada, razonable o justa","Transparencia: entender por qué el sistema tomó esa decisión, Confianza: sentir mayor seguridad en la respuesta del sistema",False,False,0.125,0.5
C0211,U020,2,260,11,Opción A,Opción E,Opción B,False,False,Media: explicación breve con algo de detalle,Media: explicación breve con algo de detalle,Media: explicación breve con algo de detalle,True,True,"Intermedio: algunos términos técnicos, pero fáciles de seguir","Intermedio: algunos términos técnicos, pero fáciles de seguir","Intermedio: algunos términos técnicos, pero fáciles de seguir",True,True,Texto detallado + imagen,Texto breve + imagen,Texto breve + imagen,False,False,Alto: el error podría tener consecuencias importantes,Medio: el error podría causar cierta confusión o problema,Medio: el error podría causar cierta confusión o problema,False,False,"Explicaciones centradas en atributos o características concretas, Explicaciones basadas en reglas o razonamientos paso a paso, Explicaciones visuales (zonas destacadas en la imagen)",No tengo preferencia / me da igual,"Explicaciones centradas en atributos o características concretas, Explicaciones basadas en reglas o razonamientos paso a paso, Explicaciones visuales (zonas destacadas en la imagen)",False,True,0.0,1.0,"Transparencia: entender por qué el sistema tomó esa decisión, Confianza: sentir mayor seguridad en la respuesta del sistema, Satisfacción: que la explicación resulte clara y útil para ti, Educación: aprender más sobre la imagen, el problema o el funcionamiento del sistema","Eficiencia: comprender la respuesta de forma rápida, Confianza: sentir mayor seguridad en la respuesta del sistema","Transparencia: entender por qué el sistema tomó esa decisión, Confianza: sentir mayor seguridad en la respuesta del sistema",False,False,0.16666666666666666,0.4
C0222,U021,2,260,11,Opción B,Opción A,Opción B,False,True,Media: explicación breve con algo de detalle,Media: explicación breve con algo de detalle,Media: explicación breve con algo de detalle,True,True,"Intermedio: algunos términos técnicos, pero fáciles de seguir","Intermedio: algunos términos técnicos, pero fáciles de seguir","Intermedio: algunos términos técnicos, pero fáciles de seguir",True,True,Texto breve + imagen,Texto breve + imagen,Texto breve + imagen,True,True,Alto: el error podría tener consecuencias importantes,Medio: el error podría causar cierta confusión o problema,Medio: el error podría causar cierta confusión o problema,False,False,"Explicaciones centradas en atributos o características concretas, Explicaciones visuales (zonas destacadas en la imagen)","Explicaciones centradas en atributos o características concretas, Explicaciones basadas en reglas o razonamientos paso a paso, Explicaciones visuales (zonas destacadas en la imagen)","Explicaciones centradas en atributos o características concretas, Explicaciones basadas en reglas o razonamientos paso a paso, Explicaciones visuales (zonas destacadas en la imagen)",False,False,0.6666666666666666,0.6666666666666666,"Transparencia: entender por qué el sistema tomó esa decisión, Eficiencia: comprender la respuesta de forma rápida, Efectividad: recibir una explicación útil para realizar mejor la tarea, Detección de errores(Debugging): detectar fallos, errores o comportamientos inesperados del sistema","Transparencia: entender por qué el sistema tomó esa decisión, Detección de errores(Debugging): detectar fallos, errores o comportamientos inesperados del sistema, Educación: aprender más sobre la imagen, el problema o el funcionamiento del sistema, Escrutinio: evaluar críticamente si la decisión del sistema es adecuada, razonable o justa","Transparencia: entender por qué el sistema tomó esa decisión, Confianza: sentir mayor seguridad en la respuesta del sistema",False,False,0.3333333333333333,0.16666666666666666
C0233,U022,2,260,11,Opción B,Opción B,Opción B,True,True,Media: explicación breve con algo de detalle,Media: explicación breve con algo de detalle,Media: explicación breve con algo de detalle,True,True,"Intermedio: algunos términos técnicos, pero fáciles de seguir","Intermedio: algunos términos técnicos, pero fáciles de seguir","Intermedio: algunos términos técnicos, pero fáciles de seguir",True,True,Texto breve + imagen,Texto breve + imagen,Texto breve + imagen,True,True,Medio: el error podría causar cierta confusión o problema,Medio: el error podría causar cierta confusión o problema,Medio: el error podría causar cierta confusión o problema,True,True,Explicaciones visuales (zonas destacadas en la imagen),"Explicaciones con ejemplos similares, Explicaciones basadas en reglas o razonamientos paso a paso, Explicaciones visuales (zonas destacadas en la imagen)","Explicaciones centradas en atributos o características concretas, Explicaciones basadas en reglas o razonamientos paso a paso, Explicaciones visuales (zonas destacadas en la imagen)",False,False,0.3333333333333333,0.3333333333333333,"Eficiencia: comprender la respuesta de forma rápida, Efectividad: recibir una explicación útil para realizar mejor la tarea, Satisfacción: que la explicación resulte clara y útil para ti, Detección de errores(Debugging): detectar fallos, errores o comportamientos inesperados del sistema","Eficiencia: comprender la respuesta de forma rápida, Efectividad: recibir una explicación útil para realizar mejor la tarea","Transparencia: entender por qué el sistema tomó esa decisión, Confianza: sentir mayor seguridad en la respuesta del sistema",False,False,0.4,0.0
C0244,U023,2,260,11,Opción E,Opción A,Opción B,False,False,Corta: solo lo esencial,Media: explicación breve con algo de detalle,Media: explicación breve con algo de detalle,False,False,Simple: lenguaje claro y sin tecnicismos,"Intermedio: algunos términos técnicos, pero fáciles de seguir","Intermedio: algunos términos técnicos, pero fáciles de seguir",False,False,Texto breve + imagen,Texto detallado + imagen,Texto breve + imagen,False,True,Medio: el error podría causar cierta confusión o problema,Medio: el error podría causar cierta confusión o problema,Medio: el error podría causar cierta confusión o problema,True,True,"Explicaciones con ejemplos similares, Explicaciones con comparaciones o contraejemplos, Explicaciones basadas en reglas o razonamientos paso a paso, Explicaciones visuales (zonas destacadas en la imagen)","Explicaciones con comparaciones o contraejemplos, Explicaciones visuales (zonas destacadas en la imagen)","Explicaciones centradas en atributos o características concretas, Explicaciones basadas en reglas o razonamientos paso a paso, Explicaciones visuales (zonas destacadas en la imagen)",False,False,0.5,0.4,"Transparencia: entender por qué el sistema tomó esa decisión, Eficiencia: comprender la respuesta de forma rápida, Confianza: sentir mayor seguridad en la respuesta del sistema, Efectividad: recibir una explicación útil para realizar mejor la tarea, Satisfacción: que la explicación resulte clara y útil para ti, Persuasión: convencerte de que la decisión del sistema está justificada, Detección de errores(Debugging): detectar fallos, errores o comportamientos inesperados del sistema, Educación: aprender más sobre la imagen, el problema o el funcionamiento del sistema, Escrutinio: evaluar críticamente si la decisión del sistema es adecuada, razonable o justa","Transparencia: entender por qué el sistema tomó esa decisión, Detección de errores(Debugging): detectar fallos, errores o comportamientos inesperados del sistema, Educación: aprender más sobre la imagen, el problema o el funcionamiento del sistema, Escrutinio: evaluar críticamente si la decisión del sistema es adecuada, razonable o justa","Transparencia: entender por qué el sistema tomó esa decisión, Confianza: sentir mayor seguridad en la respuesta del sistema",False,False,0.5833333333333334,0.16666666666666666
C0255,U024,2,260,11,Opción F (Ninguna),Opción E,Opción B,False,False,Media: explicación breve con algo de detalle,Media: explicación breve con algo de detalle,Media: explicación breve con algo de detalle,True,True,"Intermedio: algunos términos técnicos, pero fáciles de seguir","Intermedio: algunos términos técnicos, pero fáciles de seguir","Intermedio: algunos términos técnicos, pero fáciles de seguir",True,True,Texto breve + imagen,Texto breve + imagen,Texto breve + imagen,True,True,Medio: el error podría causar cierta confusión o problema,Medio: el error podría causar cierta confusión o problema,Medio: el error podría causar cierta confusión o problema,True,True,"Explicaciones con ejemplos similares, Explicaciones con comparaciones o contraejemplos, Explicaciones visuales (zonas destacadas en la imagen)","Explicaciones con ejemplos similares, Explicaciones con comparaciones o contraejemplos","Explicaciones centradas en atributos o características concretas, Explicaciones basadas en reglas o razonamientos paso a paso, Explicaciones visuales (zonas destacadas en la imagen)",False,False,0.6666666666666666,0.2,"Eficiencia: comprender la respuesta de forma rápida, Satisfacción: que la explicación resulte clara y útil para ti, Detección de errores(Debugging): detectar fallos, errores o comportamientos inesperados del sistema","Transparencia: entender por qué el sistema tomó esa decisión, Eficiencia: comprender la respuesta de forma rápida, Efectividad: recibir una explicación útil para realizar mejor la tarea, Satisfacción: que la explicación resulte clara y útil para ti","Transparencia: entender por qué el sistema tomó esa decisión, Confianza: sentir mayor seguridad en la respuesta del sistema",False,False,0.3333333333333333,0.0
C0266,U025,2,260,11,Opción A,Opción B,Opción B,False,False,Media: explicación breve con algo de detalle,Media: explicación breve con algo de detalle,Media: explicación breve con algo de detalle,True,True,"Intermedio: algunos términos técnicos, pero fáciles de seguir","Intermedio: algunos términos técnicos, pero fáciles de seguir","Intermedio: algunos términos técnicos, pero fáciles de seguir",True,True,Texto breve + imagen,Texto breve + imagen,Texto breve + imagen,True,True,Medio: el error podría causar cierta confusión o problema,Alto: el error podría tener consecuencias importantes,Medio: el error podría causar cierta confusión o problema,False,True,"Explicaciones centradas en atributos o características concretas, Explicaciones basadas en reglas o razonamientos paso a paso, Explicaciones visuales (zonas destacadas en la imagen)","Explicaciones centradas en atributos o características concretas, Explicaciones basadas en reglas o razonamientos paso a paso","Explicaciones centradas en atributos o características concretas, Explicaciones basadas en reglas o razonamientos paso a paso, Explicaciones visuales (zonas destacadas en la imagen)",False,True,0.6666666666666666,1.0,"Transparencia: entender por qué el sistema tomó esa decisión, Detección de errores(Debugging): detectar fallos, errores o comportamientos inesperados del sistema, Escrutinio: evaluar críticamente si la decisión del sistema es adecuada, razonable o justa","Transparencia: entender por qué el sistema tomó esa decisión, Confianza: sentir mayor seguridad en la respuesta del sistema","Transparencia: entender por qué el sistema tomó esa decisión, Confianza: sentir mayor seguridad en la respuesta del sistema",False,False,0.16666666666666666,0.16666666666666666
C0277,U026,2,260,11,Opción A,Opción E,Opción B,False,False,Larga: explicación completa y detallada,Media: explicación breve con algo de detalle,Media: explicación breve con algo de detalle,False,False,"Intermedio: algunos términos técnicos, pero fáciles de seguir","Intermedio: algunos términos técnicos, pero fáciles de seguir","Intermedio: algunos términos técnicos, pero fáciles de seguir",True,True,Principalmente visual,Texto breve + imagen,Texto breve + imagen,False,False,Alto: el error podría tener consecuencias importantes,Medio: el error podría causar cierta confusión o problema,Medio: el error podría causar cierta confusión o problema,False,False,"Explicaciones con ejemplos similares, Explicaciones basadas en reglas o razonamientos paso a paso","Explicaciones centradas en atributos o características concretas, Explicaciones basadas en reglas o razonamientos paso a paso, Explicaciones visuales (zonas destacadas en la imagen)","Explicaciones centradas en atributos o características concretas, Explicaciones basadas en reglas o razonamientos paso a paso, Explicaciones visuales (zonas destacadas en la imagen)",False,False,0.25,0.25,"Transparencia: entender por qué el sistema tomó esa decisión, Confianza: sentir mayor seguridad en la respuesta del sistema, Detección de errores(Debugging): detectar fallos, errores o comportamientos inesperados del sistema, Escrutinio: evaluar críticamente si la decisión del sistema es adecuada, razonable o justa","Confianza: sentir mayor seguridad en la respuesta del sistema, Detección de errores(Debugging): detectar fallos, errores o comportamientos inesperados del sistema, Escrutinio: evaluar críticamente si la decisión del sistema es adecuada, razonable o justa","Transparencia: entender por qué el sistema tomó esa decisión, Confianza: sentir mayor seguridad en la respuesta del sistema",False,False,0.8333333333333334,0.3333333333333333
C0288,U027,2,260,11,Opción B,Opción E,Opción B,False,True,Media: explicación breve con algo de detalle,Media: explicación breve con algo de detalle,Media: explicación breve con algo de detalle,True,True,"Intermedio: algunos términos técnicos, pero fáciles de seguir","Intermedio: algunos términos técnicos, pero fáciles de seguir","Intermedio: algunos términos técnicos, pero fáciles de seguir",True,True,Texto breve + imagen,Principalmente visual,Texto breve + imagen,False,True,Alto: el error podría tener consecuencias importantes,Medio: el error podría causar cierta confusión o problema,Medio: el error podría causar cierta confusión o problema,False,False,"Explicaciones centradas en atributos o características concretas, Explicaciones basadas en reglas o razonamientos paso a paso, Explicaciones visuales (zonas destacadas en la imagen)","Explicaciones con comparaciones o contraejemplos, Explicaciones visuales (zonas destacadas en la imagen)","Explicaciones centradas en atributos o características concretas, Explicaciones basadas en reglas o razonamientos paso a paso, Explicaciones visuales (zonas destacadas en la imagen)",False,True,0.25,1.0,"Transparencia: entender por qué el sistema tomó esa decisión, Confianza: sentir mayor seguridad en la respuesta del sistema","Confianza: sentir mayor seguridad en la respuesta del sistema, Detección de errores(Debugging): detectar fallos, errores o comportamientos inesperados del sistema, Escrutinio: evaluar críticamente si la decisión del sistema es adecuada, razonable o justa","Confianza: sentir mayor seguridad en la respuesta del sistema, Detección de errores(Debugging): detectar fallos, errores o comportamientos inesperados del sistema, Escrutinio: evaluar críticamente si la decisión del sistema es adecuada, razonable o justa",False,False,0.16666666666666666,0.16666666666666666
C0003,U001,3,260,11,Opción E,Opción A,Opción B,False,False,Media: explicación breve con algo de detalle,Media: explicación breve con algo de detalle,Media: explicación breve con algo de detalle,True,True,"Intermedio: algunos términos técnicos, pero fáciles de seguir","Intermedio: algunos términos técnicos, pero fáciles de seguir","Intermedio: algunos términos técnicos, pero fáciles de seguir",True,True,Texto breve + imagen,Texto breve + imagen,Texto breve + imagen,True,True,Medio: el error podría causar cierta confusión o problema,Medio: el error podría causar cierta confusión o problema,Medio: el error podría causar cierta confusión o problema,True,True,"Explicaciones basadas en reglas o razonamientos paso a paso, Explicaciones visuales (zonas destacadas en la imagen)","Explicaciones centradas en atributos o características concretas, Explicaciones basadas en reglas o razonamientos paso a paso, Explicaciones visuales (zonas destacadas en la imagen)","Explicaciones centradas en atributos o características concretas, Explicaciones basadas en reglas o razonamientos paso a paso, Explicaciones visuales (zonas destacadas en la imagen)",False,False,0.6666666666666666,0.6666666666666666,"Confianza: sentir mayor seguridad en la respuesta del sistema, Detección de errores(Debugging): detectar fallos, errores o comportamientos inesperados del sistema, Escrutinio: evaluar críticamente si la decisión del sistema es adecuada, razonable o justa","Transparencia: entender por qué el sistema tomó esa decisión, Confianza: sentir mayor seguridad en la respuesta del sistema","Transparencia: entender por qué el sistema tomó esa decisión, Confianza: sentir mayor seguridad en la respuesta del sistema",False,False,0.16666666666666666,0.16666666666666666
C0014,U002,3,260,11,Opción A,Opción B,Opción B,False,False,Media: explicación breve con algo de detalle,Media: explicación breve con algo de detalle,Media: explicación breve con algo de detalle,True,True,Simple: lenguaje claro y sin tecnicismos,"Intermedio: algunos términos técnicos, pero fáciles de seguir","Intermedio: algunos términos técnicos, pero fáciles de seguir",False,False,Texto detallado + imagen,Texto breve + imagen,Texto breve + imagen,False,False,Medio: el error podría causar cierta confusión o problema,Medio: el error podría causar cierta confusión o problema,Medio: el error podría causar cierta confusión o problema,True,True,"Explicaciones con ejemplos similares, Explicaciones con comparaciones o contraejemplos, Explicaciones centradas en atributos o características concretas, Explicaciones basadas en reglas o razonamientos paso a paso, Explicaciones visuales (zonas destacadas en la imagen), No tengo preferencia / me da igual","Explicaciones centradas en atributos o características concretas, Explicaciones basadas en reglas o razonamientos paso a paso, Explicaciones visuales (zonas destacadas en la imagen)","Explicaciones centradas en atributos o características concretas, Explicaciones basadas en reglas o razonamientos paso a paso, Explicaciones visuales (zonas destacadas en la imagen)",False,False,0.5,0.5,"Transparencia: entender por qué el sistema tomó esa decisión, Efectividad: recibir una explicación útil para realizar mejor la tarea, Satisfacción: que la explicación resulte clara y útil para ti, Educación: aprender más sobre la imagen, el problema o el funcionamiento del sistema, Escrutinio: evaluar críticamente si la decisión del sistema es adecuada, razonable o justa","Transparencia: entender por qué el sistema tomó esa decisión, Detección de errores(Debugging): detectar fallos, errores o comportamientos inesperados del sistema, Educación: aprender más sobre la imagen, el problema o el funcionamiento del sistema, Escrutinio: evaluar críticamente si la decisión del sistema es adecuada, razonable o justa","Transparencia: entender por qué el sistema tomó esa decisión, Confianza: sentir mayor seguridad en la respuesta del sistema",False,False,0.5555555555555556,0.125
C0025,U003,3,260,11,Opción A,Opción A,Opción B,True,False,Corta: solo lo esencial,Media: explicación breve con algo de detalle,Media: explicación breve con algo de detalle,False,False,Técnico: explicación más especializada y precisa,"Intermedio: algunos términos técnicos, pero fáciles de seguir","Intermedio: algunos términos técnicos, pero fáciles de seguir",False,False,Texto breve + imagen,Texto breve + imagen,Texto breve + imagen,True,True,Alto: el error podría tener consecuencias importantes,Medio: el error podría causar cierta confusión o problema,Medio: el error podría causar cierta confusión o problema,False,False,"Explicaciones con ejemplos similares, Explicaciones con comparaciones o contraejemplos, Explicaciones visuales (zonas destacadas en la imagen)","Explicaciones con ejemplos similares, Explicaciones con comparaciones o contraejemplos, Explicaciones basadas en reglas o razonamientos paso a paso, Explicaciones visuales (zonas destacadas en la imagen)","Explicaciones centradas en atributos o características concretas, Explicaciones basadas en reglas o razonamientos paso a paso, Explicaciones visuales (zonas destacadas en la imagen)",False,False,0.75,0.2,"Transparencia: entender por qué el sistema tomó esa decisión, Satisfacción: que la explicación resulte clara y útil para ti, Detección de errores(Debugging): detectar fallos, errores o comportamientos inesperados del sistema, Educación: aprender más sobre la imagen, el problema o el funcionamiento del sistema","Transparencia: entender por qué el sistema tomó esa decisión, Eficiencia: comprender la respuesta de forma rápida, Efectividad: recibir una explicación útil para realizar mejor la tarea, Persuasión: convencerte de que la decisión del sistema está justificada, Detección de errores(Debugging): detectar fallos, errores o comportamientos inesperados del sistema, Escrutinio: evaluar críticamente si la decisión del sistema es adecuada, razonable o justa","Transparencia: entender por qué el sistema tomó esa decisión, Confianza: sentir mayor seguridad en la respuesta del sistema",False,False,0.2727272727272727,0.14285714285714285
C0036,U004,3,260,11,Opción A,Opción A,Opción B,True,False,Larga: explicación completa y detallada,Media: explicación breve con algo de detalle,Media: explicación breve con algo de detalle,False,False,"Intermedio: algunos términos técnicos, pero fáciles de seguir","Intermedio: algunos términos técnicos, pero fáciles de seguir","Intermedio: algunos términos técnicos, pero fáciles de seguir",True,True,Principalmente visual,Texto breve + imagen,Texto breve + imagen,False,False,Medio: el error podría causar cierta confusión o problema,Medio: el error podría causar cierta confusión o problema,Medio: el error podría causar cierta confusión o problema,True,True,"Explicaciones centradas en atributos o características concretas, Explicaciones basadas en reglas o razonamientos paso a paso, Explicaciones visuales (zonas destacadas en la imagen)","Explicaciones con ejemplos similares, Explicaciones con comparaciones o contraejemplos, Explicaciones visuales (zonas destacadas en la imagen)","Explicaciones centradas en atributos o características concretas, Explicaciones basadas en reglas o razonamientos paso a paso, Explicaciones visuales (zonas destacadas en la imagen)",False,True,0.2,1.0,"Transparencia: entender por qué el sistema tomó esa decisión, Eficiencia: comprender la respuesta de forma rápida, Satisfacción: que la explicación resulte clara y útil para ti","Transparencia: entender por qué el sistema tomó esa decisión, Detección de errores(Debugging): detectar fallos, errores o comportamientos inesperados del sistema, Educación: aprender más sobre la imagen, el problema o el funcionamiento del sistema, Escrutinio: evaluar críticamente si la decisión del sistema es adecuada, razonable o justa","Transparencia: entender por qué el sistema tomó esa decisión, Confianza: sentir mayor seguridad en la respuesta del sistema",False,False,0.1111111111111111,0.25
C0047,U005,3,260,11,Opción E,Opción B,Opción B,False,False,Media: explicación breve con algo de detalle,Media: explicación breve con algo de detalle,Media: explicación breve con algo de detalle,True,True,"Intermedio: algunos términos técnicos, pero fáciles de seguir","Intermedio: algunos términos técnicos, pero fáciles de seguir","Intermedio: algunos términos técnicos, pero fáciles de seguir",True,True,Texto breve + imagen,Texto breve + imagen,Texto breve + imagen,True,True,Medio: el error podría causar cierta confusión o problema,Medio: el error podría causar cierta confusión o problema,Medio: el error podría causar cierta confusión o problema,True,True,"Explicaciones con ejemplos similares, Explicaciones con comparaciones o contraejemplos, Explicaciones visuales (zonas destacadas en la imagen)","Explicaciones con comparaciones o contraejemplos, Explicaciones centradas en atributos o características concretas, Explicaciones visuales (zonas destacadas en la imagen)","Explicaciones centradas en atributos o características concretas, Explicaciones basadas en reglas o razonamientos paso a paso, Explicaciones visuales (zonas destacadas en la imagen)",False,False,0.5,0.2,"Transparencia: entender por qué el sistema tomó esa decisión, Eficiencia: comprender la respuesta de forma rápida, Confianza: sentir mayor seguridad en la respuesta del sistema","Eficiencia: comprender la respuesta de forma rápida, Satisfacción: que la explicación resulte clara y útil para ti, Detección de errores(Debugging): detectar fallos, errores o comportamientos inesperados del sistema","Transparencia: entender por qué el sistema tomó esa decisión, Confianza: sentir mayor seguridad en la respuesta del sistema",False,False,0.16666666666666666,0.6666666666666666
C0058,U006,3,260,11,Opción B,Opción A,Opción B,False,True,Corta: solo lo esencial,Media: explicación breve con algo de detalle,Media: explicación breve con algo de detalle,False,False,"Intermedio: algunos términos técnicos, pero fáciles de seguir","Intermedio: algunos términos técnicos, pero fáciles de seguir","Intermedio: algunos términos técnicos, pero fáciles de seguir",True,True,Texto breve + imagen,Texto breve + imagen,Texto breve + imagen,True,True,Medio: el error podría causar cierta confusión o problema,Medio: el error podría causar cierta confusión o problema,Medio: el error podría causar cierta confusión o problema,True,True,"Explicaciones centradas en atributos o características concretas, Explicaciones basadas en reglas o razonamientos paso a paso","Explicaciones centradas en atributos o características concretas, Explicaciones basadas en reglas o razonamientos paso a paso, Explicaciones visuales (zonas destacadas en la imagen)","Explicaciones centradas en atributos o características concretas, Explicaciones basadas en reglas o razonamientos paso a paso, Explicaciones visuales (zonas destacadas en la imagen)",False,False,0.6666666666666666,0.6666666666666666,"Transparencia: entender por qué el sistema tomó esa decisión, Confianza: sentir mayor seguridad en la respuesta del sistema","Transparencia: entender por qué el sistema tomó esa decisión, Confianza: sentir mayor seguridad en la respuesta del sistema, Efectividad: recibir una explicación útil para realizar mejor la tarea, Satisfacción: que la explicación resulte clara y útil para ti, Detección de errores(Debugging): detectar fallos, errores o comportamientos inesperados del sistema, Educación: aprender más sobre la imagen, el problema o el funcionamiento del sistema, Escrutinio: evaluar críticamente si la decisión del sistema es adecuada, razonable o justa","Confianza: sentir mayor seguridad en la respuesta del sistema, Detección de errores(Debugging): detectar fallos, errores o comportamientos inesperados del sistema, Escrutinio: evaluar críticamente si la decisión del sistema es adecuada, razonable o justa",False,False,0.2,0.16666666666666666
C0069,U007,3,260,11,Opción E,Opción B,Opción B,False,False,Corta: solo lo esencial,Media: explicación breve con algo de detalle,Media: explicación breve con algo de detalle,False,False,Simple: lenguaje claro y sin tecnicismos,"Intermedio: algunos términos técnicos, pero fáciles de seguir","Intermedio: algunos términos técnicos, pero fáciles de seguir",False,False,Texto breve + imagen,Texto breve + imagen,Texto breve + imagen,True,True,Bajo: el error apenas tendría consecuencias,Medio: el error podría causar cierta confusión o problema,Medio: el error podría causar cierta confusión o problema,False,False,"Explicaciones centradas en atributos o características concretas, Explicaciones basadas en reglas o razonamientos paso a paso","Explicaciones centradas en atributos o características concretas, Explicaciones basadas en reglas o razonamientos paso a paso, Explicaciones visuales (zonas destacadas en la imagen)","Explicaciones centradas en atributos o características concretas, Explicaciones basadas en reglas o razonamientos paso a paso, Explicaciones visuales (zonas destacadas en la imagen)",False,False,0.6666666666666666,0.6666666666666666,"Transparencia: entender por qué el sistema tomó esa decisión, Confianza: sentir mayor seguridad en la respuesta del sistema, Satisfacción: que la explicación resulte clara y útil para ti, Persuasión: convencerte de que la decisión del sistema está justificada, Detección de errores(Debugging): detectar fallos, errores o comportamientos inesperados del sistema","Transparencia: entender por qué el sistema tomó esa decisión, Eficiencia: comprender la respuesta de forma rápida, Confianza: sentir mayor seguridad en la respuesta del sistema","Transparencia: entender por qué el sistema tomó esa decisión, Confianza: sentir mayor seguridad en la respuesta del sistema",False,False,0.2857142857142857,0.3333333333333333
C0080,U008,3,260,11,Opción E,Opción B,Opción B,False,False,Media: explicación breve con algo de detalle,Media: explicación breve con algo de detalle,Media: explicación breve con algo de detalle,True,True,"Intermedio: algunos términos técnicos, pero fáciles de seguir","Intermedio: algunos términos técnicos, pero fáciles de seguir","Intermedio: algunos términos técnicos, pero fáciles de seguir",True,True,Texto breve + imagen,Texto breve + imagen,Texto breve + imagen,True,True,Medio: el error podría causar cierta confusión o problema,Medio: el error podría causar cierta confusión o problema,Medio: el error podría causar cierta confusión o problema,True,True,"Explicaciones con ejemplos similares, Explicaciones con comparaciones o contraejemplos","Explicaciones con ejemplos similares, Explicaciones con comparaciones o contraejemplos, Explicaciones visuales (zonas destacadas en la imagen)","Explicaciones centradas en atributos o características concretas, Explicaciones basadas en reglas o razonamientos paso a paso, Explicaciones visuales (zonas destacadas en la imagen)",False,False,0.6666666666666666,0.0,"Transparencia: entender por qué el sistema tomó esa decisión, Eficiencia: comprender la respuesta de forma rápida, Efectividad: recibir una explicación útil para realizar mejor la tarea, Satisfacción: que la explicación resulte clara y útil para ti","Eficiencia: comprender la respuesta de forma rápida, Satisfacción: que la explicación resulte clara y útil para ti, Detección de errores(Debugging): detectar fallos, errores o comportamientos inesperados del sistema","Transparencia: entender por qué el sistema tomó esa decisión, Confianza: sentir mayor seguridad en la respuesta del sistema",False,False,0.3333333333333333,0.2
C0091,U009,3,260,11,Opción B,Opción B,Opción B,True,True,Media: explicación breve con algo de detalle,Media: explicación breve con algo de detalle,Media: explicación breve con algo de detalle,True,True,Simple: lenguaje claro y sin tecnicismos,"Intermedio: algunos términos técnicos, pero fáciles de seguir","Intermedio: algunos términos técnicos, pero fáciles de seguir",False,False,Texto breve + imagen,Texto breve + imagen,Texto breve + imagen,True,True,Medio: el error podría causar cierta confusión o problema,Medio: el error podría causar cierta confusión o problema,Medio: el error podría causar cierta confusión o problema,True,True,"Explicaciones con ejemplos similares, Explicaciones basadas en reglas o razonamientos paso a paso, Explicaciones visuales (zonas destacadas en la imagen)","Explicaciones centradas en atributos o características concretas, Explicaciones basadas en reglas o razonamientos paso a paso, Explicaciones visuales (zonas destacadas en la imagen)","Explicaciones centradas en atributos o características concretas, Explicaciones basadas en reglas o razonamientos paso a paso, Explicaciones visuales (zonas destacadas en la imagen)",False,False,0.5,0.5,"Eficiencia: comprender la respuesta de forma rápida, Efectividad: recibir una explicación útil para realizar mejor la tarea","Transparencia: entender por qué el sistema tomó esa decisión, Confianza: sentir mayor seguridad en la respuesta del sistema","Transparencia: entender por qué el sistema tomó esa decisión, Confianza: sentir mayor seguridad en la respuesta del sistema",False,False,0.0,0.0
C0102,U010,3,260,11,Opción E,Opción A,Opción B,False,False,Corta: solo lo esencial,Media: explicación breve con algo de detalle,Media: explicación breve con algo de detalle,False,False,Simple: lenguaje claro y sin tecnicismos,"Intermedio: algunos términos técnicos, pero fáciles de seguir","Intermedio: algunos términos técnicos, pero fáciles de seguir",False,False,Me da igual,Texto breve + imagen,Texto breve + imagen,False,False,Medio: el error podría causar cierta confusión o problema,Medio: el error podría causar cierta confusión o problema,Medio: el error podría causar cierta confusión o problema,True,True,No tengo preferencia / me da igual,"Explicaciones con ejemplos similares, Explicaciones con comparaciones o contraejemplos, Explicaciones visuales (zonas destacadas en la imagen)","Explicaciones centradas en atributos o características concretas, Explicaciones basadas en reglas o razonamientos paso a paso, Explicaciones visuales (zonas destacadas en la imagen)",False,False,0.0,0.0,"Eficiencia: comprender la respuesta de forma rápida, Confianza: sentir mayor seguridad en la respuesta del sistema","Transparencia: entender por qué el sistema tomó esa decisión, Detección de errores(Debugging): detectar fallos, errores o comportamientos inesperados del sistema, Educación: aprender más sobre la imagen, el problema o el funcionamiento del sistema","Transparencia: entender por qué el sistema tomó esa decisión, Confianza: sentir mayor seguridad en la respuesta del sistema",False,False,0.0,0.3333333333333333
C0113,U011,3,260,11,Opción E,Opción A,Opción B,False,False,Media: explicación breve con algo de detalle,Media: explicación breve con algo de detalle,Media: explicación breve con algo de detalle,True,True,"Intermedio: algunos términos técnicos, pero fáciles de seguir","Intermedio: algunos términos técnicos, pero fáciles de seguir","Intermedio: algunos términos técnicos, pero fáciles de seguir",True,True,Texto detallado + imagen,Texto breve + imagen,Texto breve + imagen,False,False,Medio: el error podría causar cierta confusión o problema,Medio: el error podría causar cierta confusión o problema,Medio: el error podría causar cierta confusión o problema,True,True,"Explicaciones con ejemplos similares, Explicaciones con comparaciones o contraejemplos, Explicaciones basadas en reglas o razonamientos paso a paso, Explicaciones visuales (zonas destacadas en la imagen)","Explicaciones con ejemplos similares, Explicaciones con comparaciones o contraejemplos, Explicaciones visuales (zonas destacadas en la imagen)","Explicaciones centradas en atributos o características concretas, Explicaciones basadas en reglas o razonamientos paso a paso, Explicaciones visuales (zonas destacadas en la imagen)",False,False,0.75,0.4,"Transparencia: entender por qué el sistema tomó esa decisión, Eficiencia: comprender la respuesta de forma rápida, Efectividad: recibir una explicación útil para realizar mejor la tarea, Persuasión: convencerte de que la decisión del sistema está justificada, Detección de errores(Debugging): detectar fallos, errores o comportamientos inesperados del sistema, Escrutinio: evaluar críticamente si la decisión del sistema es adecuada, razonable o justa","Transparencia: entender por qué el sistema tomó esa decisión, Satisfacción: que la explicación resulte clara y útil para ti, Detección de errores(Debugging): detectar fallos, errores o comportamientos inesperados del sistema, Educación: aprender más sobre la imagen, el problema o el funcionamiento del sistema","Transparencia: entender por qué el sistema tomó esa decisión, Confianza: sentir mayor seguridad en la respuesta del sistema",False,False,0.2727272727272727,0.1111111111111111
C0124,U012,3,260,11,Opción A,Opción A,Opción B,True,False,Corta: solo lo esencial,Media: explicación breve con algo de detalle,Media: explicación breve con algo de detalle,False,False,"Intermedio: algunos términos técnicos, pero fáciles de seguir","Intermedio: algunos términos técnicos, pero fáciles de seguir","Intermedio: algunos términos técnicos, pero fáciles de seguir",True,True,Texto breve + imagen,Texto breve + imagen,Texto breve + imagen,True,True,Alto: el error podría tener consecuencias importantes,Medio: el error podría causar cierta confusión o problema,Medio: el error podría causar cierta confusión o problema,False,False,"Explicaciones con comparaciones o contraejemplos, Explicaciones centradas en atributos o características concretas, Explicaciones visuales (zonas destacadas en la imagen)","Explicaciones con ejemplos similares, Explicaciones con comparaciones o contraejemplos, Explicaciones visuales (zonas destacadas en la imagen)","Explicaciones centradas en atributos o características concretas, Explicaciones basadas en reglas o razonamientos paso a paso, Explicaciones visuales (zonas destacadas en la imagen)",False,False,0.5,0.5,"Transparencia: entender por qué el sistema tomó esa decisión, Eficiencia: comprender la respuesta de forma rápida, Satisfacción: que la explicación resulte clara y útil para ti, Detección de errores(Debugging): detectar fallos, errores o comportamientos inesperados del sistema, Escrutinio: evaluar críticamente si la decisión del sistema es adecuada, razonable o justa","Confianza: sentir mayor seguridad en la respuesta del sistema, Efectividad: recibir una explicación útil para realizar mejor la tarea, Satisfacción: que la explicación resulte clara y útil para ti, Detección de errores(Debugging): detectar fallos, errores o comportamientos inesperados del sistema","Transparencia: entender por qué el sistema tomó esa decisión, Confianza: sentir mayor seguridad en la respuesta del sistema",False,False,0.3333333333333333,0.125
C0135,U013,3,260,11,Opción E,Opción B,Opción B,False,False,Corta: solo lo esencial,Media: explicación breve con algo de detalle,Media: explicación breve con algo de detalle,False,False,Simple: lenguaje claro y sin tecnicismos,"Intermedio: algunos términos técnicos, pero fáciles de seguir","Intermedio: algunos términos técnicos, pero fáciles de seguir",False,False,Me da igual,Texto breve + imagen,Texto breve + imagen,False,False,Medio: el error podría causar cierta confusión o problema,Medio: el error podría causar cierta confusión o problema,Medio: el error podría causar cierta confusión o problema,True,True,No tengo preferencia / me da igual,"Explicaciones con ejemplos similares, Explicaciones con comparaciones o contraejemplos, Explicaciones visuales (zonas destacadas en la imagen)","Explicaciones centradas en atributos o características concretas, Explicaciones basadas en reglas o razonamientos paso a paso, Explicaciones visuales (zonas destacadas en la imagen)",False,False,0.0,0.0,"Educación: aprender más sobre la imagen, el problema o el funcionamiento del sistema","Eficiencia: comprender la respuesta de forma rápida, Confianza: sentir mayor seguridad en la respuesta del sistema","Transparencia: entender por qué el sistema tomó esa decisión, Confianza: sentir mayor seguridad en la respuesta del sistema",False,False,0.0,0.0
C0146,U014,3,260,11,Opción A,Opción A,Opción B,True,False,Larga: explicación completa y detallada,Media: explicación breve con algo de detalle,Media: explicación breve con algo de detalle,False,False,"Intermedio: algunos términos técnicos, pero fáciles de seguir","Intermedio: algunos términos técnicos, pero fáciles de seguir","Intermedio: algunos términos técnicos, pero fáciles de seguir",True,True,Texto detallado + imagen,Texto breve + imagen,Texto breve + imagen,False,False,Medio: el error podría causar cierta confusión o problema,Medio: el error podría causar cierta confusión o problema,Medio: el error podría causar cierta confusión o problema,True,True,"Explicaciones con comparaciones o contraejemplos, Explicaciones centradas en atributos o características concretas, Explicaciones basadas en reglas o razonamientos paso a paso","Explicaciones con comparaciones o contraejemplos, Explicaciones visuales (zonas destacadas en la imagen)","Explicaciones centradas en atributos o características concretas, Explicaciones basadas en reglas o razonamientos paso a paso, Explicaciones visuales (zonas destacadas en la imagen)",False,False,0.25,0.5,"Transparencia: entender por qué el sistema tomó esa decisión, Confianza: sentir mayor seguridad en la respuesta del sistema, Efectividad: recibir una explicación útil para realizar mejor la tarea, Satisfacción: que la explicación resulte clara y útil para ti, Detección de errores(Debugging): detectar fallos, errores o comportamientos inesperados del sistema, Educación: aprender más sobre la imagen, el problema o el funcionamiento del sistema, Escrutinio: evaluar críticamente si la decisión del sistema es adecuada, razonable o justa","Transparencia: entender por qué el sistema tomó esa decisión, Confianza: sentir mayor seguridad en la respuesta del sistema","Transparencia: entender por qué el sistema tomó esa decisión, Confianza: sentir mayor seguridad en la respuesta del sistema",False,False,0.2,0.2
C0157,U015,3,260,11,Opción A,Opción A,Opción B,True,False,Media: explicación breve con algo de detalle,Media: explicación breve con algo de detalle,Media: explicación breve con algo de detalle,True,True,"Intermedio: algunos términos técnicos, pero fáciles de seguir","Intermedio: algunos términos técnicos, pero fáciles de seguir","Intermedio: algunos términos técnicos, pero fáciles de seguir",True,True,Texto detallado + imagen,Texto breve + imagen,Texto breve + imagen,False,False,Alto: el error podría tener consecuencias importantes,Medio: el error podría causar cierta confusión o problema,Medio: el error podría causar cierta confusión o problema,False,False,"Explicaciones con comparaciones o contraejemplos, Explicaciones visuales (zonas destacadas en la imagen)","Explicaciones centradas en atributos o características concretas, Explicaciones basadas en reglas o razonamientos paso a paso, Explicaciones visuales (zonas destacadas en la imagen)","Explicaciones centradas en atributos o características concretas, Explicaciones basadas en reglas o razonamientos paso a paso, Explicaciones visuales (zonas destacadas en la imagen)",False,False,0.25,0.25,"Transparencia: entender por qué el sistema tomó esa decisión, Detección de errores(Debugging): detectar fallos, errores o comportamientos inesperados del sistema, Educación: aprender más sobre la imagen, el problema o el funcionamiento del sistema, Escrutinio: evaluar críticamente si la decisión del sistema es adecuada, razonable o justa","Confianza: sentir mayor seguridad en la respuesta del sistema, Detección de errores(Debugging): detectar fallos, errores o comportamientos inesperados del sistema, Escrutinio: evaluar críticamente si la decisión del sistema es adecuada, razonable o justa","Transparencia: entender por qué el sistema tomó esa decisión, Confianza: sentir mayor seguridad en la respuesta del sistema",False,False,0.5,0.125
C0168,U016,3,260,11,Opción A,Opción B,Opción B,False,False,Media: explicación breve con algo de detalle,Media: explicación breve con algo de detalle,Media: explicación breve con algo de detalle,True,True,"Intermedio: algunos términos técnicos, pero fáciles de seguir","Intermedio: algunos términos técnicos, pero fáciles de seguir","Intermedio: algunos términos técnicos, pero fáciles de seguir",True,True,Texto breve + imagen,Texto breve + imagen,Texto breve + imagen,True,True,Medio: el error podría causar cierta confusión o problema,Medio: el error podría causar cierta confusión o problema,Medio: el error podría causar cierta confusión o problema,True,True,"Explicaciones con ejemplos similares, Explicaciones basadas en reglas o razonamientos paso a paso, Explicaciones visuales (zonas destacadas en la imagen)","Explicaciones con ejemplos similares, Explicaciones con comparaciones o contraejemplos, Explicaciones visuales (zonas destacadas en la imagen)","Explicaciones centradas en atributos o características concretas, Explicaciones basadas en reglas o razonamientos paso a paso, Explicaciones visuales (zonas destacadas en la imagen)",False,False,0.5,0.5,"Confianza: sentir mayor seguridad en la respuesta del sistema, Efectividad: recibir una explicación útil para realizar mejor la tarea, Satisfacción: que la explicación resulte clara y útil para ti, Detección de errores(Debugging): detectar fallos, errores o comportamientos inesperados del sistema","Efectividad: recibir una explicación útil para realizar mejor la tarea, Satisfacción: que la explicación resulte clara y útil para ti","Transparencia: entender por qué el sistema tomó esa decisión, Confianza: sentir mayor seguridad en la respuesta del sistema",False,False,0.4,0.16666666666666666
C0179,U017,3,260,11,Opción B,Opción B,Opción B,True,True,Media: explicación breve con algo de detalle,Media: explicación breve con algo de detalle,Media: explicación breve con algo de detalle,True,True,"Intermedio: algunos términos técnicos, pero fáciles de seguir","Intermedio: algunos términos técnicos, pero fáciles de seguir","Intermedio: algunos términos técnicos, pero fáciles de seguir",True,True,Principalmente visual,Texto breve + imagen,Texto breve + imagen,False,False,Alto: el error podría tener consecuencias importantes,Medio: el error podría causar cierta confusión o problema,Medio: el error podría causar cierta confusión o problema,False,False,"Explicaciones con comparaciones o contraejemplos, Explicaciones visuales (zonas destacadas en la imagen)","Explicaciones con ejemplos similares, Explicaciones con comparaciones o contraejemplos, Explicaciones visuales (zonas destacadas en la imagen)","Explicaciones centradas en atributos o características concretas, Explicaciones basadas en reglas o razonamientos paso a paso, Explicaciones visuales (zonas destacadas en la imagen)",False,False,0.6666666666666666,0.25,"Transparencia: entender por qué el sistema tomó esa decisión, Detección de errores(Debugging): detectar fallos, errores o comportamientos inesperados del sistema, Educación: aprender más sobre la imagen, el problema o el funcionamiento del sistema","Eficiencia: comprender la respuesta de forma rápida, Confianza: sentir mayor seguridad en la respuesta del sistema","Transparencia: entender por qué el sistema tomó esa decisión, Confianza: sentir mayor seguridad en la respuesta del sistema",False,False,0.0,0.16666666666666666
C0190,U018,3,260,11,Opción A,Opción B,Opción B,False,False,Media: explicación breve con algo de detalle,Media: explicación breve con algo de detalle,Media: explicación breve con algo de detalle,True,True,"Intermedio: algunos términos técnicos, pero fáciles de seguir","Intermedio: algunos términos técnicos, pero fáciles de seguir","Intermedio: algunos términos técnicos, pero fáciles de seguir",True,True,Texto breve + imagen,Texto breve + imagen,Texto breve + imagen,True,True,Medio: el error podría causar cierta confusión o problema,Medio: el error podría causar cierta confusión o problema,Medio: el error podría causar cierta confusión o problema,True,True,Explicaciones con comparaciones o contraejemplos,"Explicaciones con ejemplos similares, Explicaciones con comparaciones o contraejemplos, Explicaciones visuales (zonas destacadas en la imagen)","Explicaciones centradas en atributos o características concretas, Explicaciones basadas en reglas o razonamientos paso a paso, Explicaciones visuales (zonas destacadas en la imagen)",False,False,0.3333333333333333,0.0,"Efectividad: recibir una explicación útil para realizar mejor la tarea, Satisfacción: que la explicación resulte clara y útil para ti","Confianza: sentir mayor seguridad en la respuesta del sistema, Efectividad: recibir una explicación útil para realizar mejor la tarea, Satisfacción: que la explicación resulte clara y útil para ti, Detección de errores(Debugging): detectar fallos, errores o comportamientos inesperados del sistema","Transparencia: entender por qué el sistema tomó esa decisión, Confianza: sentir mayor seguridad en la respuesta del sistema",False,False,0.4,0.0
C0201,U019,3,260,11,Opción E,Opción B,Opción B,False,False,Media: explicación breve con algo de detalle,Media: explicación breve con algo de detalle,Media: explicación breve con algo de detalle,True,True,"Intermedio: algunos términos técnicos, pero fáciles de seguir","Intermedio: algunos términos técnicos, pero fáciles de seguir","Intermedio: algunos términos técnicos, pero fáciles de seguir",True,True,Texto detallado + imagen,Texto breve + imagen,Texto breve + imagen,False,False,Alto: el error podría tener consecuencias importantes,Medio: el error podría causar cierta confusión o problema,Medio: el error podría causar cierta confusión o problema,False,False,"Explicaciones con ejemplos similares, Explicaciones con comparaciones o contraejemplos, Explicaciones centradas en atributos o características concretas","Explicaciones centradas en atributos o características concretas, Explicaciones basadas en reglas o razonamientos paso a paso, Explicaciones visuales (zonas destacadas en la imagen)","Explicaciones centradas en atributos o características concretas, Explicaciones basadas en reglas o razonamientos paso a paso, Explicaciones visuales (zonas destacadas en la imagen)",False,False,0.2,0.2,"Transparencia: entender por qué el sistema tomó esa decisión, Confianza: sentir mayor seguridad en la respuesta del sistema, Efectividad: recibir una explicación útil para realizar mejor la tarea, Satisfacción: que la explicación resulte clara y útil para ti","Transparencia: entender por qué el sistema tomó esa decisión, Detección de errores(Debugging): detectar fallos, errores o comportamientos inesperados del sistema, Escrutinio: evaluar críticamente si la decisión del sistema es adecuada, razonable o justa","Transparencia: entender por qué el sistema tomó esa decisión, Confianza: sentir mayor seguridad en la respuesta del sistema",False,False,0.125,0.5
C0212,U020,3,260,11,Opción E,Opción A,Opción B,False,False,Media: explicación breve con algo de detalle,Media: explicación breve con algo de detalle,Media: explicación breve con algo de detalle,True,True,"Intermedio: algunos términos técnicos, pero fáciles de seguir","Intermedio: algunos términos técnicos, pero fáciles de seguir","Intermedio: algunos términos técnicos, pero fáciles de seguir",True,True,Texto detallado + imagen,Texto breve + imagen,Texto breve + imagen,False,False,Alto: el error podría tener consecuencias importantes,Medio: el error podría causar cierta confusión o problema,Medio: el error podría causar cierta confusión o problema,False,False,"Explicaciones centradas en atributos o características concretas, Explicaciones basadas en reglas o razonamientos paso a paso, Explicaciones visuales (zonas destacadas en la imagen)","Explicaciones centradas en atributos o características concretas, Explicaciones basadas en reglas o razonamientos paso a paso, Explicaciones visuales (zonas destacadas en la imagen)","Explicaciones centradas en atributos o características concretas, Explicaciones basadas en reglas o razonamientos paso a paso, Explicaciones visuales (zonas destacadas en la imagen)",True,True,1.0,1.0,"Transparencia: entender por qué el sistema tomó esa decisión, Confianza: sentir mayor seguridad en la respuesta del sistema, Satisfacción: que la explicación resulte clara y útil para ti, Educación: aprender más sobre la imagen, el problema o el funcionamiento del sistema","Eficiencia: comprender la respuesta de forma rápida, Confianza: sentir mayor seguridad en la respuesta del sistema","Transparencia: entender por qué el sistema tomó esa decisión, Confianza: sentir mayor seguridad en la respuesta del sistema",False,False,0.16666666666666666,0.4
C0223,U021,3,260,11,Opción A,Opción A,Opción B,True,False,Media: explicación breve con algo de detalle,Media: explicación breve con algo de detalle,Media: explicación breve con algo de detalle,True,True,"Intermedio: algunos términos técnicos, pero fáciles de seguir","Intermedio: algunos términos técnicos, pero fáciles de seguir","Intermedio: algunos términos técnicos, pero fáciles de seguir",True,True,Texto breve + imagen,Texto breve + imagen,Texto breve + imagen,True,True,Alto: el error podría tener consecuencias importantes,Medio: el error podría causar cierta confusión o problema,Medio: el error podría causar cierta confusión o problema,False,False,"Explicaciones centradas en atributos o características concretas, Explicaciones visuales (zonas destacadas en la imagen)","Explicaciones centradas en atributos o características concretas, Explicaciones basadas en reglas o razonamientos paso a paso, Explicaciones visuales (zonas destacadas en la imagen)","Explicaciones centradas en atributos o características concretas, Explicaciones basadas en reglas o razonamientos paso a paso, Explicaciones visuales (zonas destacadas en la imagen)",False,False,0.6666666666666666,0.6666666666666666,"Transparencia: entender por qué el sistema tomó esa decisión, Eficiencia: comprender la respuesta de forma rápida, Efectividad: recibir una explicación útil para realizar mejor la tarea, Detección de errores(Debugging): detectar fallos, errores o comportamientos inesperados del sistema","Transparencia: entender por qué el sistema tomó esa decisión, Detección de errores(Debugging): detectar fallos, errores o comportamientos inesperados del sistema, Educación: aprender más sobre la imagen, el problema o el funcionamiento del sistema, Escrutinio: evaluar críticamente si la decisión del sistema es adecuada, razonable o justa","Transparencia: entender por qué el sistema tomó esa decisión, Confianza: sentir mayor seguridad en la respuesta del sistema",False,False,0.3333333333333333,0.16666666666666666
C0234,U022,3,260,11,Opción A,Opción A,Opción B,True,False,Media: explicación breve con algo de detalle,Media: explicación breve con algo de detalle,Media: explicación breve con algo de detalle,True,True,"Intermedio: algunos términos técnicos, pero fáciles de seguir","Intermedio: algunos términos técnicos, pero fáciles de seguir","Intermedio: algunos términos técnicos, pero fáciles de seguir",True,True,Texto breve + imagen,Texto breve + imagen,Texto breve + imagen,True,True,Medio: el error podría causar cierta confusión o problema,Medio: el error podría causar cierta confusión o problema,Medio: el error podría causar cierta confusión o problema,True,True,Explicaciones visuales (zonas destacadas en la imagen),"Explicaciones con ejemplos similares, Explicaciones basadas en reglas o razonamientos paso a paso, Explicaciones visuales (zonas destacadas en la imagen)","Explicaciones centradas en atributos o características concretas, Explicaciones basadas en reglas o razonamientos paso a paso, Explicaciones visuales (zonas destacadas en la imagen)",False,False,0.3333333333333333,0.3333333333333333,"Eficiencia: comprender la respuesta de forma rápida, Efectividad: recibir una explicación útil para realizar mejor la tarea, Satisfacción: que la explicación resulte clara y útil para ti, Detección de errores(Debugging): detectar fallos, errores o comportamientos inesperados del sistema","Transparencia: entender por qué el sistema tomó esa decisión, Confianza: sentir mayor seguridad en la respuesta del sistema","Transparencia: entender por qué el sistema tomó esa decisión, Confianza: sentir mayor seguridad en la respuesta del sistema",False,False,0.0,0.0
C0245,U023,3,260,11,Opción A,Opción B,Opción B,False,False,Corta: solo lo esencial,Media: explicación breve con algo de detalle,Media: explicación breve con algo de detalle,False,False,Simple: lenguaje claro y sin tecnicismos,"Intermedio: algunos términos técnicos, pero fáciles de seguir","Intermedio: algunos términos técnicos, pero fáciles de seguir",False,False,Texto breve + imagen,Texto breve + imagen,Texto breve + imagen,True,True,Medio: el error podría causar cierta confusión o problema,Medio: el error podría causar cierta confusión o problema,Medio: el error podría causar cierta confusión o problema,True,True,"Explicaciones con ejemplos similares, Explicaciones con comparaciones o contraejemplos, Explicaciones basadas en reglas o razonamientos paso a paso, Explicaciones visuales (zonas destacadas en la imagen)","Explicaciones con ejemplos similares, Explicaciones con comparaciones o contraejemplos, Explicaciones visuales (zonas destacadas en la imagen)","Explicaciones centradas en atributos o características concretas, Explicaciones basadas en reglas o razonamientos paso a paso, Explicaciones visuales (zonas destacadas en la imagen)",False,False,0.75,0.4,"Transparencia: entender por qué el sistema tomó esa decisión, Eficiencia: comprender la respuesta de forma rápida, Confianza: sentir mayor seguridad en la respuesta del sistema, Efectividad: recibir una explicación útil para realizar mejor la tarea, Satisfacción: que la explicación resulte clara y útil para ti, Persuasión: convencerte de que la decisión del sistema está justificada, Detección de errores(Debugging): detectar fallos, errores o comportamientos inesperados del sistema, Educación: aprender más sobre la imagen, el problema o el funcionamiento del sistema, Escrutinio: evaluar críticamente si la decisión del sistema es adecuada, razonable o justa","Transparencia: entender por qué el sistema tomó esa decisión, Confianza: sentir mayor seguridad en la respuesta del sistema","Transparencia: entender por qué el sistema tomó esa decisión, Confianza: sentir mayor seguridad en la respuesta del sistema",False,False,0.16666666666666666,0.16666666666666666
C0256,U024,3,260,11,Opción E,Opción A,Opción B,False,False,Media: explicación breve con algo de detalle,Media: explicación breve con algo de detalle,Media: explicación breve con algo de detalle,True,True,"Intermedio: algunos términos técnicos, pero fáciles de seguir","Intermedio: algunos términos técnicos, pero fáciles de seguir","Intermedio: algunos términos técnicos, pero fáciles de seguir",True,True,Texto breve + imagen,Texto breve + imagen,Texto breve + imagen,True,True,Medio: el error podría causar cierta confusión o problema,Medio: el error podría causar cierta confusión o problema,Medio: el error podría causar cierta confusión o problema,True,True,"Explicaciones con ejemplos similares, Explicaciones con comparaciones o contraejemplos, Explicaciones visuales (zonas destacadas en la imagen)","Explicaciones con comparaciones o contraejemplos, Explicaciones visuales (zonas destacadas en la imagen)","Explicaciones centradas en atributos o características concretas, Explicaciones basadas en reglas o razonamientos paso a paso, Explicaciones visuales (zonas destacadas en la imagen)",False,False,0.6666666666666666,0.2,"Eficiencia: comprender la respuesta de forma rápida, Satisfacción: que la explicación resulte clara y útil para ti, Detección de errores(Debugging): detectar fallos, errores o comportamientos inesperados del sistema","Transparencia: entender por qué el sistema tomó esa decisión, Eficiencia: comprender la respuesta de forma rápida, Efectividad: recibir una explicación útil para realizar mejor la tarea, Satisfacción: que la explicación resulte clara y útil para ti","Transparencia: entender por qué el sistema tomó esa decisión, Confianza: sentir mayor seguridad en la respuesta del sistema",False,False,0.3333333333333333,0.0
C0267,U025,3,260,11,Opción A,Opción B,Opción B,False,False,Media: explicación breve con algo de detalle,Media: explicación breve con algo de detalle,Media: explicación breve con algo de detalle,True,True,"Intermedio: algunos términos técnicos, pero fáciles de seguir","Intermedio: algunos términos técnicos, pero fáciles de seguir","Intermedio: algunos términos técnicos, pero fáciles de seguir",True,True,Texto breve + imagen,Texto breve + imagen,Texto breve + imagen,True,True,Medio: el error podría causar cierta confusión o problema,Alto: el error podría tener consecuencias importantes,Medio: el error podría causar cierta confusión o problema,False,True,"Explicaciones centradas en atributos o características concretas, Explicaciones basadas en reglas o razonamientos paso a paso, Explicaciones visuales (zonas destacadas en la imagen)","Explicaciones centradas en atributos o características concretas, Explicaciones basadas en reglas o razonamientos paso a paso","Explicaciones centradas en atributos o características concretas, Explicaciones basadas en reglas o razonamientos paso a paso, Explicaciones visuales (zonas destacadas en la imagen)",False,True,0.6666666666666666,1.0,"Transparencia: entender por qué el sistema tomó esa decisión, Detección de errores(Debugging): detectar fallos, errores o comportamientos inesperados del sistema, Escrutinio: evaluar críticamente si la decisión del sistema es adecuada, razonable o justa","Transparencia: entender por qué el sistema tomó esa decisión, Confianza: sentir mayor seguridad en la respuesta del sistema","Transparencia: entender por qué el sistema tomó esa decisión, Confianza: sentir mayor seguridad en la respuesta del sistema",False,False,0.16666666666666666,0.16666666666666666
C0278,U026,3,260,11,Opción E,Opción A,Opción B,False,False,Larga: explicación completa y detallada,Media: explicación breve con algo de detalle,Media: explicación breve con algo de detalle,False,False,"Intermedio: algunos términos técnicos, pero fáciles de seguir","Intermedio: algunos términos técnicos, pero fáciles de seguir","Intermedio: algunos términos técnicos, pero fáciles de seguir",True,True,Principalmente visual,Texto breve + imagen,Texto breve + imagen,False,False,Alto: el error podría tener consecuencias importantes,Medio: el error podría causar cierta confusión o problema,Medio: el error podría causar cierta confusión o problema,False,False,"Explicaciones con ejemplos similares, Explicaciones basadas en reglas o razonamientos paso a paso","Explicaciones centradas en atributos o características concretas, Explicaciones basadas en reglas o razonamientos paso a paso, Explicaciones visuales (zonas destacadas en la imagen)","Explicaciones centradas en atributos o características concretas, Explicaciones basadas en reglas o razonamientos paso a paso, Explicaciones visuales (zonas destacadas en la imagen)",False,False,0.25,0.25,"Transparencia: entender por qué el sistema tomó esa decisión, Confianza: sentir mayor seguridad en la respuesta del sistema, Detección de errores(Debugging): detectar fallos, errores o comportamientos inesperados del sistema, Escrutinio: evaluar críticamente si la decisión del sistema es adecuada, razonable o justa","Transparencia: entender por qué el sistema tomó esa decisión, Confianza: sentir mayor seguridad en la respuesta del sistema","Transparencia: entender por qué el sistema tomó esa decisión, Confianza: sentir mayor seguridad en la respuesta del sistema",False,False,0.3333333333333333,0.3333333333333333
C0289,U027,3,260,11,Opción B,Opción A,Opción B,False,True,Media: explicación breve con algo de detalle,Media: explicación breve con algo de detalle,Media: explicación breve con algo de detalle,True,True,"Intermedio: algunos términos técnicos, pero fáciles de seguir","Intermedio: algunos términos técnicos, pero fáciles de seguir","Intermedio: algunos términos técnicos, pero fáciles de seguir",True,True,Texto breve + imagen,Texto breve + imagen,Texto breve + imagen,True,True,Alto: el error podría tener consecuencias importantes,Medio: el error podría causar cierta confusión o problema,Medio: el error podría causar cierta confusión o problema,False,False,"Explicaciones centradas en atributos o características concretas, Explicaciones basadas en reglas o razonamientos paso a paso, Explicaciones visuales (zonas destacadas en la imagen)","Explicaciones con comparaciones o contraejemplos, Explicaciones visuales (zonas destacadas en la imagen)","Explicaciones centradas en atributos o características concretas, Explicaciones basadas en reglas o razonamientos paso a paso, Explicaciones visuales (zonas destacadas en la imagen)",False,True,0.25,1.0,"Transparencia: entender por qué el sistema tomó esa decisión, Confianza: sentir mayor seguridad en la respuesta del sistema","Confianza: sentir mayor seguridad en la respuesta del sistema, Detección de errores(Debugging): detectar fallos, errores o comportamientos inesperados del sistema, Escrutinio: evaluar críticamente si la decisión del sistema es adecuada, razonable o justa","Confianza: sentir mayor seguridad en la respuesta del sistema, Detección de errores(Debugging): detectar fallos, errores o comportamientos inesperados del sistema, Escrutinio: evaluar críticamente si la decisión del sistema es adecuada, razonable o justa",False,False,0.16666666666666666,0.16666666666666666
C0004,U001,4,260,11,Opción C,Opción B,Opción B,False,False,Media: explicación breve con algo de detalle,Media: explicación breve con algo de detalle,Media: explicación breve con algo de detalle,True,True,"Intermedio: algunos términos técnicos, pero fáciles de seguir","Intermedio: algunos términos técnicos, pero fáciles de seguir","Intermedio: algunos términos técnicos, pero fáciles de seguir",True,True,Texto breve + imagen,Texto breve + imagen,Texto breve + imagen,True,True,Medio: el error podría causar cierta confusión o problema,Medio: el error podría causar cierta confusión o problema,Medio: el error podría causar cierta confusión o problema,True,True,"Explicaciones basadas en reglas o razonamientos paso a paso, Explicaciones visuales (zonas destacadas en la imagen)","Explicaciones centradas en atributos o características concretas, Explicaciones basadas en reglas o razonamientos paso a paso, Explicaciones visuales (zonas destacadas en la imagen)","Explicaciones centradas en atributos o características concretas, Explicaciones basadas en reglas o razonamientos paso a paso, Explicaciones visuales (zonas destacadas en la imagen)",False,False,0.6666666666666666,0.6666666666666666,"Confianza: sentir mayor seguridad en la respuesta del sistema, Detección de errores(Debugging): detectar fallos, errores o comportamientos inesperados del sistema, Escrutinio: evaluar críticamente si la decisión del sistema es adecuada, razonable o justa","Transparencia: entender por qué el sistema tomó esa decisión, Confianza: sentir mayor seguridad en la respuesta del sistema","Transparencia: entender por qué el sistema tomó esa decisión, Confianza: sentir mayor seguridad en la respuesta del sistema",False,False,0.16666666666666666,0.16666666666666666
C0015,U002,4,260,11,Opción C,Opción F (Ninguna),Opción B,False,False,Media: explicación breve con algo de detalle,Media: explicación breve con algo de detalle,Media: explicación breve con algo de detalle,True,True,Simple: lenguaje claro y sin tecnicismos,"Intermedio: algunos términos técnicos, pero fáciles de seguir","Intermedio: algunos términos técnicos, pero fáciles de seguir",False,False,Texto detallado + imagen,Texto breve + imagen,Texto breve + imagen,False,False,Medio: el error podría causar cierta confusión o problema,Medio: el error podría causar cierta confusión o problema,Medio: el error podría causar cierta confusión o problema,True,True,"Explicaciones con ejemplos similares, Explicaciones con comparaciones o contraejemplos, Explicaciones centradas en atributos o características concretas, Explicaciones basadas en reglas o razonamientos paso a paso, Explicaciones visuales (zonas destacadas en la imagen), No tengo preferencia / me da igual","Explicaciones centradas en atributos o características concretas, Explicaciones basadas en reglas o razonamientos paso a paso, Explicaciones visuales (zonas destacadas en la imagen)","Explicaciones centradas en atributos o características concretas, Explicaciones basadas en reglas o razonamientos paso a paso, Explicaciones visuales (zonas destacadas en la imagen)",False,False,0.5,0.5,"Transparencia: entender por qué el sistema tomó esa decisión, Efectividad: recibir una explicación útil para realizar mejor la tarea, Satisfacción: que la explicación resulte clara y útil para ti, Educación: aprender más sobre la imagen, el problema o el funcionamiento del sistema, Escrutinio: evaluar críticamente si la decisión del sistema es adecuada, razonable o justa","Transparencia: entender por qué el sistema tomó esa decisión, Detección de errores(Debugging): detectar fallos, errores o comportamientos inesperados del sistema, Educación: aprender más sobre la imagen, el problema o el funcionamiento del sistema, Escrutinio: evaluar críticamente si la decisión del sistema es adecuada, razonable o justa","Transparencia: entender por qué el sistema tomó esa decisión, Confianza: sentir mayor seguridad en la respuesta del sistema",False,False,0.5555555555555556,0.125
C0026,U003,4,260,11,Opción E,Opción F (Ninguna),Opción B,False,False,Corta: solo lo esencial,Media: explicación breve con algo de detalle,Media: explicación breve con algo de detalle,False,False,Técnico: explicación más especializada y precisa,"Intermedio: algunos términos técnicos, pero fáciles de seguir","Intermedio: algunos términos técnicos, pero fáciles de seguir",False,False,Texto breve + imagen,Texto breve + imagen,Texto breve + imagen,True,True,Alto: el error podría tener consecuencias importantes,Medio: el error podría causar cierta confusión o problema,Medio: el error podría causar cierta confusión o problema,False,False,"Explicaciones con ejemplos similares, Explicaciones con comparaciones o contraejemplos, Explicaciones visuales (zonas destacadas en la imagen)","Explicaciones con ejemplos similares, Explicaciones con comparaciones o contraejemplos, Explicaciones basadas en reglas o razonamientos paso a paso, Explicaciones visuales (zonas destacadas en la imagen)","Explicaciones centradas en atributos o características concretas, Explicaciones basadas en reglas o razonamientos paso a paso, Explicaciones visuales (zonas destacadas en la imagen)",False,False,0.75,0.2,"Transparencia: entender por qué el sistema tomó esa decisión, Satisfacción: que la explicación resulte clara y útil para ti, Detección de errores(Debugging): detectar fallos, errores o comportamientos inesperados del sistema, Educación: aprender más sobre la imagen, el problema o el funcionamiento del sistema","Transparencia: entender por qué el sistema tomó esa decisión, Eficiencia: comprender la respuesta de forma rápida, Efectividad: recibir una explicación útil para realizar mejor la tarea, Persuasión: convencerte de que la decisión del sistema está justificada, Detección de errores(Debugging): detectar fallos, errores o comportamientos inesperados del sistema, Escrutinio: evaluar críticamente si la decisión del sistema es adecuada, razonable o justa","Transparencia: entender por qué el sistema tomó esa decisión, Confianza: sentir mayor seguridad en la respuesta del sistema",False,False,0.2727272727272727,0.14285714285714285
C0037,U004,4,260,11,Opción D,Opción F (Ninguna),Opción B,False,False,Larga: explicación completa y detallada,Media: explicación breve con algo de detalle,Media: explicación breve con algo de detalle,False,False,"Intermedio: algunos términos técnicos, pero fáciles de seguir","Intermedio: algunos términos técnicos, pero fáciles de seguir","Intermedio: algunos términos técnicos, pero fáciles de seguir",True,True,Principalmente visual,Texto breve + imagen,Texto breve + imagen,False,False,Medio: el error podría causar cierta confusión o problema,Medio: el error podría causar cierta confusión o problema,Medio: el error podría causar cierta confusión o problema,True,True,"Explicaciones centradas en atributos o características concretas, Explicaciones basadas en reglas o razonamientos paso a paso, Explicaciones visuales (zonas destacadas en la imagen)","Explicaciones con ejemplos similares, Explicaciones con comparaciones o contraejemplos, Explicaciones visuales (zonas destacadas en la imagen)","Explicaciones centradas en atributos o características concretas, Explicaciones basadas en reglas o razonamientos paso a paso, Explicaciones visuales (zonas destacadas en la imagen)",False,True,0.2,1.0,"Transparencia: entender por qué el sistema tomó esa decisión, Eficiencia: comprender la respuesta de forma rápida, Satisfacción: que la explicación resulte clara y útil para ti","Transparencia: entender por qué el sistema tomó esa decisión, Detección de errores(Debugging): detectar fallos, errores o comportamientos inesperados del sistema, Educación: aprender más sobre la imagen, el problema o el funcionamiento del sistema, Escrutinio: evaluar críticamente si la decisión del sistema es adecuada, razonable o justa","Transparencia: entender por qué el sistema tomó esa decisión, Confianza: sentir mayor seguridad en la respuesta del sistema",False,False,0.1111111111111111,0.25
C0048,U005,4,260,11,Opción C,Opción E,Opción B,False,False,Media: explicación breve con algo de detalle,Media: explicación breve con algo de detalle,Media: explicación breve con algo de detalle,True,True,"Intermedio: algunos términos técnicos, pero fáciles de seguir","Intermedio: algunos términos técnicos, pero fáciles de seguir","Intermedio: algunos términos técnicos, pero fáciles de seguir",True,True,Texto breve + imagen,Texto breve + imagen,Texto breve + imagen,True,True,Medio: el error podría causar cierta confusión o problema,Medio: el error podría causar cierta confusión o problema,Medio: el error podría causar cierta confusión o problema,True,True,"Explicaciones con ejemplos similares, Explicaciones con comparaciones o contraejemplos, Explicaciones visuales (zonas destacadas en la imagen)","Explicaciones con comparaciones o contraejemplos, Explicaciones centradas en atributos o características concretas, Explicaciones visuales (zonas destacadas en la imagen)","Explicaciones centradas en atributos o características concretas, Explicaciones basadas en reglas o razonamientos paso a paso, Explicaciones visuales (zonas destacadas en la imagen)",False,False,0.5,0.2,"Transparencia: entender por qué el sistema tomó esa decisión, Eficiencia: comprender la respuesta de forma rápida, Confianza: sentir mayor seguridad en la respuesta del sistema","Eficiencia: comprender la respuesta de forma rápida, Satisfacción: que la explicación resulte clara y útil para ti, Detección de errores(Debugging): detectar fallos, errores o comportamientos inesperados del sistema","Transparencia: entender por qué el sistema tomó esa decisión, Confianza: sentir mayor seguridad en la respuesta del sistema",False,False,0.16666666666666666,0.6666666666666666
C0059,U006,4,260,11,Opción B,Opción B,Opción B,True,True,Corta: solo lo esencial,Media: explicación breve con algo de detalle,Media: explicación breve con algo de detalle,False,False,"Intermedio: algunos términos técnicos, pero fáciles de seguir","Intermedio: algunos términos técnicos, pero fáciles de seguir","Intermedio: algunos términos técnicos, pero fáciles de seguir",True,True,Texto breve + imagen,Texto breve + imagen,Texto breve + imagen,True,True,Medio: el error podría causar cierta confusión o problema,Medio: el error podría causar cierta confusión o problema,Medio: el error podría causar cierta confusión o problema,True,True,"Explicaciones centradas en atributos o características concretas, Explicaciones basadas en reglas o razonamientos paso a paso","Explicaciones centradas en atributos o características concretas, Explicaciones basadas en reglas o razonamientos paso a paso, Explicaciones visuales (zonas destacadas en la imagen)","Explicaciones centradas en atributos o características concretas, Explicaciones basadas en reglas o razonamientos paso a paso, Explicaciones visuales (zonas destacadas en la imagen)",False,False,0.6666666666666666,0.6666666666666666,"Transparencia: entender por qué el sistema tomó esa decisión, Confianza: sentir mayor seguridad en la respuesta del sistema","Transparencia: entender por qué el sistema tomó esa decisión, Confianza: sentir mayor seguridad en la respuesta del sistema, Efectividad: recibir una explicación útil para realizar mejor la tarea, Satisfacción: que la explicación resulte clara y útil para ti, Detección de errores(Debugging): detectar fallos, errores o comportamientos inesperados del sistema, Educación: aprender más sobre la imagen, el problema o el funcionamiento del sistema, Escrutinio: evaluar críticamente si la decisión del sistema es adecuada, razonable o justa","Confianza: sentir mayor seguridad en la respuesta del sistema, Detección de errores(Debugging): detectar fallos, errores o comportamientos inesperados del sistema, Escrutinio: evaluar críticamente si la decisión del sistema es adecuada, razonable o justa",False,False,0.2,0.16666666666666666
C0070,U007,4,260,11,Opción C,Opción B,Opción B,False,False,Corta: solo lo esencial,Media: explicación breve con algo de detalle,Media: explicación breve con algo de detalle,False,False,Simple: lenguaje claro y sin tecnicismos,"Intermedio: algunos términos técnicos, pero fáciles de seguir","Intermedio: algunos términos técnicos, pero fáciles de seguir",False,False,Texto breve + imagen,Texto breve + imagen,Texto breve + imagen,True,True,Bajo: el error apenas tendría consecuencias,Medio: el error podría causar cierta confusión o problema,Medio: el error podría causar cierta confusión o problema,False,False,"Explicaciones centradas en atributos o características concretas, Explicaciones basadas en reglas o razonamientos paso a paso","Explicaciones centradas en atributos o características concretas, Explicaciones basadas en reglas o razonamientos paso a paso, Explicaciones visuales (zonas destacadas en la imagen)","Explicaciones centradas en atributos o características concretas, Explicaciones basadas en reglas o razonamientos paso a paso, Explicaciones visuales (zonas destacadas en la imagen)",False,False,0.6666666666666666,0.6666666666666666,"Transparencia: entender por qué el sistema tomó esa decisión, Confianza: sentir mayor seguridad en la respuesta del sistema, Satisfacción: que la explicación resulte clara y útil para ti, Persuasión: convencerte de que la decisión del sistema está justificada, Detección de errores(Debugging): detectar fallos, errores o comportamientos inesperados del sistema","Transparencia: entender por qué el sistema tomó esa decisión, Eficiencia: comprender la respuesta de forma rápida, Confianza: sentir mayor seguridad en la respuesta del sistema","Transparencia: entender por qué el sistema tomó esa decisión, Confianza: sentir mayor seguridad en la respuesta del sistema",False,False,0.2857142857142857,0.3333333333333333
C0081,U008,4,260,11,Opción E,Opción E,Opción B,True,False,Media: explicación breve con algo de detalle,Media: explicación breve con algo de detalle,Media: explicación breve con algo de detalle,True,True,"Intermedio: algunos términos técnicos, pero fáciles de seguir","Intermedio: algunos términos técnicos, pero fáciles de seguir","Intermedio: algunos términos técnicos, pero fáciles de seguir",True,True,Texto breve + imagen,Texto breve + imagen,Texto breve + imagen,True,True,Medio: el error podría causar cierta confusión o problema,Medio: el error podría causar cierta confusión o problema,Medio: el error podría causar cierta confusión o problema,True,True,"Explicaciones con ejemplos similares, Explicaciones con comparaciones o contraejemplos","Explicaciones con ejemplos similares, Explicaciones con comparaciones o contraejemplos, Explicaciones visuales (zonas destacadas en la imagen)","Explicaciones centradas en atributos o características concretas, Explicaciones basadas en reglas o razonamientos paso a paso, Explicaciones visuales (zonas destacadas en la imagen)",False,False,0.6666666666666666,0.0,"Transparencia: entender por qué el sistema tomó esa decisión, Eficiencia: comprender la respuesta de forma rápida, Efectividad: recibir una explicación útil para realizar mejor la tarea, Satisfacción: que la explicación resulte clara y útil para ti","Eficiencia: comprender la respuesta de forma rápida, Satisfacción: que la explicación resulte clara y útil para ti, Detección de errores(Debugging): detectar fallos, errores o comportamientos inesperados del sistema","Transparencia: entender por qué el sistema tomó esa decisión, Confianza: sentir mayor seguridad en la respuesta del sistema",False,False,0.3333333333333333,0.2
C0092,U009,4,260,11,Opción E,Opción B,Opción B,False,False,Media: explicación breve con algo de detalle,Media: explicación breve con algo de detalle,Media: explicación breve con algo de detalle,True,True,Simple: lenguaje claro y sin tecnicismos,"Intermedio: algunos términos técnicos, pero fáciles de seguir","Intermedio: algunos términos técnicos, pero fáciles de seguir",False,False,Texto breve + imagen,Texto breve + imagen,Texto breve + imagen,True,True,Medio: el error podría causar cierta confusión o problema,Medio: el error podría causar cierta confusión o problema,Medio: el error podría causar cierta confusión o problema,True,True,"Explicaciones con ejemplos similares, Explicaciones basadas en reglas o razonamientos paso a paso, Explicaciones visuales (zonas destacadas en la imagen)","Explicaciones centradas en atributos o características concretas, Explicaciones basadas en reglas o razonamientos paso a paso, Explicaciones visuales (zonas destacadas en la imagen)","Explicaciones centradas en atributos o características concretas, Explicaciones basadas en reglas o razonamientos paso a paso, Explicaciones visuales (zonas destacadas en la imagen)",False,False,0.5,0.5,"Eficiencia: comprender la respuesta de forma rápida, Efectividad: recibir una explicación útil para realizar mejor la tarea","Transparencia: entender por qué el sistema tomó esa decisión, Confianza: sentir mayor seguridad en la respuesta del sistema","Transparencia: entender por qué el sistema tomó esa decisión, Confianza: sentir mayor seguridad en la respuesta del sistema",False,False,0.0,0.0
C0103,U010,4,260,11,Opción C,Opción E,Opción B,False,False,Corta: solo lo esencial,Media: explicación breve con algo de detalle,Media: explicación breve con algo de detalle,False,False,Simple: lenguaje claro y sin tecnicismos,"Intermedio: algunos términos técnicos, pero fáciles de seguir","Intermedio: algunos términos técnicos, pero fáciles de seguir",False,False,Me da igual,Texto breve + imagen,Texto breve + imagen,False,False,Medio: el error podría causar cierta confusión o problema,Medio: el error podría causar cierta confusión o problema,Medio: el error podría causar cierta confusión o problema,True,True,No tengo preferencia / me da igual,"Explicaciones con ejemplos similares, Explicaciones con comparaciones o contraejemplos, Explicaciones visuales (zonas destacadas en la imagen)","Explicaciones centradas en atributos o características concretas, Explicaciones basadas en reglas o razonamientos paso a paso, Explicaciones visuales (zonas destacadas en la imagen)",False,False,0.0,0.0,"Eficiencia: comprender la respuesta de forma rápida, Confianza: sentir mayor seguridad en la respuesta del sistema","Transparencia: entender por qué el sistema tomó esa decisión, Detección de errores(Debugging): detectar fallos, errores o comportamientos inesperados del sistema, Educación: aprender más sobre la imagen, el problema o el funcionamiento del sistema","Transparencia: entender por qué el sistema tomó esa decisión, Confianza: sentir mayor seguridad en la respuesta del sistema",False,False,0.0,0.3333333333333333
C0114,U011,4,260,11,Opción B,Opción F (Ninguna),Opción B,False,True,Media: explicación breve con algo de detalle,Media: explicación breve con algo de detalle,Media: explicación breve con algo de detalle,True,True,"Intermedio: algunos términos técnicos, pero fáciles de seguir","Intermedio: algunos términos técnicos, pero fáciles de seguir","Intermedio: algunos términos técnicos, pero fáciles de seguir",True,True,Texto detallado + imagen,Texto breve + imagen,Texto breve + imagen,False,False,Medio: el error podría causar cierta confusión o problema,Medio: el error podría causar cierta confusión o problema,Medio: el error podría causar cierta confusión o problema,True,True,"Explicaciones con ejemplos similares, Explicaciones con comparaciones o contraejemplos, Explicaciones basadas en reglas o razonamientos paso a paso, Explicaciones visuales (zonas destacadas en la imagen)","Explicaciones con ejemplos similares, Explicaciones con comparaciones o contraejemplos, Explicaciones visuales (zonas destacadas en la imagen)","Explicaciones centradas en atributos o características concretas, Explicaciones basadas en reglas o razonamientos paso a paso, Explicaciones visuales (zonas destacadas en la imagen)",False,False,0.75,0.4,"Transparencia: entender por qué el sistema tomó esa decisión, Eficiencia: comprender la respuesta de forma rápida, Efectividad: recibir una explicación útil para realizar mejor la tarea, Persuasión: convencerte de que la decisión del sistema está justificada, Detección de errores(Debugging): detectar fallos, errores o comportamientos inesperados del sistema, Escrutinio: evaluar críticamente si la decisión del sistema es adecuada, razonable o justa","Transparencia: entender por qué el sistema tomó esa decisión, Satisfacción: que la explicación resulte clara y útil para ti, Detección de errores(Debugging): detectar fallos, errores o comportamientos inesperados del sistema, Educación: aprender más sobre la imagen, el problema o el funcionamiento del sistema","Transparencia: entender por qué el sistema tomó esa decisión, Confianza: sentir mayor seguridad en la respuesta del sistema",False,False,0.2727272727272727,0.1111111111111111
C0125,U012,4,260,11,Opción A,Opción E,Opción B,False,False,Corta: solo lo esencial,Media: explicación breve con algo de detalle,Media: explicación breve con algo de detalle,False,False,"Intermedio: algunos términos técnicos, pero fáciles de seguir","Intermedio: algunos términos técnicos, pero fáciles de seguir","Intermedio: algunos términos técnicos, pero fáciles de seguir",True,True,Texto breve + imagen,Texto breve + imagen,Texto breve + imagen,True,True,Alto: el error podría tener consecuencias importantes,Medio: el error podría causar cierta confusión o problema,Medio: el error podría causar cierta confusión o problema,False,False,"Explicaciones con comparaciones o contraejemplos, Explicaciones centradas en atributos o características concretas, Explicaciones visuales (zonas destacadas en la imagen)","Explicaciones con ejemplos similares, Explicaciones con comparaciones o contraejemplos, Explicaciones visuales (zonas destacadas en la imagen)","Explicaciones centradas en atributos o características concretas, Explicaciones basadas en reglas o razonamientos paso a paso, Explicaciones visuales (zonas destacadas en la imagen)",False,False,0.5,0.5,"Transparencia: entender por qué el sistema tomó esa decisión, Eficiencia: comprender la respuesta de forma rápida, Satisfacción: que la explicación resulte clara y útil para ti, Detección de errores(Debugging): detectar fallos, errores o comportamientos inesperados del sistema, Escrutinio: evaluar críticamente si la decisión del sistema es adecuada, razonable o justa","Confianza: sentir mayor seguridad en la respuesta del sistema, Efectividad: recibir una explicación útil para realizar mejor la tarea, Satisfacción: que la explicación resulte clara y útil para ti, Detección de errores(Debugging): detectar fallos, errores o comportamientos inesperados del sistema","Transparencia: entender por qué el sistema tomó esa decisión, Confianza: sentir mayor seguridad en la respuesta del sistema",False,False,0.3333333333333333,0.125
C0136,U013,4,260,11,Opción A,Opción E,Opción B,False,False,Corta: solo lo esencial,Media: explicación breve con algo de detalle,Media: explicación breve con algo de detalle,False,False,Simple: lenguaje claro y sin tecnicismos,"Intermedio: algunos términos técnicos, pero fáciles de seguir","Intermedio: algunos términos técnicos, pero fáciles de seguir",False,False,Me da igual,Texto breve + imagen,Texto breve + imagen,False,False,Medio: el error podría causar cierta confusión o problema,Medio: el error podría causar cierta confusión o problema,Medio: el error podría causar cierta confusión o problema,True,True,No tengo preferencia / me da igual,"Explicaciones con ejemplos similares, Explicaciones con comparaciones o contraejemplos, Explicaciones visuales (zonas destacadas en la imagen)","Explicaciones centradas en atributos o características concretas, Explicaciones basadas en reglas o razonamientos paso a paso, Explicaciones visuales (zonas destacadas en la imagen)",False,False,0.0,0.0,"Educación: aprender más sobre la imagen, el problema o el funcionamiento del sistema","Eficiencia: comprender la respuesta de forma rápida, Confianza: sentir mayor seguridad en la respuesta del sistema","Transparencia: entender por qué el sistema tomó esa decisión, Confianza: sentir mayor seguridad en la respuesta del sistema",False,False,0.0,0.0
C0147,U014,4,260,11,Opción A,Opción E,Opción B,False,False,Larga: explicación completa y detallada,Media: explicación breve con algo de detalle,Media: explicación breve con algo de detalle,False,False,"Intermedio: algunos términos técnicos, pero fáciles de seguir","Intermedio: algunos términos técnicos, pero fáciles de seguir","Intermedio: algunos términos técnicos, pero fáciles de seguir",True,True,Texto detallado + imagen,Texto breve + imagen,Texto breve + imagen,False,False,Medio: el error podría causar cierta confusión o problema,Medio: el error podría causar cierta confusión o problema,Medio: el error podría causar cierta confusión o problema,True,True,"Explicaciones con comparaciones o contraejemplos, Explicaciones centradas en atributos o características concretas, Explicaciones basadas en reglas o razonamientos paso a paso","Explicaciones con comparaciones o contraejemplos, Explicaciones visuales (zonas destacadas en la imagen)","Explicaciones centradas en atributos o características concretas, Explicaciones basadas en reglas o razonamientos paso a paso, Explicaciones visuales (zonas destacadas en la imagen)",False,False,0.25,0.5,"Transparencia: entender por qué el sistema tomó esa decisión, Confianza: sentir mayor seguridad en la respuesta del sistema, Efectividad: recibir una explicación útil para realizar mejor la tarea, Satisfacción: que la explicación resulte clara y útil para ti, Detección de errores(Debugging): detectar fallos, errores o comportamientos inesperados del sistema, Educación: aprender más sobre la imagen, el problema o el funcionamiento del sistema, Escrutinio: evaluar críticamente si la decisión del sistema es adecuada, razonable o justa","Transparencia: entender por qué el sistema tomó esa decisión, Confianza: sentir mayor seguridad en la respuesta del sistema","Transparencia: entender por qué el sistema tomó esa decisión, Confianza: sentir mayor seguridad en la respuesta del sistema",False,False,0.2,0.2
C0158,U015,4,260,11,Opción E,Opción B,Opción B,False,False,Media: explicación breve con algo de detalle,Media: explicación breve con algo de detalle,Media: explicación breve con algo de detalle,True,True,"Intermedio: algunos términos técnicos, pero fáciles de seguir","Intermedio: algunos términos técnicos, pero fáciles de seguir","Intermedio: algunos términos técnicos, pero fáciles de seguir",True,True,Texto detallado + imagen,Texto breve + imagen,Texto breve + imagen,False,False,Alto: el error podría tener consecuencias importantes,Medio: el error podría causar cierta confusión o problema,Medio: el error podría causar cierta confusión o problema,False,False,"Explicaciones con comparaciones o contraejemplos, Explicaciones visuales (zonas destacadas en la imagen)","Explicaciones centradas en atributos o características concretas, Explicaciones basadas en reglas o razonamientos paso a paso, Explicaciones visuales (zonas destacadas en la imagen)","Explicaciones centradas en atributos o características concretas, Explicaciones basadas en reglas o razonamientos paso a paso, Explicaciones visuales (zonas destacadas en la imagen)",False,False,0.25,0.25,"Transparencia: entender por qué el sistema tomó esa decisión, Detección de errores(Debugging): detectar fallos, errores o comportamientos inesperados del sistema, Educación: aprender más sobre la imagen, el problema o el funcionamiento del sistema, Escrutinio: evaluar críticamente si la decisión del sistema es adecuada, razonable o justa","Confianza: sentir mayor seguridad en la respuesta del sistema, Detección de errores(Debugging): detectar fallos, errores o comportamientos inesperados del sistema, Escrutinio: evaluar críticamente si la decisión del sistema es adecuada, razonable o justa","Transparencia: entender por qué el sistema tomó esa decisión, Confianza: sentir mayor seguridad en la respuesta del sistema",False,False,0.5,0.125
C0169,U016,4,260,11,Opción A,Opción E,Opción B,False,False,Media: explicación breve con algo de detalle,Media: explicación breve con algo de detalle,Media: explicación breve con algo de detalle,True,True,"Intermedio: algunos términos técnicos, pero fáciles de seguir","Intermedio: algunos términos técnicos, pero fáciles de seguir","Intermedio: algunos términos técnicos, pero fáciles de seguir",True,True,Texto breve + imagen,Texto breve + imagen,Texto breve + imagen,True,True,Medio: el error podría causar cierta confusión o problema,Medio: el error podría causar cierta confusión o problema,Medio: el error podría causar cierta confusión o problema,True,True,"Explicaciones con ejemplos similares, Explicaciones basadas en reglas o razonamientos paso a paso, Explicaciones visuales (zonas destacadas en la imagen)","Explicaciones con ejemplos similares, Explicaciones con comparaciones o contraejemplos, Explicaciones visuales (zonas destacadas en la imagen)","Explicaciones centradas en atributos o características concretas, Explicaciones basadas en reglas o razonamientos paso a paso, Explicaciones visuales (zonas destacadas en la imagen)",False,False,0.5,0.5,"Confianza: sentir mayor seguridad en la respuesta del sistema, Efectividad: recibir una explicación útil para realizar mejor la tarea, Satisfacción: que la explicación resulte clara y útil para ti, Detección de errores(Debugging): detectar fallos, errores o comportamientos inesperados del sistema","Efectividad: recibir una explicación útil para realizar mejor la tarea, Satisfacción: que la explicación resulte clara y útil para ti","Transparencia: entender por qué el sistema tomó esa decisión, Confianza: sentir mayor seguridad en la respuesta del sistema",False,False,0.4,0.16666666666666666
C0180,U017,4,260,11,Opción D,Opción E,Opción B,False,False,Media: explicación breve con algo de detalle,Media: explicación breve con algo de detalle,Media: explicación breve con algo de detalle,True,True,"Intermedio: algunos términos técnicos, pero fáciles de seguir","Intermedio: algunos términos técnicos, pero fáciles de seguir","Intermedio: algunos términos técnicos, pero fáciles de seguir",True,True,Principalmente visual,Texto breve + imagen,Texto breve + imagen,False,False,Alto: el error podría tener consecuencias importantes,Medio: el error podría causar cierta confusión o problema,Medio: el error podría causar cierta confusión o problema,False,False,"Explicaciones con comparaciones o contraejemplos, Explicaciones visuales (zonas destacadas en la imagen)","Explicaciones con ejemplos similares, Explicaciones con comparaciones o contraejemplos, Explicaciones visuales (zonas destacadas en la imagen)","Explicaciones centradas en atributos o características concretas, Explicaciones basadas en reglas o razonamientos paso a paso, Explicaciones visuales (zonas destacadas en la imagen)",False,False,0.6666666666666666,0.25,"Transparencia: entender por qué el sistema tomó esa decisión, Detección de errores(Debugging): detectar fallos, errores o comportamientos inesperados del sistema, Educación: aprender más sobre la imagen, el problema o el funcionamiento del sistema","Eficiencia: comprender la respuesta de forma rápida, Confianza: sentir mayor seguridad en la respuesta del sistema","Transparencia: entender por qué el sistema tomó esa decisión, Confianza: sentir mayor seguridad en la respuesta del sistema",False,False,0.0,0.16666666666666666
C0191,U018,4,260,11,Opción E,Opción E,Opción B,True,False,Media: explicación breve con algo de detalle,Media: explicación breve con algo de detalle,Media: explicación breve con algo de detalle,True,True,"Intermedio: algunos términos técnicos, pero fáciles de seguir","Intermedio: algunos términos técnicos, pero fáciles de seguir","Intermedio: algunos términos técnicos, pero fáciles de seguir",True,True,Texto breve + imagen,Texto breve + imagen,Texto breve + imagen,True,True,Medio: el error podría causar cierta confusión o problema,Medio: el error podría causar cierta confusión o problema,Medio: el error podría causar cierta confusión o problema,True,True,Explicaciones con comparaciones o contraejemplos,"Explicaciones con ejemplos similares, Explicaciones con comparaciones o contraejemplos, Explicaciones visuales (zonas destacadas en la imagen)","Explicaciones centradas en atributos o características concretas, Explicaciones basadas en reglas o razonamientos paso a paso, Explicaciones visuales (zonas destacadas en la imagen)",False,False,0.3333333333333333,0.0,"Efectividad: recibir una explicación útil para realizar mejor la tarea, Satisfacción: que la explicación resulte clara y útil para ti","Confianza: sentir mayor seguridad en la respuesta del sistema, Efectividad: recibir una explicación útil para realizar mejor la tarea, Satisfacción: que la explicación resulte clara y útil para ti, Detección de errores(Debugging): detectar fallos, errores o comportamientos inesperados del sistema","Transparencia: entender por qué el sistema tomó esa decisión, Confianza: sentir mayor seguridad en la respuesta del sistema",False,False,0.4,0.0
C0202,U019,4,260,11,Opción C,Opción B,Opción B,False,False,Media: explicación breve con algo de detalle,Media: explicación breve con algo de detalle,Media: explicación breve con algo de detalle,True,True,"Intermedio: algunos términos técnicos, pero fáciles de seguir","Intermedio: algunos términos técnicos, pero fáciles de seguir","Intermedio: algunos términos técnicos, pero fáciles de seguir",True,True,Texto detallado + imagen,Texto breve + imagen,Texto breve + imagen,False,False,Alto: el error podría tener consecuencias importantes,Medio: el error podría causar cierta confusión o problema,Medio: el error podría causar cierta confusión o problema,False,False,"Explicaciones con ejemplos similares, Explicaciones con comparaciones o contraejemplos, Explicaciones centradas en atributos o características concretas","Explicaciones centradas en atributos o características concretas, Explicaciones basadas en reglas o razonamientos paso a paso, Explicaciones visuales (zonas destacadas en la imagen)","Explicaciones centradas en atributos o características concretas, Explicaciones basadas en reglas o razonamientos paso a paso, Explicaciones visuales (zonas destacadas en la imagen)",False,False,0.2,0.2,"Transparencia: entender por qué el sistema tomó esa decisión, Confianza: sentir mayor seguridad en la respuesta del sistema, Efectividad: recibir una explicación útil para realizar mejor la tarea, Satisfacción: que la explicación resulte clara y útil para ti","Transparencia: entender por qué el sistema tomó esa decisión, Detección de errores(Debugging): detectar fallos, errores o comportamientos inesperados del sistema, Escrutinio: evaluar críticamente si la decisión del sistema es adecuada, razonable o justa","Transparencia: entender por qué el sistema tomó esa decisión, Confianza: sentir mayor seguridad en la respuesta del sistema",False,False,0.125,0.5
C0213,U020,4,260,11,Opción A,Opción E,Opción B,False,False,Media: explicación breve con algo de detalle,Media: explicación breve con algo de detalle,Media: explicación breve con algo de detalle,True,True,"Intermedio: algunos términos técnicos, pero fáciles de seguir","Intermedio: algunos términos técnicos, pero fáciles de seguir","Intermedio: algunos términos técnicos, pero fáciles de seguir",True,True,Texto detallado + imagen,Texto breve + imagen,Texto breve + imagen,False,False,Alto: el error podría tener consecuencias importantes,Medio: el error podría causar cierta confusión o problema,Medio: el error podría causar cierta confusión o problema,False,False,"Explicaciones centradas en atributos o características concretas, Explicaciones basadas en reglas o razonamientos paso a paso, Explicaciones visuales (zonas destacadas en la imagen)","Explicaciones centradas en atributos o características concretas, Explicaciones basadas en reglas o razonamientos paso a paso, Explicaciones visuales (zonas destacadas en la imagen)","Explicaciones centradas en atributos o características concretas, Explicaciones basadas en reglas o razonamientos paso a paso, Explicaciones visuales (zonas destacadas en la imagen)",True,True,1.0,1.0,"Transparencia: entender por qué el sistema tomó esa decisión, Confianza: sentir mayor seguridad en la respuesta del sistema, Satisfacción: que la explicación resulte clara y útil para ti, Educación: aprender más sobre la imagen, el problema o el funcionamiento del sistema","Eficiencia: comprender la respuesta de forma rápida, Confianza: sentir mayor seguridad en la respuesta del sistema","Transparencia: entender por qué el sistema tomó esa decisión, Confianza: sentir mayor seguridad en la respuesta del sistema",False,False,0.16666666666666666,0.4
C0224,U021,4,260,11,Opción E,Opción B,Opción B,False,False,Media: explicación breve con algo de detalle,Media: explicación breve con algo de detalle,Media: explicación breve con algo de detalle,True,True,"Intermedio: algunos términos técnicos, pero fáciles de seguir","Intermedio: algunos términos técnicos, pero fáciles de seguir","Intermedio: algunos términos técnicos, pero fáciles de seguir",True,True,Texto breve + imagen,Texto breve + imagen,Texto breve + imagen,True,True,Alto: el error podría tener consecuencias importantes,Medio: el error podría causar cierta confusión o problema,Medio: el error podría causar cierta confusión o problema,False,False,"Explicaciones centradas en atributos o características concretas, Explicaciones visuales (zonas destacadas en la imagen)","Explicaciones centradas en atributos o características concretas, Explicaciones basadas en reglas o razonamientos paso a paso, Explicaciones visuales (zonas destacadas en la imagen)","Explicaciones centradas en atributos o características concretas, Explicaciones basadas en reglas o razonamientos paso a paso, Explicaciones visuales (zonas destacadas en la imagen)",False,False,0.6666666666666666,0.6666666666666666,"Transparencia: entender por qué el sistema tomó esa decisión, Eficiencia: comprender la respuesta de forma rápida, Efectividad: recibir una explicación útil para realizar mejor la tarea, Detección de errores(Debugging): detectar fallos, errores o comportamientos inesperados del sistema","Transparencia: entender por qué el sistema tomó esa decisión, Detección de errores(Debugging): detectar fallos, errores o comportamientos inesperados del sistema, Educación: aprender más sobre la imagen, el problema o el funcionamiento del sistema, Escrutinio: evaluar críticamente si la decisión del sistema es adecuada, razonable o justa","Transparencia: entender por qué el sistema tomó esa decisión, Confianza: sentir mayor seguridad en la respuesta del sistema",False,False,0.3333333333333333,0.16666666666666666
C0235,U022,4,260,11,Opción C,Opción E,Opción B,False,False,Media: explicación breve con algo de detalle,Media: explicación breve con algo de detalle,Media: explicación breve con algo de detalle,True,True,"Intermedio: algunos términos técnicos, pero fáciles de seguir","Intermedio: algunos términos técnicos, pero fáciles de seguir","Intermedio: algunos términos técnicos, pero fáciles de seguir",True,True,Texto breve + imagen,Texto breve + imagen,Texto breve + imagen,True,True,Medio: el error podría causar cierta confusión o problema,Medio: el error podría causar cierta confusión o problema,Medio: el error podría causar cierta confusión o problema,True,True,Explicaciones visuales (zonas destacadas en la imagen),"Explicaciones con ejemplos similares, Explicaciones basadas en reglas o razonamientos paso a paso, Explicaciones visuales (zonas destacadas en la imagen)","Explicaciones centradas en atributos o características concretas, Explicaciones basadas en reglas o razonamientos paso a paso, Explicaciones visuales (zonas destacadas en la imagen)",False,False,0.3333333333333333,0.3333333333333333,"Eficiencia: comprender la respuesta de forma rápida, Efectividad: recibir una explicación útil para realizar mejor la tarea, Satisfacción: que la explicación resulte clara y útil para ti, Detección de errores(Debugging): detectar fallos, errores o comportamientos inesperados del sistema","Eficiencia: comprender la respuesta de forma rápida, Efectividad: recibir una explicación útil para realizar mejor la tarea","Transparencia: entender por qué el sistema tomó esa decisión, Confianza: sentir mayor seguridad en la respuesta del sistema",False,False,0.4,0.0
C0246,U023,4,260,11,Opción B,Opción B,Opción B,True,True,Corta: solo lo esencial,Media: explicación breve con algo de detalle,Media: explicación breve con algo de detalle,False,False,Simple: lenguaje claro y sin tecnicismos,"Intermedio: algunos términos técnicos, pero fáciles de seguir","Intermedio: algunos términos técnicos, pero fáciles de seguir",False,False,Texto breve + imagen,Texto breve + imagen,Texto breve + imagen,True,True,Medio: el error podría causar cierta confusión o problema,Medio: el error podría causar cierta confusión o problema,Medio: el error podría causar cierta confusión o problema,True,True,"Explicaciones con ejemplos similares, Explicaciones con comparaciones o contraejemplos, Explicaciones basadas en reglas o razonamientos paso a paso, Explicaciones visuales (zonas destacadas en la imagen)","Explicaciones centradas en atributos o características concretas, Explicaciones basadas en reglas o razonamientos paso a paso, Explicaciones visuales (zonas destacadas en la imagen)","Explicaciones centradas en atributos o características concretas, Explicaciones basadas en reglas o razonamientos paso a paso, Explicaciones visuales (zonas destacadas en la imagen)",False,False,0.4,0.4,"Transparencia: entender por qué el sistema tomó esa decisión, Eficiencia: comprender la respuesta de forma rápida, Confianza: sentir mayor seguridad en la respuesta del sistema, Efectividad: recibir una explicación útil para realizar mejor la tarea, Satisfacción: que la explicación resulte clara y útil para ti, Persuasión: convencerte de que la decisión del sistema está justificada, Detección de errores(Debugging): detectar fallos, errores o comportamientos inesperados del sistema, Educación: aprender más sobre la imagen, el problema o el funcionamiento del sistema, Escrutinio: evaluar críticamente si la decisión del sistema es adecuada, razonable o justa","Transparencia: entender por qué el sistema tomó esa decisión, Confianza: sentir mayor seguridad en la respuesta del sistema","Transparencia: entender por qué el sistema tomó esa decisión, Confianza: sentir mayor seguridad en la respuesta del sistema",False,False,0.16666666666666666,0.16666666666666666
C0257,U024,4,260,11,Opción C,Opción E,Opción B,False,False,Media: explicación breve con algo de detalle,Media: explicación breve con algo de detalle,Media: explicación breve con algo de detalle,True,True,"Intermedio: algunos términos técnicos, pero fáciles de seguir","Intermedio: algunos términos técnicos, pero fáciles de seguir","Intermedio: algunos términos técnicos, pero fáciles de seguir",True,True,Texto breve + imagen,Texto breve + imagen,Texto breve + imagen,True,True,Medio: el error podría causar cierta confusión o problema,Medio: el error podría causar cierta confusión o problema,Medio: el error podría causar cierta confusión o problema,True,True,"Explicaciones con ejemplos similares, Explicaciones con comparaciones o contraejemplos, Explicaciones visuales (zonas destacadas en la imagen)","Explicaciones con comparaciones o contraejemplos, Explicaciones visuales (zonas destacadas en la imagen)","Explicaciones centradas en atributos o características concretas, Explicaciones basadas en reglas o razonamientos paso a paso, Explicaciones visuales (zonas destacadas en la imagen)",False,False,0.6666666666666666,0.2,"Eficiencia: comprender la respuesta de forma rápida, Satisfacción: que la explicación resulte clara y útil para ti, Detección de errores(Debugging): detectar fallos, errores o comportamientos inesperados del sistema","Transparencia: entender por qué el sistema tomó esa decisión, Eficiencia: comprender la respuesta de forma rápida, Efectividad: recibir una explicación útil para realizar mejor la tarea, Satisfacción: que la explicación resulte clara y útil para ti","Transparencia: entender por qué el sistema tomó esa decisión, Confianza: sentir mayor seguridad en la respuesta del sistema",False,False,0.3333333333333333,0.0
C0268,U025,4,260,11,Opción B,Opción B,Opción B,True,True,Media: explicación breve con algo de detalle,Media: explicación breve con algo de detalle,Media: explicación breve con algo de detalle,True,True,"Intermedio: algunos términos técnicos, pero fáciles de seguir","Intermedio: algunos términos técnicos, pero fáciles de seguir","Intermedio: algunos términos técnicos, pero fáciles de seguir",True,True,Texto breve + imagen,Texto breve + imagen,Texto breve + imagen,True,True,Medio: el error podría causar cierta confusión o problema,Alto: el error podría tener consecuencias importantes,Medio: el error podría causar cierta confusión o problema,False,True,"Explicaciones centradas en atributos o características concretas, Explicaciones basadas en reglas o razonamientos paso a paso, Explicaciones visuales (zonas destacadas en la imagen)","Explicaciones centradas en atributos o características concretas, Explicaciones basadas en reglas o razonamientos paso a paso","Explicaciones centradas en atributos o características concretas, Explicaciones basadas en reglas o razonamientos paso a paso, Explicaciones visuales (zonas destacadas en la imagen)",False,True,0.6666666666666666,1.0,"Transparencia: entender por qué el sistema tomó esa decisión, Detección de errores(Debugging): detectar fallos, errores o comportamientos inesperados del sistema, Escrutinio: evaluar críticamente si la decisión del sistema es adecuada, razonable o justa","Transparencia: entender por qué el sistema tomó esa decisión, Confianza: sentir mayor seguridad en la respuesta del sistema","Transparencia: entender por qué el sistema tomó esa decisión, Confianza: sentir mayor seguridad en la respuesta del sistema",False,False,0.16666666666666666,0.16666666666666666
C0279,U026,4,260,11,Opción E,Opción B,Opción B,False,False,Larga: explicación completa y detallada,Media: explicación breve con algo de detalle,Media: explicación breve con algo de detalle,False,False,"Intermedio: algunos términos técnicos, pero fáciles de seguir","Intermedio: algunos términos técnicos, pero fáciles de seguir","Intermedio: algunos términos técnicos, pero fáciles de seguir",True,True,Principalmente visual,Texto breve + imagen,Texto breve + imagen,False,False,Alto: el error podría tener consecuencias importantes,Medio: el error podría causar cierta confusión o problema,Medio: el error podría causar cierta confusión o problema,False,False,"Explicaciones con ejemplos similares, Explicaciones basadas en reglas o razonamientos paso a paso","Explicaciones centradas en atributos o características concretas, Explicaciones basadas en reglas o razonamientos paso a paso, Explicaciones visuales (zonas destacadas en la imagen)","Explicaciones centradas en atributos o características concretas, Explicaciones basadas en reglas o razonamientos paso a paso, Explicaciones visuales (zonas destacadas en la imagen)",False,False,0.25,0.25,"Transparencia: entender por qué el sistema tomó esa decisión, Confianza: sentir mayor seguridad en la respuesta del sistema, Detección de errores(Debugging): detectar fallos, errores o comportamientos inesperados del sistema, Escrutinio: evaluar críticamente si la decisión del sistema es adecuada, razonable o justa","Confianza: sentir mayor seguridad en la respuesta del sistema, Detección de errores(Debugging): detectar fallos, errores o comportamientos inesperados del sistema, Escrutinio: evaluar críticamente si la decisión del sistema es adecuada, razonable o justa","Transparencia: entender por qué el sistema tomó esa decisión, Confianza: sentir mayor seguridad en la respuesta del sistema",False,False,0.8333333333333334,0.3333333333333333
C0290,U027,4,260,11,Opción B,Opción E,Opción B,False,True,Media: explicación breve con algo de detalle,Media: explicación breve con algo de detalle,Media: explicación breve con algo de detalle,True,True,"Intermedio: algunos términos técnicos, pero fáciles de seguir","Intermedio: algunos términos técnicos, pero fáciles de seguir","Intermedio: algunos términos técnicos, pero fáciles de seguir",True,True,Texto breve + imagen,Texto breve + imagen,Texto breve + imagen,True,True,Alto: el error podría tener consecuencias importantes,Medio: el error podría causar cierta confusión o problema,Medio: el error podría causar cierta confusión o problema,False,False,"Explicaciones centradas en atributos o características concretas, Explicaciones basadas en reglas o razonamientos paso a paso, Explicaciones visuales (zonas destacadas en la imagen)","Explicaciones con comparaciones o contraejemplos, Explicaciones visuales (zonas destacadas en la imagen)","Explicaciones centradas en atributos o características concretas, Explicaciones basadas en reglas o razonamientos paso a paso, Explicaciones visuales (zonas destacadas en la imagen)",False,True,0.25,1.0,"Transparencia: entender por qué el sistema tomó esa decisión, Confianza: sentir mayor seguridad en la respuesta del sistema","Confianza: sentir mayor seguridad en la respuesta del sistema, Detección de errores(Debugging): detectar fallos, errores o comportamientos inesperados del sistema, Escrutinio: evaluar críticamente si la decisión del sistema es adecuada, razonable o justa","Confianza: sentir mayor seguridad en la respuesta del sistema, Detección de errores(Debugging): detectar fallos, errores o comportamientos inesperados del sistema, Escrutinio: evaluar críticamente si la decisión del sistema es adecuada, razonable o justa",False,False,0.16666666666666666,0.16666666666666666
C0005,U001,5,260,11,Opción F (Ninguna),Opción C,Opción B,False,False,Media: explicación breve con algo de detalle,Media: explicación breve con algo de detalle,Media: explicación breve con algo de detalle,True,True,"Intermedio: algunos términos técnicos, pero fáciles de seguir","Intermedio: algunos términos técnicos, pero fáciles de seguir","Intermedio: algunos términos técnicos, pero fáciles de seguir",True,True,Texto breve + imagen,Principalmente visual,Texto breve + imagen,False,True,Medio: el error podría causar cierta confusión o problema,Alto: el error podría tener consecuencias importantes,Medio: el error podría causar cierta confusión o problema,False,True,"Explicaciones basadas en reglas o razonamientos paso a paso, Explicaciones visuales (zonas destacadas en la imagen)","Explicaciones centradas en atributos o características concretas, Explicaciones basadas en reglas o razonamientos paso a paso, Explicaciones visuales (zonas destacadas en la imagen)","Explicaciones centradas en atributos o características concretas, Explicaciones basadas en reglas o razonamientos paso a paso, Explicaciones visuales (zonas destacadas en la imagen)",False,False,0.6666666666666666,0.6666666666666666,"Confianza: sentir mayor seguridad en la respuesta del sistema, Detección de errores(Debugging): detectar fallos, errores o comportamientos inesperados del sistema, Escrutinio: evaluar críticamente si la decisión del sistema es adecuada, razonable o justa","Transparencia: entender por qué el sistema tomó esa decisión, Confianza: sentir mayor seguridad en la respuesta del sistema","Transparencia: entender por qué el sistema tomó esa decisión, Confianza: sentir mayor seguridad en la respuesta del sistema",False,False,0.16666666666666666,0.16666666666666666
C0016,U002,5,260,11,Opción A,Opción B,Opción B,False,False,Media: explicación breve con algo de detalle,Media: explicación breve con algo de detalle,Media: explicación breve con algo de detalle,True,True,Simple: lenguaje claro y sin tecnicismos,"Intermedio: algunos términos técnicos, pero fáciles de seguir","Intermedio: algunos términos técnicos, pero fáciles de seguir",False,False,Texto detallado + imagen,Texto detallado + imagen,Texto breve + imagen,True,False,Medio: el error podría causar cierta confusión o problema,Alto: el error podría tener consecuencias importantes,Medio: el error podría causar cierta confusión o problema,False,True,"Explicaciones con ejemplos similares, Explicaciones con comparaciones o contraejemplos, Explicaciones centradas en atributos o características concretas, Explicaciones basadas en reglas o razonamientos paso a paso, Explicaciones visuales (zonas destacadas en la imagen), No tengo preferencia / me da igual","Explicaciones con comparaciones o contraejemplos, Explicaciones visuales (zonas destacadas en la imagen)","Explicaciones centradas en atributos o características concretas, Explicaciones basadas en reglas o razonamientos paso a paso, Explicaciones visuales (zonas destacadas en la imagen)",False,False,0.3333333333333333,0.5,"Transparencia: entender por qué el sistema tomó esa decisión, Efectividad: recibir una explicación útil para realizar mejor la tarea, Satisfacción: que la explicación resulte clara y útil para ti, Educación: aprender más sobre la imagen, el problema o el funcionamiento del sistema, Escrutinio: evaluar críticamente si la decisión del sistema es adecuada, razonable o justa","Transparencia: entender por qué el sistema tomó esa decisión, Detección de errores(Debugging): detectar fallos, errores o comportamientos inesperados del sistema, Educación: aprender más sobre la imagen, el problema o el funcionamiento del sistema, Escrutinio: evaluar críticamente si la decisión del sistema es adecuada, razonable o justa","Transparencia: entender por qué el sistema tomó esa decisión, Confianza: sentir mayor seguridad en la respuesta del sistema",False,False,0.5555555555555556,0.125
C0027,U003,5,260,11,Opción A,Opción A,Opción B,True,False,Corta: solo lo esencial,Media: explicación breve con algo de detalle,Media: explicación breve con algo de detalle,False,False,Técnico: explicación más especializada y precisa,"Intermedio: algunos términos técnicos, pero fáciles de seguir","Intermedio: algunos términos técnicos, pero fáciles de seguir",False,False,Texto breve + imagen,Texto detallado + imagen,Texto breve + imagen,False,True,Alto: el error podría tener consecuencias importantes,Medio: el error podría causar cierta confusión o problema,Medio: el error podría causar cierta confusión o problema,False,False,"Explicaciones con ejemplos similares, Explicaciones con comparaciones o contraejemplos, Explicaciones visuales (zonas destacadas en la imagen)","Explicaciones con ejemplos similares, Explicaciones con comparaciones o contraejemplos, Explicaciones basadas en reglas o razonamientos paso a paso, Explicaciones visuales (zonas destacadas en la imagen)","Explicaciones centradas en atributos o características concretas, Explicaciones basadas en reglas o razonamientos paso a paso, Explicaciones visuales (zonas destacadas en la imagen)",False,False,0.75,0.2,"Transparencia: entender por qué el sistema tomó esa decisión, Satisfacción: que la explicación resulte clara y útil para ti, Detección de errores(Debugging): detectar fallos, errores o comportamientos inesperados del sistema, Educación: aprender más sobre la imagen, el problema o el funcionamiento del sistema","Transparencia: entender por qué el sistema tomó esa decisión, Eficiencia: comprender la respuesta de forma rápida, Efectividad: recibir una explicación útil para realizar mejor la tarea, Persuasión: convencerte de que la decisión del sistema está justificada, Detección de errores(Debugging): detectar fallos, errores o comportamientos inesperados del sistema, Escrutinio: evaluar críticamente si la decisión del sistema es adecuada, razonable o justa","Transparencia: entender por qué el sistema tomó esa decisión, Confianza: sentir mayor seguridad en la respuesta del sistema",False,False,0.2727272727272727,0.14285714285714285
C0038,U004,5,260,11,Opción D,Opción B,Opción B,False,False,Larga: explicación completa y detallada,Media: explicación breve con algo de detalle,Media: explicación breve con algo de detalle,False,False,"Intermedio: algunos términos técnicos, pero fáciles de seguir","Intermedio: algunos términos técnicos, pero fáciles de seguir","Intermedio: algunos términos técnicos, pero fáciles de seguir",True,True,Principalmente visual,Texto breve + imagen,Texto breve + imagen,False,False,Medio: el error podría causar cierta confusión o problema,Alto: el error podría tener consecuencias importantes,Medio: el error podría causar cierta confusión o problema,False,True,"Explicaciones centradas en atributos o características concretas, Explicaciones basadas en reglas o razonamientos paso a paso, Explicaciones visuales (zonas destacadas en la imagen)","Explicaciones con comparaciones o contraejemplos, Explicaciones visuales (zonas destacadas en la imagen)","Explicaciones centradas en atributos o características concretas, Explicaciones basadas en reglas o razonamientos paso a paso, Explicaciones visuales (zonas destacadas en la imagen)",False,True,0.25,1.0,"Transparencia: entender por qué el sistema tomó esa decisión, Eficiencia: comprender la respuesta de forma rápida, Satisfacción: que la explicación resulte clara y útil para ti","Transparencia: entender por qué el sistema tomó esa decisión, Detección de errores(Debugging): detectar fallos, errores o comportamientos inesperados del sistema, Educación: aprender más sobre la imagen, el problema o el funcionamiento del sistema, Escrutinio: evaluar críticamente si la decisión del sistema es adecuada, razonable o justa","Transparencia: entender por qué el sistema tomó esa decisión, Confianza: sentir mayor seguridad en la respuesta del sistema",False,False,0.1111111111111111,0.25
C0049,U005,5,260,11,Opción F (Ninguna),Opción B,Opción B,False,False,Media: explicación breve con algo de detalle,Corta: solo lo esencial,Media: explicación breve con algo de detalle,False,True,"Intermedio: algunos términos técnicos, pero fáciles de seguir","Intermedio: algunos términos técnicos, pero fáciles de seguir","Intermedio: algunos términos técnicos, pero fáciles de seguir",True,True,Texto breve + imagen,Texto breve + imagen,Texto breve + imagen,True,True,Medio: el error podría causar cierta confusión o problema,Medio: el error podría causar cierta confusión o problema,Medio: el error podría causar cierta confusión o problema,True,True,"Explicaciones con ejemplos similares, Explicaciones con comparaciones o contraejemplos, Explicaciones visuales (zonas destacadas en la imagen)","Explicaciones con comparaciones o contraejemplos, Explicaciones centradas en atributos o características concretas, Explicaciones visuales (zonas destacadas en la imagen)","Explicaciones centradas en atributos o características concretas, Explicaciones basadas en reglas o razonamientos paso a paso, Explicaciones visuales (zonas destacadas en la imagen)",False,False,0.5,0.2,"Transparencia: entender por qué el sistema tomó esa decisión, Eficiencia: comprender la respuesta de forma rápida, Confianza: sentir mayor seguridad en la respuesta del sistema","Eficiencia: comprender la respuesta de forma rápida, Satisfacción: que la explicación resulte clara y útil para ti, Detección de errores(Debugging): detectar fallos, errores o comportamientos inesperados del sistema","Transparencia: entender por qué el sistema tomó esa decisión, Confianza: sentir mayor seguridad en la respuesta del sistema",False,False,0.16666666666666666,0.6666666666666666
C0060,U006,5,260,11,Opción F (Ninguna),Opción C,Opción B,False,False,Corta: solo lo esencial,Media: explicación breve con algo de detalle,Media: explicación breve con algo de detalle,False,False,"Intermedio: algunos términos técnicos, pero fáciles de seguir","Intermedio: algunos términos técnicos, pero fáciles de seguir","Intermedio: algunos términos técnicos, pero fáciles de seguir",True,True,Texto breve + imagen,Texto breve + imagen,Texto breve + imagen,True,True,Medio: el error podría causar cierta confusión o problema,Medio: el error podría causar cierta confusión o problema,Medio: el error podría causar cierta confusión o problema,True,True,"Explicaciones centradas en atributos o características concretas, Explicaciones basadas en reglas o razonamientos paso a paso","Explicaciones con comparaciones o contraejemplos, Explicaciones centradas en atributos o características concretas, Explicaciones basadas en reglas o razonamientos paso a paso","Explicaciones centradas en atributos o características concretas, Explicaciones basadas en reglas o razonamientos paso a paso, Explicaciones visuales (zonas destacadas en la imagen)",False,False,0.6666666666666666,0.6666666666666666,"Transparencia: entender por qué el sistema tomó esa decisión, Confianza: sentir mayor seguridad en la respuesta del sistema","Transparencia: entender por qué el sistema tomó esa decisión, Confianza: sentir mayor seguridad en la respuesta del sistema, Efectividad: recibir una explicación útil para realizar mejor la tarea, Satisfacción: que la explicación resulte clara y útil para ti, Detección de errores(Debugging): detectar fallos, errores o comportamientos inesperados del sistema, Educación: aprender más sobre la imagen, el problema o el funcionamiento del sistema, Escrutinio: evaluar críticamente si la decisión del sistema es adecuada, razonable o justa","Confianza: sentir mayor seguridad en la respuesta del sistema, Detección de errores(Debugging): detectar fallos, errores o comportamientos inesperados del sistema, Escrutinio: evaluar críticamente si la decisión del sistema es adecuada, razonable o justa",False,False,0.2,0.16666666666666666
C0071,U007,5,260,11,Opción F (Ninguna),Opción B,Opción B,False,False,Corta: solo lo esencial,Media: explicación breve con algo de detalle,Media: explicación breve con algo de detalle,False,False,Simple: lenguaje claro y sin tecnicismos,"Intermedio: algunos términos técnicos, pero fáciles de seguir","Intermedio: algunos términos técnicos, pero fáciles de seguir",False,False,Texto breve + imagen,Texto breve + imagen,Texto breve + imagen,True,True,Bajo: el error apenas tendría consecuencias,Medio: el error podría causar cierta confusión o problema,Medio: el error podría causar cierta confusión o problema,False,False,"Explicaciones centradas en atributos o características concretas, Explicaciones basadas en reglas o razonamientos paso a paso","Explicaciones con ejemplos similares, Explicaciones con comparaciones o contraejemplos, Explicaciones visuales (zonas destacadas en la imagen)","Explicaciones centradas en atributos o características concretas, Explicaciones basadas en reglas o razonamientos paso a paso, Explicaciones visuales (zonas destacadas en la imagen)",False,False,0.0,0.6666666666666666,"Transparencia: entender por qué el sistema tomó esa decisión, Confianza: sentir mayor seguridad en la respuesta del sistema, Satisfacción: que la explicación resulte clara y útil para ti, Persuasión: convencerte de que la decisión del sistema está justificada, Detección de errores(Debugging): detectar fallos, errores o comportamientos inesperados del sistema","Transparencia: entender por qué el sistema tomó esa decisión, Eficiencia: comprender la respuesta de forma rápida, Confianza: sentir mayor seguridad en la respuesta del sistema","Transparencia: entender por qué el sistema tomó esa decisión, Confianza: sentir mayor seguridad en la respuesta del sistema",False,False,0.2857142857142857,0.3333333333333333
C0082,U008,5,260,11,Opción F (Ninguna),Opción B,Opción B,False,False,Media: explicación breve con algo de detalle,Media: explicación breve con algo de detalle,Media: explicación breve con algo de detalle,True,True,"Intermedio: algunos términos técnicos, pero fáciles de seguir","Intermedio: algunos términos técnicos, pero fáciles de seguir","Intermedio: algunos términos técnicos, pero fáciles de seguir",True,True,Texto breve + imagen,Texto breve + imagen,Texto breve + imagen,True,True,Medio: el error podría causar cierta confusión o problema,Medio: el error podría causar cierta confusión o problema,Medio: el error podría causar cierta confusión o problema,True,True,"Explicaciones con ejemplos similares, Explicaciones con comparaciones o contraejemplos","Explicaciones con ejemplos similares, Explicaciones con comparaciones o contraejemplos, Explicaciones visuales (zonas destacadas en la imagen)","Explicaciones centradas en atributos o características concretas, Explicaciones basadas en reglas o razonamientos paso a paso, Explicaciones visuales (zonas destacadas en la imagen)",False,False,0.6666666666666666,0.0,"Transparencia: entender por qué el sistema tomó esa decisión, Eficiencia: comprender la respuesta de forma rápida, Efectividad: recibir una explicación útil para realizar mejor la tarea, Satisfacción: que la explicación resulte clara y útil para ti","Eficiencia: comprender la respuesta de forma rápida, Satisfacción: que la explicación resulte clara y útil para ti, Detección de errores(Debugging): detectar fallos, errores o comportamientos inesperados del sistema","Transparencia: entender por qué el sistema tomó esa decisión, Confianza: sentir mayor seguridad en la respuesta del sistema",False,False,0.3333333333333333,0.2
C0093,U009,5,260,11,Opción C,Opción B,Opción B,False,False,Media: explicación breve con algo de detalle,Media: explicación breve con algo de detalle,Media: explicación breve con algo de detalle,True,True,Simple: lenguaje claro y sin tecnicismos,"Intermedio: algunos términos técnicos, pero fáciles de seguir","Intermedio: algunos términos técnicos, pero fáciles de seguir",False,False,Texto breve + imagen,Texto breve + imagen,Texto breve + imagen,True,True,Medio: el error podría causar cierta confusión o problema,Medio: el error podría causar cierta confusión o problema,Medio: el error podría causar cierta confusión o problema,True,True,"Explicaciones con ejemplos similares, Explicaciones basadas en reglas o razonamientos paso a paso, Explicaciones visuales (zonas destacadas en la imagen)","Explicaciones centradas en atributos o características concretas, Explicaciones basadas en reglas o razonamientos paso a paso","Explicaciones centradas en atributos o características concretas, Explicaciones basadas en reglas o razonamientos paso a paso, Explicaciones visuales (zonas destacadas en la imagen)",False,False,0.25,0.5,"Eficiencia: comprender la respuesta de forma rápida, Efectividad: recibir una explicación útil para realizar mejor la tarea","Transparencia: entender por qué el sistema tomó esa decisión, Confianza: sentir mayor seguridad en la respuesta del sistema","Transparencia: entender por qué el sistema tomó esa decisión, Confianza: sentir mayor seguridad en la respuesta del sistema",False,False,0.0,0.0
C0104,U010,5,260,11,Opción F (Ninguna),Opción B,Opción B,False,False,Corta: solo lo esencial,Media: explicación breve con algo de detalle,Media: explicación breve con algo de detalle,False,False,Simple: lenguaje claro y sin tecnicismos,"Intermedio: algunos términos técnicos, pero fáciles de seguir","Intermedio: algunos términos técnicos, pero fáciles de seguir",False,False,Me da igual,Texto breve + imagen,Texto breve + imagen,False,False,Medio: el error podría causar cierta confusión o problema,Medio: el error podría causar cierta confusión o problema,Medio: el error podría causar cierta confusión o problema,True,True,No tengo preferencia / me da igual,"Explicaciones con ejemplos similares, Explicaciones con comparaciones o contraejemplos, Explicaciones visuales (zonas destacadas en la imagen)","Explicaciones centradas en atributos o características concretas, Explicaciones basadas en reglas o razonamientos paso a paso, Explicaciones visuales (zonas destacadas en la imagen)",False,False,0.0,0.0,"Eficiencia: comprender la respuesta de forma rápida, Confianza: sentir mayor seguridad en la respuesta del sistema","Transparencia: entender por qué el sistema tomó esa decisión, Detección de errores(Debugging): detectar fallos, errores o comportamientos inesperados del sistema, Educación: aprender más sobre la imagen, el problema o el funcionamiento del sistema","Transparencia: entender por qué el sistema tomó esa decisión, Confianza: sentir mayor seguridad en la respuesta del sistema",False,False,0.0,0.3333333333333333
C0115,U011,5,260,11,Opción F (Ninguna),Opción A,Opción B,False,False,Media: explicación breve con algo de detalle,Media: explicación breve con algo de detalle,Media: explicación breve con algo de detalle,True,True,"Intermedio: algunos términos técnicos, pero fáciles de seguir","Intermedio: algunos términos técnicos, pero fáciles de seguir","Intermedio: algunos términos técnicos, pero fáciles de seguir",True,True,Texto detallado + imagen,Texto breve + imagen,Texto breve + imagen,False,False,Medio: el error podría causar cierta confusión o problema,Medio: el error podría causar cierta confusión o problema,Medio: el error podría causar cierta confusión o problema,True,True,"Explicaciones con ejemplos similares, Explicaciones con comparaciones o contraejemplos, Explicaciones basadas en reglas o razonamientos paso a paso, Explicaciones visuales (zonas destacadas en la imagen)","Explicaciones con ejemplos similares, Explicaciones con comparaciones o contraejemplos, Explicaciones visuales (zonas destacadas en la imagen)","Explicaciones centradas en atributos o características concretas, Explicaciones basadas en reglas o razonamientos paso a paso, Explicaciones visuales (zonas destacadas en la imagen)",False,False,0.75,0.4,"Transparencia: entender por qué el sistema tomó esa decisión, Eficiencia: comprender la respuesta de forma rápida, Efectividad: recibir una explicación útil para realizar mejor la tarea, Persuasión: convencerte de que la decisión del sistema está justificada, Detección de errores(Debugging): detectar fallos, errores o comportamientos inesperados del sistema, Escrutinio: evaluar críticamente si la decisión del sistema es adecuada, razonable o justa","Transparencia: entender por qué el sistema tomó esa decisión, Satisfacción: que la explicación resulte clara y útil para ti, Detección de errores(Debugging): detectar fallos, errores o comportamientos inesperados del sistema, Educación: aprender más sobre la imagen, el problema o el funcionamiento del sistema","Transparencia: entender por qué el sistema tomó esa decisión, Confianza: sentir mayor seguridad en la respuesta del sistema",False,False,0.2727272727272727,0.1111111111111111
C0126,U012,5,260,11,Opción D,Opción E,Opción B,False,False,Corta: solo lo esencial,Media: explicación breve con algo de detalle,Media: explicación breve con algo de detalle,False,False,"Intermedio: algunos términos técnicos, pero fáciles de seguir","Intermedio: algunos términos técnicos, pero fáciles de seguir","Intermedio: algunos términos técnicos, pero fáciles de seguir",True,True,Texto breve + imagen,Texto breve + imagen,Texto breve + imagen,True,True,Alto: el error podría tener consecuencias importantes,Medio: el error podría causar cierta confusión o problema,Medio: el error podría causar cierta confusión o problema,False,False,"Explicaciones con comparaciones o contraejemplos, Explicaciones centradas en atributos o características concretas, Explicaciones visuales (zonas destacadas en la imagen)","Explicaciones con ejemplos similares, Explicaciones con comparaciones o contraejemplos, Explicaciones visuales (zonas destacadas en la imagen)","Explicaciones centradas en atributos o características concretas, Explicaciones basadas en reglas o razonamientos paso a paso, Explicaciones visuales (zonas destacadas en la imagen)",False,False,0.5,0.5,"Transparencia: entender por qué el sistema tomó esa decisión, Eficiencia: comprender la respuesta de forma rápida, Satisfacción: que la explicación resulte clara y útil para ti, Detección de errores(Debugging): detectar fallos, errores o comportamientos inesperados del sistema, Escrutinio: evaluar críticamente si la decisión del sistema es adecuada, razonable o justa","Confianza: sentir mayor seguridad en la respuesta del sistema, Efectividad: recibir una explicación útil para realizar mejor la tarea, Satisfacción: que la explicación resulte clara y útil para ti, Detección de errores(Debugging): detectar fallos, errores o comportamientos inesperados del sistema","Transparencia: entender por qué el sistema tomó esa decisión, Confianza: sentir mayor seguridad en la respuesta del sistema",False,False,0.3333333333333333,0.125
C0137,U013,5,260,11,Opción F (Ninguna),Opción B,Opción B,False,False,Corta: solo lo esencial,Media: explicación breve con algo de detalle,Media: explicación breve con algo de detalle,False,False,Simple: lenguaje claro y sin tecnicismos,"Intermedio: algunos términos técnicos, pero fáciles de seguir","Intermedio: algunos términos técnicos, pero fáciles de seguir",False,False,Me da igual,Texto breve + imagen,Texto breve + imagen,False,False,Medio: el error podría causar cierta confusión o problema,Medio: el error podría causar cierta confusión o problema,Medio: el error podría causar cierta confusión o problema,True,True,No tengo preferencia / me da igual,No tengo preferencia / me da igual,"Explicaciones centradas en atributos o características concretas, Explicaciones basadas en reglas o razonamientos paso a paso, Explicaciones visuales (zonas destacadas en la imagen)",True,False,1.0,0.0,"Educación: aprender más sobre la imagen, el problema o el funcionamiento del sistema","Eficiencia: comprender la respuesta de forma rápida, Confianza: sentir mayor seguridad en la respuesta del sistema","Transparencia: entender por qué el sistema tomó esa decisión, Confianza: sentir mayor seguridad en la respuesta del sistema",False,False,0.0,0.0
C0148,U014,5,260,11,Opción C,Opción B,Opción B,False,False,Larga: explicación completa y detallada,Media: explicación breve con algo de detalle,Media: explicación breve con algo de detalle,False,False,"Intermedio: algunos términos técnicos, pero fáciles de seguir","Intermedio: algunos términos técnicos, pero fáciles de seguir","Intermedio: algunos términos técnicos, pero fáciles de seguir",True,True,Texto detallado + imagen,Texto breve + imagen,Texto breve + imagen,False,False,Medio: el error podría causar cierta confusión o problema,Medio: el error podría causar cierta confusión o problema,Medio: el error podría causar cierta confusión o problema,True,True,"Explicaciones con comparaciones o contraejemplos, Explicaciones centradas en atributos o características concretas, Explicaciones basadas en reglas o razonamientos paso a paso","Explicaciones centradas en atributos o características concretas, Explicaciones basadas en reglas o razonamientos paso a paso","Explicaciones centradas en atributos o características concretas, Explicaciones basadas en reglas o razonamientos paso a paso, Explicaciones visuales (zonas destacadas en la imagen)",False,False,0.6666666666666666,0.5,"Transparencia: entender por qué el sistema tomó esa decisión, Confianza: sentir mayor seguridad en la respuesta del sistema, Efectividad: recibir una explicación útil para realizar mejor la tarea, Satisfacción: que la explicación resulte clara y útil para ti, Detección de errores(Debugging): detectar fallos, errores o comportamientos inesperados del sistema, Educación: aprender más sobre la imagen, el problema o el funcionamiento del sistema, Escrutinio: evaluar críticamente si la decisión del sistema es adecuada, razonable o justa","Transparencia: entender por qué el sistema tomó esa decisión, Confianza: sentir mayor seguridad en la respuesta del sistema","Transparencia: entender por qué el sistema tomó esa decisión, Confianza: sentir mayor seguridad en la respuesta del sistema",False,False,0.2,0.2
C0159,U015,5,260,11,Opción F (Ninguna),Opción B,Opción B,False,False,Media: explicación breve con algo de detalle,Media: explicación breve con algo de detalle,Media: explicación breve con algo de detalle,True,True,"Intermedio: algunos términos técnicos, pero fáciles de seguir","Intermedio: algunos términos técnicos, pero fáciles de seguir","Intermedio: algunos términos técnicos, pero fáciles de seguir",True,True,Texto detallado + imagen,Texto breve + imagen,Texto breve + imagen,False,False,Alto: el error podría tener consecuencias importantes,Medio: el error podría causar cierta confusión o problema,Medio: el error podría causar cierta confusión o problema,False,False,"Explicaciones con comparaciones o contraejemplos, Explicaciones visuales (zonas destacadas en la imagen)","Explicaciones centradas en atributos o características concretas, Explicaciones basadas en reglas o razonamientos paso a paso, Explicaciones visuales (zonas destacadas en la imagen)","Explicaciones centradas en atributos o características concretas, Explicaciones basadas en reglas o razonamientos paso a paso, Explicaciones visuales (zonas destacadas en la imagen)",False,False,0.25,0.25,"Transparencia: entender por qué el sistema tomó esa decisión, Detección de errores(Debugging): detectar fallos, errores o comportamientos inesperados del sistema, Educación: aprender más sobre la imagen, el problema o el funcionamiento del sistema, Escrutinio: evaluar críticamente si la decisión del sistema es adecuada, razonable o justa","Confianza: sentir mayor seguridad en la respuesta del sistema, Detección de errores(Debugging): detectar fallos, errores o comportamientos inesperados del sistema, Escrutinio: evaluar críticamente si la decisión del sistema es adecuada, razonable o justa","Transparencia: entender por qué el sistema tomó esa decisión, Confianza: sentir mayor seguridad en la respuesta del sistema",False,False,0.5,0.125
C0170,U016,5,260,11,Opción D,Opción B,Opción B,False,False,Media: explicación breve con algo de detalle,Media: explicación breve con algo de detalle,Media: explicación breve con algo de detalle,True,True,"Intermedio: algunos términos técnicos, pero fáciles de seguir","Intermedio: algunos términos técnicos, pero fáciles de seguir","Intermedio: algunos términos técnicos, pero fáciles de seguir",True,True,Texto breve + imagen,Texto breve + imagen,Texto breve + imagen,True,True,Medio: el error podría causar cierta confusión o problema,Medio: el error podría causar cierta confusión o problema,Medio: el error podría causar cierta confusión o problema,True,True,"Explicaciones con ejemplos similares, Explicaciones basadas en reglas o razonamientos paso a paso, Explicaciones visuales (zonas destacadas en la imagen)","Explicaciones con ejemplos similares, Explicaciones con comparaciones o contraejemplos, Explicaciones visuales (zonas destacadas en la imagen)","Explicaciones centradas en atributos o características concretas, Explicaciones basadas en reglas o razonamientos paso a paso, Explicaciones visuales (zonas destacadas en la imagen)",False,False,0.5,0.5,"Confianza: sentir mayor seguridad en la respuesta del sistema, Efectividad: recibir una explicación útil para realizar mejor la tarea, Satisfacción: que la explicación resulte clara y útil para ti, Detección de errores(Debugging): detectar fallos, errores o comportamientos inesperados del sistema","Efectividad: recibir una explicación útil para realizar mejor la tarea, Satisfacción: que la explicación resulte clara y útil para ti","Transparencia: entender por qué el sistema tomó esa decisión, Confianza: sentir mayor seguridad en la respuesta del sistema",False,False,0.4,0.16666666666666666
C0181,U017,5,260,11,Opción A,Opción C,Opción B,False,False,Media: explicación breve con algo de detalle,Media: explicación breve con algo de detalle,Media: explicación breve con algo de detalle,True,True,"Intermedio: algunos términos técnicos, pero fáciles de seguir","Intermedio: algunos términos técnicos, pero fáciles de seguir","Intermedio: algunos términos técnicos, pero fáciles de seguir",True,True,Principalmente visual,Texto breve + imagen,Texto breve + imagen,False,False,Alto: el error podría tener consecuencias importantes,Medio: el error podría causar cierta confusión o problema,Medio: el error podría causar cierta confusión o problema,False,False,"Explicaciones con comparaciones o contraejemplos, Explicaciones visuales (zonas destacadas en la imagen)","Explicaciones con ejemplos similares, Explicaciones con comparaciones o contraejemplos, Explicaciones visuales (zonas destacadas en la imagen)","Explicaciones centradas en atributos o características concretas, Explicaciones basadas en reglas o razonamientos paso a paso, Explicaciones visuales (zonas destacadas en la imagen)",False,False,0.6666666666666666,0.25,"Transparencia: entender por qué el sistema tomó esa decisión, Detección de errores(Debugging): detectar fallos, errores o comportamientos inesperados del sistema, Educación: aprender más sobre la imagen, el problema o el funcionamiento del sistema","Eficiencia: comprender la respuesta de forma rápida, Confianza: sentir mayor seguridad en la respuesta del sistema","Transparencia: entender por qué el sistema tomó esa decisión, Confianza: sentir mayor seguridad en la respuesta del sistema",False,False,0.0,0.16666666666666666
C0192,U018,5,260,11,Opción D,Opción B,Opción B,False,False,Media: explicación breve con algo de detalle,Media: explicación breve con algo de detalle,Media: explicación breve con algo de detalle,True,True,"Intermedio: algunos términos técnicos, pero fáciles de seguir","Intermedio: algunos términos técnicos, pero fáciles de seguir","Intermedio: algunos términos técnicos, pero fáciles de seguir",True,True,Texto breve + imagen,Texto breve + imagen,Texto breve + imagen,True,True,Medio: el error podría causar cierta confusión o problema,Medio: el error podría causar cierta confusión o problema,Medio: el error podría causar cierta confusión o problema,True,True,Explicaciones con comparaciones o contraejemplos,"Explicaciones con ejemplos similares, Explicaciones basadas en reglas o razonamientos paso a paso, Explicaciones visuales (zonas destacadas en la imagen)","Explicaciones centradas en atributos o características concretas, Explicaciones basadas en reglas o razonamientos paso a paso, Explicaciones visuales (zonas destacadas en la imagen)",False,False,0.0,0.0,"Efectividad: recibir una explicación útil para realizar mejor la tarea, Satisfacción: que la explicación resulte clara y útil para ti","Confianza: sentir mayor seguridad en la respuesta del sistema, Efectividad: recibir una explicación útil para realizar mejor la tarea, Satisfacción: que la explicación resulte clara y útil para ti, Detección de errores(Debugging): detectar fallos, errores o comportamientos inesperados del sistema","Transparencia: entender por qué el sistema tomó esa decisión, Confianza: sentir mayor seguridad en la respuesta del sistema",False,False,0.4,0.0
C0203,U019,5,260,11,Opción A,Opción B,Opción B,False,False,Media: explicación breve con algo de detalle,Media: explicación breve con algo de detalle,Media: explicación breve con algo de detalle,True,True,"Intermedio: algunos términos técnicos, pero fáciles de seguir","Intermedio: algunos términos técnicos, pero fáciles de seguir","Intermedio: algunos términos técnicos, pero fáciles de seguir",True,True,Texto detallado + imagen,Texto breve + imagen,Texto breve + imagen,False,False,Alto: el error podría tener consecuencias importantes,Medio: el error podría causar cierta confusión o problema,Medio: el error podría causar cierta confusión o problema,False,False,"Explicaciones con ejemplos similares, Explicaciones con comparaciones o contraejemplos, Explicaciones centradas en atributos o características concretas","Explicaciones centradas en atributos o características concretas, Explicaciones basadas en reglas o razonamientos paso a paso, Explicaciones visuales (zonas destacadas en la imagen)","Explicaciones centradas en atributos o características concretas, Explicaciones basadas en reglas o razonamientos paso a paso, Explicaciones visuales (zonas destacadas en la imagen)",False,False,0.2,0.2,"Transparencia: entender por qué el sistema tomó esa decisión, Confianza: sentir mayor seguridad en la respuesta del sistema, Efectividad: recibir una explicación útil para realizar mejor la tarea, Satisfacción: que la explicación resulte clara y útil para ti","Transparencia: entender por qué el sistema tomó esa decisión, Detección de errores(Debugging): detectar fallos, errores o comportamientos inesperados del sistema, Escrutinio: evaluar críticamente si la decisión del sistema es adecuada, razonable o justa","Transparencia: entender por qué el sistema tomó esa decisión, Confianza: sentir mayor seguridad en la respuesta del sistema",False,False,0.125,0.5
C0214,U020,5,260,11,Opción F (Ninguna),Opción B,Opción B,False,False,Media: explicación breve con algo de detalle,Media: explicación breve con algo de detalle,Media: explicación breve con algo de detalle,True,True,"Intermedio: algunos términos técnicos, pero fáciles de seguir","Intermedio: algunos términos técnicos, pero fáciles de seguir","Intermedio: algunos términos técnicos, pero fáciles de seguir",True,True,Texto detallado + imagen,Texto breve + imagen,Texto breve + imagen,False,False,Alto: el error podría tener consecuencias importantes,Medio: el error podría causar cierta confusión o problema,Medio: el error podría causar cierta confusión o problema,False,False,"Explicaciones centradas en atributos o características concretas, Explicaciones basadas en reglas o razonamientos paso a paso, Explicaciones visuales (zonas destacadas en la imagen)",No tengo preferencia / me da igual,"Explicaciones centradas en atributos o características concretas, Explicaciones basadas en reglas o razonamientos paso a paso, Explicaciones visuales (zonas destacadas en la imagen)",False,True,0.0,1.0,"Transparencia: entender por qué el sistema tomó esa decisión, Confianza: sentir mayor seguridad en la respuesta del sistema, Satisfacción: que la explicación resulte clara y útil para ti, Educación: aprender más sobre la imagen, el problema o el funcionamiento del sistema","Eficiencia: comprender la respuesta de forma rápida, Confianza: sentir mayor seguridad en la respuesta del sistema","Transparencia: entender por qué el sistema tomó esa decisión, Confianza: sentir mayor seguridad en la respuesta del sistema",False,False,0.16666666666666666,0.4
C0225,U021,5,260,11,Opción F (Ninguna),Opción A,Opción B,False,False,Media: explicación breve con algo de detalle,Media: explicación breve con algo de detalle,Media: explicación breve con algo de detalle,True,True,"Intermedio: algunos términos técnicos, pero fáciles de seguir","Intermedio: algunos términos técnicos, pero fáciles de seguir","Intermedio: algunos términos técnicos, pero fáciles de seguir",True,True,Texto breve + imagen,Texto detallado + imagen,Texto breve + imagen,False,True,Alto: el error podría tener consecuencias importantes,Medio: el error podría causar cierta confusión o problema,Medio: el error podría causar cierta confusión o problema,False,False,"Explicaciones centradas en atributos o características concretas, Explicaciones visuales (zonas destacadas en la imagen)","Explicaciones con comparaciones o contraejemplos, Explicaciones visuales (zonas destacadas en la imagen)","Explicaciones centradas en atributos o características concretas, Explicaciones basadas en reglas o razonamientos paso a paso, Explicaciones visuales (zonas destacadas en la imagen)",False,False,0.3333333333333333,0.6666666666666666,"Transparencia: entender por qué el sistema tomó esa decisión, Eficiencia: comprender la respuesta de forma rápida, Efectividad: recibir una explicación útil para realizar mejor la tarea, Detección de errores(Debugging): detectar fallos, errores o comportamientos inesperados del sistema","Transparencia: entender por qué el sistema tomó esa decisión, Detección de errores(Debugging): detectar fallos, errores o comportamientos inesperados del sistema, Educación: aprender más sobre la imagen, el problema o el funcionamiento del sistema, Escrutinio: evaluar críticamente si la decisión del sistema es adecuada, razonable o justa","Transparencia: entender por qué el sistema tomó esa decisión, Confianza: sentir mayor seguridad en la respuesta del sistema",False,False,0.3333333333333333,0.16666666666666666
C0236,U022,5,260,11,Opción A,Opción B,Opción B,False,False,Media: explicación breve con algo de detalle,Media: explicación breve con algo de detalle,Media: explicación breve con algo de detalle,True,True,"Intermedio: algunos términos técnicos, pero fáciles de seguir","Intermedio: algunos términos técnicos, pero fáciles de seguir","Intermedio: algunos términos técnicos, pero fáciles de seguir",True,True,Texto breve + imagen,Texto breve + imagen,Texto breve + imagen,True,True,Medio: el error podría causar cierta confusión o problema,Medio: el error podría causar cierta confusión o problema,Medio: el error podría causar cierta confusión o problema,True,True,Explicaciones visuales (zonas destacadas en la imagen),"Explicaciones con ejemplos similares, Explicaciones basadas en reglas o razonamientos paso a paso, Explicaciones visuales (zonas destacadas en la imagen)","Explicaciones centradas en atributos o características concretas, Explicaciones basadas en reglas o razonamientos paso a paso, Explicaciones visuales (zonas destacadas en la imagen)",False,False,0.3333333333333333,0.3333333333333333,"Eficiencia: comprender la respuesta de forma rápida, Efectividad: recibir una explicación útil para realizar mejor la tarea, Satisfacción: que la explicación resulte clara y útil para ti, Detección de errores(Debugging): detectar fallos, errores o comportamientos inesperados del sistema","Eficiencia: comprender la respuesta de forma rápida, Efectividad: recibir una explicación útil para realizar mejor la tarea","Transparencia: entender por qué el sistema tomó esa decisión, Confianza: sentir mayor seguridad en la respuesta del sistema",False,False,0.4,0.0
C0247,U023,5,260,11,Opción F (Ninguna),Opción B,Opción B,False,False,Corta: solo lo esencial,Media: explicación breve con algo de detalle,Media: explicación breve con algo de detalle,False,False,Simple: lenguaje claro y sin tecnicismos,"Intermedio: algunos términos técnicos, pero fáciles de seguir","Intermedio: algunos términos técnicos, pero fáciles de seguir",False,False,Texto breve + imagen,Texto detallado + imagen,Texto breve + imagen,False,True,Medio: el error podría causar cierta confusión o problema,Alto: el error podría tener consecuencias importantes,Medio: el error podría causar cierta confusión o problema,False,True,"Explicaciones con ejemplos similares, Explicaciones con comparaciones o contraejemplos, Explicaciones basadas en reglas o razonamientos paso a paso, Explicaciones visuales (zonas destacadas en la imagen)","Explicaciones con comparaciones o contraejemplos, Explicaciones visuales (zonas destacadas en la imagen)","Explicaciones centradas en atributos o características concretas, Explicaciones basadas en reglas o razonamientos paso a paso, Explicaciones visuales (zonas destacadas en la imagen)",False,False,0.5,0.4,"Transparencia: entender por qué el sistema tomó esa decisión, Eficiencia: comprender la respuesta de forma rápida, Confianza: sentir mayor seguridad en la respuesta del sistema, Efectividad: recibir una explicación útil para realizar mejor la tarea, Satisfacción: que la explicación resulte clara y útil para ti, Persuasión: convencerte de que la decisión del sistema está justificada, Detección de errores(Debugging): detectar fallos, errores o comportamientos inesperados del sistema, Educación: aprender más sobre la imagen, el problema o el funcionamiento del sistema, Escrutinio: evaluar críticamente si la decisión del sistema es adecuada, razonable o justa","Transparencia: entender por qué el sistema tomó esa decisión, Detección de errores(Debugging): detectar fallos, errores o comportamientos inesperados del sistema, Educación: aprender más sobre la imagen, el problema o el funcionamiento del sistema, Escrutinio: evaluar críticamente si la decisión del sistema es adecuada, razonable o justa","Transparencia: entender por qué el sistema tomó esa decisión, Confianza: sentir mayor seguridad en la respuesta del sistema",False,False,0.5833333333333334,0.16666666666666666
C0258,U024,5,260,11,Opción F (Ninguna),Opción B,Opción B,False,False,Media: explicación breve con algo de detalle,Media: explicación breve con algo de detalle,Media: explicación breve con algo de detalle,True,True,"Intermedio: algunos términos técnicos, pero fáciles de seguir","Intermedio: algunos términos técnicos, pero fáciles de seguir","Intermedio: algunos términos técnicos, pero fáciles de seguir",True,True,Texto breve + imagen,Texto breve + imagen,Texto breve + imagen,True,True,Medio: el error podría causar cierta confusión o problema,Medio: el error podría causar cierta confusión o problema,Medio: el error podría causar cierta confusión o problema,True,True,"Explicaciones con ejemplos similares, Explicaciones con comparaciones o contraejemplos, Explicaciones visuales (zonas destacadas en la imagen)","Explicaciones con ejemplos similares, Explicaciones con comparaciones o contraejemplos","Explicaciones centradas en atributos o características concretas, Explicaciones basadas en reglas o razonamientos paso a paso, Explicaciones visuales (zonas destacadas en la imagen)",False,False,0.6666666666666666,0.2,"Eficiencia: comprender la respuesta de forma rápida, Satisfacción: que la explicación resulte clara y útil para ti, Detección de errores(Debugging): detectar fallos, errores o comportamientos inesperados del sistema","Transparencia: entender por qué el sistema tomó esa decisión, Eficiencia: comprender la respuesta de forma rápida, Efectividad: recibir una explicación útil para realizar mejor la tarea, Satisfacción: que la explicación resulte clara y útil para ti","Transparencia: entender por qué el sistema tomó esa decisión, Confianza: sentir mayor seguridad en la respuesta del sistema",False,False,0.3333333333333333,0.0
C0269,U025,5,260,11,Opción B,Opción B,Opción B,True,True,Media: explicación breve con algo de detalle,Media: explicación breve con algo de detalle,Media: explicación breve con algo de detalle,True,True,"Intermedio: algunos términos técnicos, pero fáciles de seguir","Intermedio: algunos términos técnicos, pero fáciles de seguir","Intermedio: algunos términos técnicos, pero fáciles de seguir",True,True,Texto breve + imagen,Texto breve + imagen,Texto breve + imagen,True,True,Medio: el error podría causar cierta confusión o problema,Alto: el error podría tener consecuencias importantes,Medio: el error podría causar cierta confusión o problema,False,True,"Explicaciones centradas en atributos o características concretas, Explicaciones basadas en reglas o razonamientos paso a paso, Explicaciones visuales (zonas destacadas en la imagen)","Explicaciones centradas en atributos o características concretas, Explicaciones basadas en reglas o razonamientos paso a paso","Explicaciones centradas en atributos o características concretas, Explicaciones basadas en reglas o razonamientos paso a paso, Explicaciones visuales (zonas destacadas en la imagen)",False,True,0.6666666666666666,1.0,"Transparencia: entender por qué el sistema tomó esa decisión, Detección de errores(Debugging): detectar fallos, errores o comportamientos inesperados del sistema, Escrutinio: evaluar críticamente si la decisión del sistema es adecuada, razonable o justa","Transparencia: entender por qué el sistema tomó esa decisión, Confianza: sentir mayor seguridad en la respuesta del sistema","Transparencia: entender por qué el sistema tomó esa decisión, Confianza: sentir mayor seguridad en la respuesta del sistema",False,False,0.16666666666666666,0.16666666666666666
C0280,U026,5,260,11,Opción F (Ninguna),Opción B,Opción B,False,False,Larga: explicación completa y detallada,Media: explicación breve con algo de detalle,Media: explicación breve con algo de detalle,False,False,"Intermedio: algunos términos técnicos, pero fáciles de seguir","Intermedio: algunos términos técnicos, pero fáciles de seguir","Intermedio: algunos términos técnicos, pero fáciles de seguir",True,True,Principalmente visual,Texto breve + imagen,Texto breve + imagen,False,False,Alto: el error podría tener consecuencias importantes,Medio: el error podría causar cierta confusión o problema,Medio: el error podría causar cierta confusión o problema,False,False,"Explicaciones con ejemplos similares, Explicaciones basadas en reglas o razonamientos paso a paso","Explicaciones centradas en atributos o características concretas, Explicaciones basadas en reglas o razonamientos paso a paso, Explicaciones visuales (zonas destacadas en la imagen)","Explicaciones centradas en atributos o características concretas, Explicaciones basadas en reglas o razonamientos paso a paso, Explicaciones visuales (zonas destacadas en la imagen)",False,False,0.25,0.25,"Transparencia: entender por qué el sistema tomó esa decisión, Confianza: sentir mayor seguridad en la respuesta del sistema, Detección de errores(Debugging): detectar fallos, errores o comportamientos inesperados del sistema, Escrutinio: evaluar críticamente si la decisión del sistema es adecuada, razonable o justa","Confianza: sentir mayor seguridad en la respuesta del sistema, Detección de errores(Debugging): detectar fallos, errores o comportamientos inesperados del sistema, Escrutinio: evaluar críticamente si la decisión del sistema es adecuada, razonable o justa","Transparencia: entender por qué el sistema tomó esa decisión, Confianza: sentir mayor seguridad en la respuesta del sistema",False,False,0.8333333333333334,0.3333333333333333
C0291,U027,5,260,11,Opción F (Ninguna),Opción C,Opción B,False,False,Media: explicación breve con algo de detalle,Media: explicación breve con algo de detalle,Media: explicación breve con algo de detalle,True,True,"Intermedio: algunos términos técnicos, pero fáciles de seguir","Intermedio: algunos términos técnicos, pero fáciles de seguir","Intermedio: algunos términos técnicos, pero fáciles de seguir",True,True,Texto breve + imagen,Principalmente visual,Texto breve + imagen,False,True,Alto: el error podría tener consecuencias importantes,Medio: el error podría causar cierta confusión o problema,Medio: el error podría causar cierta confusión o problema,False,False,"Explicaciones centradas en atributos o características concretas, Explicaciones basadas en reglas o razonamientos paso a paso, Explicaciones visuales (zonas destacadas en la imagen)","Explicaciones con comparaciones o contraejemplos, Explicaciones visuales (zonas destacadas en la imagen)","Explicaciones centradas en atributos o características concretas, Explicaciones basadas en reglas o razonamientos paso a paso, Explicaciones visuales (zonas destacadas en la imagen)",False,True,0.25,1.0,"Transparencia: entender por qué el sistema tomó esa decisión, Confianza: sentir mayor seguridad en la respuesta del sistema","Confianza: sentir mayor seguridad en la respuesta del sistema, Detección de errores(Debugging): detectar fallos, errores o comportamientos inesperados del sistema, Escrutinio: evaluar críticamente si la decisión del sistema es adecuada, razonable o justa","Confianza: sentir mayor seguridad en la respuesta del sistema, Detección de errores(Debugging): detectar fallos, errores o comportamientos inesperados del sistema, Escrutinio: evaluar críticamente si la decisión del sistema es adecuada, razonable o justa",False,False,0.16666666666666666,0.16666666666666666
C0006,U001,6,260,11,Opción D,Opción C,Opción B,False,False,Media: explicación breve con algo de detalle,Media: explicación breve con algo de detalle,Media: explicación breve con algo de detalle,True,True,"Intermedio: algunos términos técnicos, pero fáciles de seguir","Intermedio: algunos términos técnicos, pero fáciles de seguir","Intermedio: algunos términos técnicos, pero fáciles de seguir",True,True,Texto breve + imagen,Principalmente visual,Texto breve + imagen,False,True,Medio: el error podría causar cierta confusión o problema,Alto: el error podría tener consecuencias importantes,Medio: el error podría causar cierta confusión o problema,False,True,"Explicaciones basadas en reglas o razonamientos paso a paso, Explicaciones visuales (zonas destacadas en la imagen)","Explicaciones centradas en atributos o características concretas, Explicaciones basadas en reglas o razonamientos paso a paso, Explicaciones visuales (zonas destacadas en la imagen)","Explicaciones centradas en atributos o características concretas, Explicaciones basadas en reglas o razonamientos paso a paso, Explicaciones visuales (zonas destacadas en la imagen)",False,False,0.6666666666666666,0.6666666666666666,"Confianza: sentir mayor seguridad en la respuesta del sistema, Detección de errores(Debugging): detectar fallos, errores o comportamientos inesperados del sistema, Escrutinio: evaluar críticamente si la decisión del sistema es adecuada, razonable o justa","Transparencia: entender por qué el sistema tomó esa decisión, Confianza: sentir mayor seguridad en la respuesta del sistema","Transparencia: entender por qué el sistema tomó esa decisión, Confianza: sentir mayor seguridad en la respuesta del sistema",False,False,0.16666666666666666,0.16666666666666666
C0017,U002,6,260,11,Opción A,Opción B,Opción B,False,False,Media: explicación breve con algo de detalle,Media: explicación breve con algo de detalle,Media: explicación breve con algo de detalle,True,True,Simple: lenguaje claro y sin tecnicismos,"Intermedio: algunos términos técnicos, pero fáciles de seguir","Intermedio: algunos términos técnicos, pero fáciles de seguir",False,False,Texto detallado + imagen,Texto breve + imagen,Texto breve + imagen,False,False,Medio: el error podría causar cierta confusión o problema,Medio: el error podría causar cierta confusión o problema,Medio: el error podría causar cierta confusión o problema,True,True,"Explicaciones con ejemplos similares, Explicaciones con comparaciones o contraejemplos, Explicaciones centradas en atributos o características concretas, Explicaciones basadas en reglas o razonamientos paso a paso, Explicaciones visuales (zonas destacadas en la imagen), No tengo preferencia / me da igual","Explicaciones centradas en atributos o características concretas, Explicaciones basadas en reglas o razonamientos paso a paso, Explicaciones visuales (zonas destacadas en la imagen)","Explicaciones centradas en atributos o características concretas, Explicaciones basadas en reglas o razonamientos paso a paso, Explicaciones visuales (zonas destacadas en la imagen)",False,False,0.5,0.5,"Transparencia: entender por qué el sistema tomó esa decisión, Efectividad: recibir una explicación útil para realizar mejor la tarea, Satisfacción: que la explicación resulte clara y útil para ti, Educación: aprender más sobre la imagen, el problema o el funcionamiento del sistema, Escrutinio: evaluar críticamente si la decisión del sistema es adecuada, razonable o justa","Transparencia: entender por qué el sistema tomó esa decisión, Detección de errores(Debugging): detectar fallos, errores o comportamientos inesperados del sistema, Educación: aprender más sobre la imagen, el problema o el funcionamiento del sistema, Escrutinio: evaluar críticamente si la decisión del sistema es adecuada, razonable o justa","Transparencia: entender por qué el sistema tomó esa decisión, Confianza: sentir mayor seguridad en la respuesta del sistema",False,False,0.5555555555555556,0.125
C0028,U003,6,260,11,Opción A,Opción B,Opción B,False,False,Corta: solo lo esencial,Media: explicación breve con algo de detalle,Media: explicación breve con algo de detalle,False,False,Técnico: explicación más especializada y precisa,"Intermedio: algunos términos técnicos, pero fáciles de seguir","Intermedio: algunos términos técnicos, pero fáciles de seguir",False,False,Texto breve + imagen,Texto detallado + imagen,Texto breve + imagen,False,True,Alto: el error podría tener consecuencias importantes,Medio: el error podría causar cierta confusión o problema,Medio: el error podría causar cierta confusión o problema,False,False,"Explicaciones con ejemplos similares, Explicaciones con comparaciones o contraejemplos, Explicaciones visuales (zonas destacadas en la imagen)","Explicaciones con ejemplos similares, Explicaciones con comparaciones o contraejemplos, Explicaciones basadas en reglas o razonamientos paso a paso, Explicaciones visuales (zonas destacadas en la imagen)","Explicaciones centradas en atributos o características concretas, Explicaciones basadas en reglas o razonamientos paso a paso, Explicaciones visuales (zonas destacadas en la imagen)",False,False,0.75,0.2,"Transparencia: entender por qué el sistema tomó esa decisión, Satisfacción: que la explicación resulte clara y útil para ti, Detección de errores(Debugging): detectar fallos, errores o comportamientos inesperados del sistema, Educación: aprender más sobre la imagen, el problema o el funcionamiento del sistema","Transparencia: entender por qué el sistema tomó esa decisión, Eficiencia: comprender la respuesta de forma rápida, Efectividad: recibir una explicación útil para realizar mejor la tarea, Persuasión: convencerte de que la decisión del sistema está justificada, Detección de errores(Debugging): detectar fallos, errores o comportamientos inesperados del sistema, Escrutinio: evaluar críticamente si la decisión del sistema es adecuada, razonable o justa","Transparencia: entender por qué el sistema tomó esa decisión, Confianza: sentir mayor seguridad en la respuesta del sistema",False,False,0.2727272727272727,0.14285714285714285
C0039,U004,6,260,11,Opción C,Opción B,Opción B,False,False,Larga: explicación completa y detallada,Media: explicación breve con algo de detalle,Media: explicación breve con algo de detalle,False,False,"Intermedio: algunos términos técnicos, pero fáciles de seguir","Intermedio: algunos términos técnicos, pero fáciles de seguir","Intermedio: algunos términos técnicos, pero fáciles de seguir",True,True,Principalmente visual,Texto breve + imagen,Texto breve + imagen,False,False,Medio: el error podría causar cierta confusión o problema,Alto: el error podría tener consecuencias importantes,Medio: el error podría causar cierta confusión o problema,False,True,"Explicaciones centradas en atributos o características concretas, Explicaciones basadas en reglas o razonamientos paso a paso, Explicaciones visuales (zonas destacadas en la imagen)","Explicaciones con comparaciones o contraejemplos, Explicaciones visuales (zonas destacadas en la imagen)","Explicaciones centradas en atributos o características concretas, Explicaciones basadas en reglas o razonamientos paso a paso, Explicaciones visuales (zonas destacadas en la imagen)",False,True,0.25,1.0,"Transparencia: entender por qué el sistema tomó esa decisión, Eficiencia: comprender la respuesta de forma rápida, Satisfacción: que la explicación resulte clara y útil para ti","Transparencia: entender por qué el sistema tomó esa decisión, Detección de errores(Debugging): detectar fallos, errores o comportamientos inesperados del sistema, Educación: aprender más sobre la imagen, el problema o el funcionamiento del sistema, Escrutinio: evaluar críticamente si la decisión del sistema es adecuada, razonable o justa","Transparencia: entender por qué el sistema tomó esa decisión, Confianza: sentir mayor seguridad en la respuesta del sistema",False,False,0.1111111111111111,0.25
C0050,U005,6,260,11,Opción A,Opción B,Opción B,False,False,Media: explicación breve con algo de detalle,Media: explicación breve con algo de detalle,Media: explicación breve con algo de detalle,True,True,"Intermedio: algunos términos técnicos, pero fáciles de seguir","Intermedio: algunos términos técnicos, pero fáciles de seguir","Intermedio: algunos términos técnicos, pero fáciles de seguir",True,True,Texto breve + imagen,Texto breve + imagen,Texto breve + imagen,True,True,Medio: el error podría causar cierta confusión o problema,Medio: el error podría causar cierta confusión o problema,Medio: el error podría causar cierta confusión o problema,True,True,"Explicaciones con ejemplos similares, Explicaciones con comparaciones o contraejemplos, Explicaciones visuales (zonas destacadas en la imagen)","Explicaciones con comparaciones o contraejemplos, Explicaciones centradas en atributos o características concretas, Explicaciones visuales (zonas destacadas en la imagen)","Explicaciones centradas en atributos o características concretas, Explicaciones basadas en reglas o razonamientos paso a paso, Explicaciones visuales (zonas destacadas en la imagen)",False,False,0.5,0.2,"Transparencia: entender por qué el sistema tomó esa decisión, Eficiencia: comprender la respuesta de forma rápida, Confianza: sentir mayor seguridad en la respuesta del sistema","Eficiencia: comprender la respuesta de forma rápida, Satisfacción: que la explicación resulte clara y útil para ti, Detección de errores(Debugging): detectar fallos, errores o comportamientos inesperados del sistema","Transparencia: entender por qué el sistema tomó esa decisión, Confianza: sentir mayor seguridad en la respuesta del sistema",False,False,0.16666666666666666,0.6666666666666666
C0061,U006,6,260,11,Opción A,Opción C,Opción B,False,False,Corta: solo lo esencial,Media: explicación breve con algo de detalle,Media: explicación breve con algo de detalle,False,False,"Intermedio: algunos términos técnicos, pero fáciles de seguir","Intermedio: algunos términos técnicos, pero fáciles de seguir","Intermedio: algunos términos técnicos, pero fáciles de seguir",True,True,Texto breve + imagen,Texto breve + imagen,Texto breve + imagen,True,True,Medio: el error podría causar cierta confusión o problema,Medio: el error podría causar cierta confusión o problema,Medio: el error podría causar cierta confusión o problema,True,True,"Explicaciones centradas en atributos o características concretas, Explicaciones basadas en reglas o razonamientos paso a paso","Explicaciones con comparaciones o contraejemplos, Explicaciones centradas en atributos o características concretas, Explicaciones basadas en reglas o razonamientos paso a paso","Explicaciones centradas en atributos o características concretas, Explicaciones basadas en reglas o razonamientos paso a paso, Explicaciones visuales (zonas destacadas en la imagen)",False,False,0.6666666666666666,0.6666666666666666,"Transparencia: entender por qué el sistema tomó esa decisión, Confianza: sentir mayor seguridad en la respuesta del sistema","Transparencia: entender por qué el sistema tomó esa decisión, Confianza: sentir mayor seguridad en la respuesta del sistema, Efectividad: recibir una explicación útil para realizar mejor la tarea, Satisfacción: que la explicación resulte clara y útil para ti, Detección de errores(Debugging): detectar fallos, errores o comportamientos inesperados del sistema, Educación: aprender más sobre la imagen, el problema o el funcionamiento del sistema, Escrutinio: evaluar críticamente si la decisión del sistema es adecuada, razonable o justa","Confianza: sentir mayor seguridad en la respuesta del sistema, Detección de errores(Debugging): detectar fallos, errores o comportamientos inesperados del sistema, Escrutinio: evaluar críticamente si la decisión del sistema es adecuada, razonable o justa",False,False,0.2,0.16666666666666666
C0072,U007,6,260,11,Opción A,Opción B,Opción B,False,False,Corta: solo lo esencial,Media: explicación breve con algo de detalle,Media: explicación breve con algo de detalle,False,False,Simple: lenguaje claro y sin tecnicismos,"Intermedio: algunos términos técnicos, pero fáciles de seguir","Intermedio: algunos términos técnicos, pero fáciles de seguir",False,False,Texto breve + imagen,Texto breve + imagen,Texto breve + imagen,True,True,Bajo: el error apenas tendría consecuencias,Medio: el error podría causar cierta confusión o problema,Medio: el error podría causar cierta confusión o problema,False,False,"Explicaciones centradas en atributos o características concretas, Explicaciones basadas en reglas o razonamientos paso a paso","Explicaciones centradas en atributos o características concretas, Explicaciones basadas en reglas o razonamientos paso a paso, Explicaciones visuales (zonas destacadas en la imagen)","Explicaciones centradas en atributos o características concretas, Explicaciones basadas en reglas o razonamientos paso a paso, Explicaciones visuales (zonas destacadas en la imagen)",False,False,0.6666666666666666,0.6666666666666666,"Transparencia: entender por qué el sistema tomó esa decisión, Confianza: sentir mayor seguridad en la respuesta del sistema, Satisfacción: que la explicación resulte clara y útil para ti, Persuasión: convencerte de que la decisión del sistema está justificada, Detección de errores(Debugging): detectar fallos, errores o comportamientos inesperados del sistema","Transparencia: entender por qué el sistema tomó esa decisión, Eficiencia: comprender la respuesta de forma rápida, Confianza: sentir mayor seguridad en la respuesta del sistema","Transparencia: entender por qué el sistema tomó esa decisión, Confianza: sentir mayor seguridad en la respuesta del sistema",False,False,0.2857142857142857,0.3333333333333333
C0083,U008,6,260,11,Opción A,Opción B,Opción B,False,False,Media: explicación breve con algo de detalle,Media: explicación breve con algo de detalle,Media: explicación breve con algo de detalle,True,True,"Intermedio: algunos términos técnicos, pero fáciles de seguir","Intermedio: algunos términos técnicos, pero fáciles de seguir","Intermedio: algunos términos técnicos, pero fáciles de seguir",True,True,Texto breve + imagen,Texto breve + imagen,Texto breve + imagen,True,True,Medio: el error podría causar cierta confusión o problema,Medio: el error podría causar cierta confusión o problema,Medio: el error podría causar cierta confusión o problema,True,True,"Explicaciones con ejemplos similares, Explicaciones con comparaciones o contraejemplos","Explicaciones con ejemplos similares, Explicaciones con comparaciones o contraejemplos, Explicaciones visuales (zonas destacadas en la imagen)","Explicaciones centradas en atributos o características concretas, Explicaciones basadas en reglas o razonamientos paso a paso, Explicaciones visuales (zonas destacadas en la imagen)",False,False,0.6666666666666666,0.0,"Transparencia: entender por qué el sistema tomó esa decisión, Eficiencia: comprender la respuesta de forma rápida, Efectividad: recibir una explicación útil para realizar mejor la tarea, Satisfacción: que la explicación resulte clara y útil para ti","Eficiencia: comprender la respuesta de forma rápida, Satisfacción: que la explicación resulte clara y útil para ti, Detección de errores(Debugging): detectar fallos, errores o comportamientos inesperados del sistema","Transparencia: entender por qué el sistema tomó esa decisión, Confianza: sentir mayor seguridad en la respuesta del sistema",False,False,0.3333333333333333,0.2
C0094,U009,6,260,11,Opción A,Opción C,Opción B,False,False,Media: explicación breve con algo de detalle,Media: explicación breve con algo de detalle,Media: explicación breve con algo de detalle,True,True,Simple: lenguaje claro y sin tecnicismos,"Intermedio: algunos términos técnicos, pero fáciles de seguir","Intermedio: algunos términos técnicos, pero fáciles de seguir",False,False,Texto breve + imagen,Texto breve + imagen,Texto breve + imagen,True,True,Medio: el error podría causar cierta confusión o problema,Medio: el error podría causar cierta confusión o problema,Medio: el error podría causar cierta confusión o problema,True,True,"Explicaciones con ejemplos similares, Explicaciones basadas en reglas o razonamientos paso a paso, Explicaciones visuales (zonas destacadas en la imagen)","Explicaciones centradas en atributos o características concretas, Explicaciones basadas en reglas o razonamientos paso a paso","Explicaciones centradas en atributos o características concretas, Explicaciones basadas en reglas o razonamientos paso a paso, Explicaciones visuales (zonas destacadas en la imagen)",False,False,0.25,0.5,"Eficiencia: comprender la respuesta de forma rápida, Efectividad: recibir una explicación útil para realizar mejor la tarea","Transparencia: entender por qué el sistema tomó esa decisión, Confianza: sentir mayor seguridad en la respuesta del sistema","Transparencia: entender por qué el sistema tomó esa decisión, Confianza: sentir mayor seguridad en la respuesta del sistema",False,False,0.0,0.0
C0105,U010,6,260,11,Opción C,Opción B,Opción B,False,False,Corta: solo lo esencial,Media: explicación breve con algo de detalle,Media: explicación breve con algo de detalle,False,False,Simple: lenguaje claro y sin tecnicismos,"Intermedio: algunos términos técnicos, pero fáciles de seguir","Intermedio: algunos términos técnicos, pero fáciles de seguir",False,False,Me da igual,Texto breve + imagen,Texto breve + imagen,False,False,Medio: el error podría causar cierta confusión o problema,Medio: el error podría causar cierta confusión o problema,Medio: el error podría causar cierta confusión o problema,True,True,No tengo preferencia / me da igual,"Explicaciones con ejemplos similares, Explicaciones con comparaciones o contraejemplos, Explicaciones visuales (zonas destacadas en la imagen)","Explicaciones centradas en atributos o características concretas, Explicaciones basadas en reglas o razonamientos paso a paso, Explicaciones visuales (zonas destacadas en la imagen)",False,False,0.0,0.0,"Eficiencia: comprender la respuesta de forma rápida, Confianza: sentir mayor seguridad en la respuesta del sistema","Transparencia: entender por qué el sistema tomó esa decisión, Detección de errores(Debugging): detectar fallos, errores o comportamientos inesperados del sistema, Educación: aprender más sobre la imagen, el problema o el funcionamiento del sistema","Transparencia: entender por qué el sistema tomó esa decisión, Confianza: sentir mayor seguridad en la respuesta del sistema",False,False,0.0,0.3333333333333333
C0116,U011,6,260,11,Opción A,Opción F (Ninguna),Opción B,False,False,Media: explicación breve con algo de detalle,Media: explicación breve con algo de detalle,Media: explicación breve con algo de detalle,True,True,"Intermedio: algunos términos técnicos, pero fáciles de seguir","Intermedio: algunos términos técnicos, pero fáciles de seguir","Intermedio: algunos términos técnicos, pero fáciles de seguir",True,True,Texto detallado + imagen,Texto breve + imagen,Texto breve + imagen,False,False,Medio: el error podría causar cierta confusión o problema,Medio: el error podría causar cierta confusión o problema,Medio: el error podría causar cierta confusión o problema,True,True,"Explicaciones con ejemplos similares, Explicaciones con comparaciones o contraejemplos, Explicaciones basadas en reglas o razonamientos paso a paso, Explicaciones visuales (zonas destacadas en la imagen)","Explicaciones con ejemplos similares, Explicaciones con comparaciones o contraejemplos, Explicaciones visuales (zonas destacadas en la imagen)","Explicaciones centradas en atributos o características concretas, Explicaciones basadas en reglas o razonamientos paso a paso, Explicaciones visuales (zonas destacadas en la imagen)",False,False,0.75,0.4,"Transparencia: entender por qué el sistema tomó esa decisión, Eficiencia: comprender la respuesta de forma rápida, Efectividad: recibir una explicación útil para realizar mejor la tarea, Persuasión: convencerte de que la decisión del sistema está justificada, Detección de errores(Debugging): detectar fallos, errores o comportamientos inesperados del sistema, Escrutinio: evaluar críticamente si la decisión del sistema es adecuada, razonable o justa","Transparencia: entender por qué el sistema tomó esa decisión, Satisfacción: que la explicación resulte clara y útil para ti, Detección de errores(Debugging): detectar fallos, errores o comportamientos inesperados del sistema, Educación: aprender más sobre la imagen, el problema o el funcionamiento del sistema","Transparencia: entender por qué el sistema tomó esa decisión, Confianza: sentir mayor seguridad en la respuesta del sistema",False,False,0.2727272727272727,0.1111111111111111
C0127,U012,6,260,11,Opción A,Opción B,Opción B,False,False,Corta: solo lo esencial,Media: explicación breve con algo de detalle,Media: explicación breve con algo de detalle,False,False,"Intermedio: algunos términos técnicos, pero fáciles de seguir","Intermedio: algunos términos técnicos, pero fáciles de seguir","Intermedio: algunos términos técnicos, pero fáciles de seguir",True,True,Texto breve + imagen,Texto breve + imagen,Texto breve + imagen,True,True,Alto: el error podría tener consecuencias importantes,Medio: el error podría causar cierta confusión o problema,Medio: el error podría causar cierta confusión o problema,False,False,"Explicaciones con comparaciones o contraejemplos, Explicaciones centradas en atributos o características concretas, Explicaciones visuales (zonas destacadas en la imagen)","Explicaciones con ejemplos similares, Explicaciones con comparaciones o contraejemplos, Explicaciones visuales (zonas destacadas en la imagen)","Explicaciones centradas en atributos o características concretas, Explicaciones basadas en reglas o razonamientos paso a paso, Explicaciones visuales (zonas destacadas en la imagen)",False,False,0.5,0.5,"Transparencia: entender por qué el sistema tomó esa decisión, Eficiencia: comprender la respuesta de forma rápida, Satisfacción: que la explicación resulte clara y útil para ti, Detección de errores(Debugging): detectar fallos, errores o comportamientos inesperados del sistema, Escrutinio: evaluar críticamente si la decisión del sistema es adecuada, razonable o justa","Confianza: sentir mayor seguridad en la respuesta del sistema, Efectividad: recibir una explicación útil para realizar mejor la tarea, Satisfacción: que la explicación resulte clara y útil para ti, Detección de errores(Debugging): detectar fallos, errores o comportamientos inesperados del sistema","Transparencia: entender por qué el sistema tomó esa decisión, Confianza: sentir mayor seguridad en la respuesta del sistema",False,False,0.3333333333333333,0.125
C0138,U013,6,260,11,Opción D,Opción B,Opción B,False,False,Corta: solo lo esencial,Media: explicación breve con algo de detalle,Media: explicación breve con algo de detalle,False,False,Simple: lenguaje claro y sin tecnicismos,"Intermedio: algunos términos técnicos, pero fáciles de seguir","Intermedio: algunos términos técnicos, pero fáciles de seguir",False,False,Me da igual,Texto breve + imagen,Texto breve + imagen,False,False,Medio: el error podría causar cierta confusión o problema,Medio: el error podría causar cierta confusión o problema,Medio: el error podría causar cierta confusión o problema,True,True,No tengo preferencia / me da igual,No tengo preferencia / me da igual,"Explicaciones centradas en atributos o características concretas, Explicaciones basadas en reglas o razonamientos paso a paso, Explicaciones visuales (zonas destacadas en la imagen)",True,False,1.0,0.0,"Educación: aprender más sobre la imagen, el problema o el funcionamiento del sistema","Eficiencia: comprender la respuesta de forma rápida, Confianza: sentir mayor seguridad en la respuesta del sistema","Transparencia: entender por qué el sistema tomó esa decisión, Confianza: sentir mayor seguridad en la respuesta del sistema",False,False,0.0,0.0
C0149,U014,6,260,11,Opción A,Opción B,Opción B,False,False,Larga: explicación completa y detallada,Media: explicación breve con algo de detalle,Media: explicación breve con algo de detalle,False,False,"Intermedio: algunos términos técnicos, pero fáciles de seguir","Intermedio: algunos términos técnicos, pero fáciles de seguir","Intermedio: algunos términos técnicos, pero fáciles de seguir",True,True,Texto detallado + imagen,Texto breve + imagen,Texto breve + imagen,False,False,Medio: el error podría causar cierta confusión o problema,Medio: el error podría causar cierta confusión o problema,Medio: el error podría causar cierta confusión o problema,True,True,"Explicaciones con comparaciones o contraejemplos, Explicaciones centradas en atributos o características concretas, Explicaciones basadas en reglas o razonamientos paso a paso","Explicaciones con comparaciones o contraejemplos, Explicaciones visuales (zonas destacadas en la imagen)","Explicaciones centradas en atributos o características concretas, Explicaciones basadas en reglas o razonamientos paso a paso, Explicaciones visuales (zonas destacadas en la imagen)",False,False,0.25,0.5,"Transparencia: entender por qué el sistema tomó esa decisión, Confianza: sentir mayor seguridad en la respuesta del sistema, Efectividad: recibir una explicación útil para realizar mejor la tarea, Satisfacción: que la explicación resulte clara y útil para ti, Detección de errores(Debugging): detectar fallos, errores o comportamientos inesperados del sistema, Educación: aprender más sobre la imagen, el problema o el funcionamiento del sistema, Escrutinio: evaluar críticamente si la decisión del sistema es adecuada, razonable o justa","Transparencia: entender por qué el sistema tomó esa decisión, Confianza: sentir mayor seguridad en la respuesta del sistema","Transparencia: entender por qué el sistema tomó esa decisión, Confianza: sentir mayor seguridad en la respuesta del sistema",False,False,0.2,0.2
C0160,U015,6,260,11,Opción A,Opción B,Opción B,False,False,Media: explicación breve con algo de detalle,Media: explicación breve con algo de detalle,Media: explicación breve con algo de detalle,True,True,"Intermedio: algunos términos técnicos, pero fáciles de seguir","Intermedio: algunos términos técnicos, pero fáciles de seguir","Intermedio: algunos términos técnicos, pero fáciles de seguir",True,True,Texto detallado + imagen,Texto breve + imagen,Texto breve + imagen,False,False,Alto: el error podría tener consecuencias importantes,Medio: el error podría causar cierta confusión o problema,Medio: el error podría causar cierta confusión o problema,False,False,"Explicaciones con comparaciones o contraejemplos, Explicaciones visuales (zonas destacadas en la imagen)","Explicaciones centradas en atributos o características concretas, Explicaciones basadas en reglas o razonamientos paso a paso, Explicaciones visuales (zonas destacadas en la imagen)","Explicaciones centradas en atributos o características concretas, Explicaciones basadas en reglas o razonamientos paso a paso, Explicaciones visuales (zonas destacadas en la imagen)",False,False,0.25,0.25,"Transparencia: entender por qué el sistema tomó esa decisión, Detección de errores(Debugging): detectar fallos, errores o comportamientos inesperados del sistema, Educación: aprender más sobre la imagen, el problema o el funcionamiento del sistema, Escrutinio: evaluar críticamente si la decisión del sistema es adecuada, razonable o justa","Confianza: sentir mayor seguridad en la respuesta del sistema, Detección de errores(Debugging): detectar fallos, errores o comportamientos inesperados del sistema, Escrutinio: evaluar críticamente si la decisión del sistema es adecuada, razonable o justa","Transparencia: entender por qué el sistema tomó esa decisión, Confianza: sentir mayor seguridad en la respuesta del sistema",False,False,0.5,0.125
C0171,U016,6,260,11,Opción D,Opción B,Opción B,False,False,Media: explicación breve con algo de detalle,Media: explicación breve con algo de detalle,Media: explicación breve con algo de detalle,True,True,"Intermedio: algunos términos técnicos, pero fáciles de seguir","Intermedio: algunos términos técnicos, pero fáciles de seguir","Intermedio: algunos términos técnicos, pero fáciles de seguir",True,True,Texto breve + imagen,Texto breve + imagen,Texto breve + imagen,True,True,Medio: el error podría causar cierta confusión o problema,Medio: el error podría causar cierta confusión o problema,Medio: el error podría causar cierta confusión o problema,True,True,"Explicaciones con ejemplos similares, Explicaciones basadas en reglas o razonamientos paso a paso, Explicaciones visuales (zonas destacadas en la imagen)",Explicaciones con comparaciones o contraejemplos,"Explicaciones centradas en atributos o características concretas, Explicaciones basadas en reglas o razonamientos paso a paso, Explicaciones visuales (zonas destacadas en la imagen)",False,False,0.0,0.5,"Confianza: sentir mayor seguridad en la respuesta del sistema, Efectividad: recibir una explicación útil para realizar mejor la tarea, Satisfacción: que la explicación resulte clara y útil para ti, Detección de errores(Debugging): detectar fallos, errores o comportamientos inesperados del sistema","Efectividad: recibir una explicación útil para realizar mejor la tarea, Satisfacción: que la explicación resulte clara y útil para ti","Transparencia: entender por qué el sistema tomó esa decisión, Confianza: sentir mayor seguridad en la respuesta del sistema",False,False,0.4,0.16666666666666666
C0182,U017,6,260,11,Opción B,Opción B,Opción B,True,True,Media: explicación breve con algo de detalle,Media: explicación breve con algo de detalle,Media: explicación breve con algo de detalle,True,True,"Intermedio: algunos términos técnicos, pero fáciles de seguir","Intermedio: algunos términos técnicos, pero fáciles de seguir","Intermedio: algunos términos técnicos, pero fáciles de seguir",True,True,Principalmente visual,Texto breve + imagen,Texto breve + imagen,False,False,Alto: el error podría tener consecuencias importantes,Medio: el error podría causar cierta confusión o problema,Medio: el error podría causar cierta confusión o problema,False,False,"Explicaciones con comparaciones o contraejemplos, Explicaciones visuales (zonas destacadas en la imagen)",No tengo preferencia / me da igual,"Explicaciones centradas en atributos o características concretas, Explicaciones basadas en reglas o razonamientos paso a paso, Explicaciones visuales (zonas destacadas en la imagen)",False,False,0.0,0.25,"Transparencia: entender por qué el sistema tomó esa decisión, Detección de errores(Debugging): detectar fallos, errores o comportamientos inesperados del sistema, Educación: aprender más sobre la imagen, el problema o el funcionamiento del sistema","Eficiencia: comprender la respuesta de forma rápida, Confianza: sentir mayor seguridad en la respuesta del sistema","Transparencia: entender por qué el sistema tomó esa decisión, Confianza: sentir mayor seguridad en la respuesta del sistema",False,False,0.0,0.16666666666666666
C0193,U018,6,260,11,Opción C,Opción D,Opción B,False,False,Media: explicación breve con algo de detalle,Media: explicación breve con algo de detalle,Media: explicación breve con algo de detalle,True,True,"Intermedio: algunos términos técnicos, pero fáciles de seguir","Intermedio: algunos términos técnicos, pero fáciles de seguir","Intermedio: algunos términos técnicos, pero fáciles de seguir",True,True,Texto breve + imagen,Texto breve + imagen,Texto breve + imagen,True,True,Medio: el error podría causar cierta confusión o problema,Medio: el error podría causar cierta confusión o problema,Medio: el error podría causar cierta confusión o problema,True,True,Explicaciones con comparaciones o contraejemplos,"Explicaciones con ejemplos similares, Explicaciones basadas en reglas o razonamientos paso a paso, Explicaciones visuales (zonas destacadas en la imagen)","Explicaciones centradas en atributos o características concretas, Explicaciones basadas en reglas o razonamientos paso a paso, Explicaciones visuales (zonas destacadas en la imagen)",False,False,0.0,0.0,"Efectividad: recibir una explicación útil para realizar mejor la tarea, Satisfacción: que la explicación resulte clara y útil para ti","Confianza: sentir mayor seguridad en la respuesta del sistema, Efectividad: recibir una explicación útil para realizar mejor la tarea, Satisfacción: que la explicación resulte clara y útil para ti, Detección de errores(Debugging): detectar fallos, errores o comportamientos inesperados del sistema","Transparencia: entender por qué el sistema tomó esa decisión, Confianza: sentir mayor seguridad en la respuesta del sistema",False,False,0.4,0.0
C0204,U019,6,260,11,Opción A,Opción B,Opción B,False,False,Media: explicación breve con algo de detalle,Media: explicación breve con algo de detalle,Media: explicación breve con algo de detalle,True,True,"Intermedio: algunos términos técnicos, pero fáciles de seguir","Intermedio: algunos términos técnicos, pero fáciles de seguir","Intermedio: algunos términos técnicos, pero fáciles de seguir",True,True,Texto detallado + imagen,Texto breve + imagen,Texto breve + imagen,False,False,Alto: el error podría tener consecuencias importantes,Medio: el error podría causar cierta confusión o problema,Medio: el error podría causar cierta confusión o problema,False,False,"Explicaciones con ejemplos similares, Explicaciones con comparaciones o contraejemplos, Explicaciones centradas en atributos o características concretas","Explicaciones centradas en atributos o características concretas, Explicaciones basadas en reglas o razonamientos paso a paso, Explicaciones visuales (zonas destacadas en la imagen)","Explicaciones centradas en atributos o características concretas, Explicaciones basadas en reglas o razonamientos paso a paso, Explicaciones visuales (zonas destacadas en la imagen)",False,False,0.2,0.2,"Transparencia: entender por qué el sistema tomó esa decisión, Confianza: sentir mayor seguridad en la respuesta del sistema, Efectividad: recibir una explicación útil para realizar mejor la tarea, Satisfacción: que la explicación resulte clara y útil para ti","Transparencia: entender por qué el sistema tomó esa decisión, Detección de errores(Debugging): detectar fallos, errores o comportamientos inesperados del sistema, Escrutinio: evaluar críticamente si la decisión del sistema es adecuada, razonable o justa","Transparencia: entender por qué el sistema tomó esa decisión, Confianza: sentir mayor seguridad en la respuesta del sistema",False,False,0.125,0.5
C0215,U020,6,260,11,Opción A,Opción C,Opción B,False,False,Media: explicación breve con algo de detalle,Media: explicación breve con algo de detalle,Media: explicación breve con algo de detalle,True,True,"Intermedio: algunos términos técnicos, pero fáciles de seguir","Intermedio: algunos términos técnicos, pero fáciles de seguir","Intermedio: algunos términos técnicos, pero fáciles de seguir",True,True,Texto detallado + imagen,Texto breve + imagen,Texto breve + imagen,False,False,Alto: el error podría tener consecuencias importantes,Medio: el error podría causar cierta confusión o problema,Medio: el error podría causar cierta confusión o problema,False,False,"Explicaciones centradas en atributos o características concretas, Explicaciones basadas en reglas o razonamientos paso a paso, Explicaciones visuales (zonas destacadas en la imagen)","Explicaciones centradas en atributos o características concretas, Explicaciones basadas en reglas o razonamientos paso a paso, Explicaciones visuales (zonas destacadas en la imagen)","Explicaciones centradas en atributos o características concretas, Explicaciones basadas en reglas o razonamientos paso a paso, Explicaciones visuales (zonas destacadas en la imagen)",True,True,1.0,1.0,"Transparencia: entender por qué el sistema tomó esa decisión, Confianza: sentir mayor seguridad en la respuesta del sistema, Satisfacción: que la explicación resulte clara y útil para ti, Educación: aprender más sobre la imagen, el problema o el funcionamiento del sistema","Transparencia: entender por qué el sistema tomó esa decisión, Confianza: sentir mayor seguridad en la respuesta del sistema","Transparencia: entender por qué el sistema tomó esa decisión, Confianza: sentir mayor seguridad en la respuesta del sistema",False,False,0.4,0.4
C0226,U021,6,260,11,Opción A,Opción C,Opción B,False,False,Media: explicación breve con algo de detalle,Media: explicación breve con algo de detalle,Media: explicación breve con algo de detalle,True,True,"Intermedio: algunos términos técnicos, pero fáciles de seguir","Intermedio: algunos términos técnicos, pero fáciles de seguir","Intermedio: algunos términos técnicos, pero fáciles de seguir",True,True,Texto breve + imagen,Texto breve + imagen,Texto breve + imagen,True,True,Alto: el error podría tener consecuencias importantes,Medio: el error podría causar cierta confusión o problema,Medio: el error podría causar cierta confusión o problema,False,False,"Explicaciones centradas en atributos o características concretas, Explicaciones visuales (zonas destacadas en la imagen)","Explicaciones centradas en atributos o características concretas, Explicaciones basadas en reglas o razonamientos paso a paso, Explicaciones visuales (zonas destacadas en la imagen)","Explicaciones centradas en atributos o características concretas, Explicaciones basadas en reglas o razonamientos paso a paso, Explicaciones visuales (zonas destacadas en la imagen)",False,False,0.6666666666666666,0.6666666666666666,"Transparencia: entender por qué el sistema tomó esa decisión, Eficiencia: comprender la respuesta de forma rápida, Efectividad: recibir una explicación útil para realizar mejor la tarea, Detección de errores(Debugging): detectar fallos, errores o comportamientos inesperados del sistema","Transparencia: entender por qué el sistema tomó esa decisión, Detección de errores(Debugging): detectar fallos, errores o comportamientos inesperados del sistema, Educación: aprender más sobre la imagen, el problema o el funcionamiento del sistema, Escrutinio: evaluar críticamente si la decisión del sistema es adecuada, razonable o justa","Transparencia: entender por qué el sistema tomó esa decisión, Confianza: sentir mayor seguridad en la respuesta del sistema",False,False,0.3333333333333333,0.16666666666666666
C0237,U022,6,260,11,Opción A,Opción C,Opción B,False,False,Media: explicación breve con algo de detalle,Media: explicación breve con algo de detalle,Media: explicación breve con algo de detalle,True,True,"Intermedio: algunos términos técnicos, pero fáciles de seguir","Intermedio: algunos términos técnicos, pero fáciles de seguir","Intermedio: algunos términos técnicos, pero fáciles de seguir",True,True,Texto breve + imagen,Texto breve + imagen,Texto breve + imagen,True,True,Medio: el error podría causar cierta confusión o problema,Medio: el error podría causar cierta confusión o problema,Medio: el error podría causar cierta confusión o problema,True,True,Explicaciones visuales (zonas destacadas en la imagen),"Explicaciones con ejemplos similares, Explicaciones basadas en reglas o razonamientos paso a paso, Explicaciones visuales (zonas destacadas en la imagen)","Explicaciones centradas en atributos o características concretas, Explicaciones basadas en reglas o razonamientos paso a paso, Explicaciones visuales (zonas destacadas en la imagen)",False,False,0.3333333333333333,0.3333333333333333,"Eficiencia: comprender la respuesta de forma rápida, Efectividad: recibir una explicación útil para realizar mejor la tarea, Satisfacción: que la explicación resulte clara y útil para ti, Detección de errores(Debugging): detectar fallos, errores o comportamientos inesperados del sistema","Eficiencia: comprender la respuesta de forma rápida, Efectividad: recibir una explicación útil para realizar mejor la tarea","Transparencia: entender por qué el sistema tomó esa decisión, Confianza: sentir mayor seguridad en la respuesta del sistema",False,False,0.4,0.0
C0248,U023,6,260,11,Opción D,Opción B,Opción B,False,False,Corta: solo lo esencial,Media: explicación breve con algo de detalle,Media: explicación breve con algo de detalle,False,False,Simple: lenguaje claro y sin tecnicismos,"Intermedio: algunos términos técnicos, pero fáciles de seguir","Intermedio: algunos términos técnicos, pero fáciles de seguir",False,False,Texto breve + imagen,Texto breve + imagen,Texto breve + imagen,True,True,Medio: el error podría causar cierta confusión o problema,Medio: el error podría causar cierta confusión o problema,Medio: el error podría causar cierta confusión o problema,True,True,"Explicaciones con ejemplos similares, Explicaciones con comparaciones o contraejemplos, Explicaciones basadas en reglas o razonamientos paso a paso, Explicaciones visuales (zonas destacadas en la imagen)","Explicaciones con ejemplos similares, Explicaciones con comparaciones o contraejemplos, Explicaciones visuales (zonas destacadas en la imagen)","Explicaciones centradas en atributos o características concretas, Explicaciones basadas en reglas o razonamientos paso a paso, Explicaciones visuales (zonas destacadas en la imagen)",False,False,0.75,0.4,"Transparencia: entender por qué el sistema tomó esa decisión, Eficiencia: comprender la respuesta de forma rápida, Confianza: sentir mayor seguridad en la respuesta del sistema, Efectividad: recibir una explicación útil para realizar mejor la tarea, Satisfacción: que la explicación resulte clara y útil para ti, Persuasión: convencerte de que la decisión del sistema está justificada, Detección de errores(Debugging): detectar fallos, errores o comportamientos inesperados del sistema, Educación: aprender más sobre la imagen, el problema o el funcionamiento del sistema, Escrutinio: evaluar críticamente si la decisión del sistema es adecuada, razonable o justa","Transparencia: entender por qué el sistema tomó esa decisión, Detección de errores(Debugging): detectar fallos, errores o comportamientos inesperados del sistema, Educación: aprender más sobre la imagen, el problema o el funcionamiento del sistema, Escrutinio: evaluar críticamente si la decisión del sistema es adecuada, razonable o justa","Transparencia: entender por qué el sistema tomó esa decisión, Confianza: sentir mayor seguridad en la respuesta del sistema",False,False,0.5833333333333334,0.16666666666666666
C0259,U024,6,260,11,Opción A,Opción B,Opción B,False,False,Media: explicación breve con algo de detalle,Media: explicación breve con algo de detalle,Media: explicación breve con algo de detalle,True,True,"Intermedio: algunos términos técnicos, pero fáciles de seguir","Intermedio: algunos términos técnicos, pero fáciles de seguir","Intermedio: algunos términos técnicos, pero fáciles de seguir",True,True,Texto breve + imagen,Texto breve + imagen,Texto breve + imagen,True,True,Medio: el error podría causar cierta confusión o problema,Medio: el error podría causar cierta confusión o problema,Medio: el error podría causar cierta confusión o problema,True,True,"Explicaciones con ejemplos similares, Explicaciones con comparaciones o contraejemplos, Explicaciones visuales (zonas destacadas en la imagen)","Explicaciones con comparaciones o contraejemplos, Explicaciones visuales (zonas destacadas en la imagen)","Explicaciones centradas en atributos o características concretas, Explicaciones basadas en reglas o razonamientos paso a paso, Explicaciones visuales (zonas destacadas en la imagen)",False,False,0.6666666666666666,0.2,"Eficiencia: comprender la respuesta de forma rápida, Satisfacción: que la explicación resulte clara y útil para ti, Detección de errores(Debugging): detectar fallos, errores o comportamientos inesperados del sistema","Transparencia: entender por qué el sistema tomó esa decisión, Eficiencia: comprender la respuesta de forma rápida, Efectividad: recibir una explicación útil para realizar mejor la tarea, Satisfacción: que la explicación resulte clara y útil para ti","Transparencia: entender por qué el sistema tomó esa decisión, Confianza: sentir mayor seguridad en la respuesta del sistema",False,False,0.3333333333333333,0.0
C0270,U025,6,260,11,Opción A,Opción B,Opción B,False,False,Media: explicación breve con algo de detalle,Media: explicación breve con algo de detalle,Media: explicación breve con algo de detalle,True,True,"Intermedio: algunos términos técnicos, pero fáciles de seguir","Intermedio: algunos términos técnicos, pero fáciles de seguir","Intermedio: algunos términos técnicos, pero fáciles de seguir",True,True,Texto breve + imagen,Texto breve + imagen,Texto breve + imagen,True,True,Medio: el error podría causar cierta confusión o problema,Alto: el error podría tener consecuencias importantes,Medio: el error podría causar cierta confusión o problema,False,True,"Explicaciones centradas en atributos o características concretas, Explicaciones basadas en reglas o razonamientos paso a paso, Explicaciones visuales (zonas destacadas en la imagen)","Explicaciones centradas en atributos o características concretas, Explicaciones basadas en reglas o razonamientos paso a paso","Explicaciones centradas en atributos o características concretas, Explicaciones basadas en reglas o razonamientos paso a paso, Explicaciones visuales (zonas destacadas en la imagen)",False,True,0.6666666666666666,1.0,"Transparencia: entender por qué el sistema tomó esa decisión, Detección de errores(Debugging): detectar fallos, errores o comportamientos inesperados del sistema, Escrutinio: evaluar críticamente si la decisión del sistema es adecuada, razonable o justa","Transparencia: entender por qué el sistema tomó esa decisión, Confianza: sentir mayor seguridad en la respuesta del sistema, Efectividad: recibir una explicación útil para realizar mejor la tarea, Satisfacción: que la explicación resulte clara y útil para ti","Transparencia: entender por qué el sistema tomó esa decisión, Confianza: sentir mayor seguridad en la respuesta del sistema",False,False,0.125,0.16666666666666666
C0281,U026,6,260,11,Opción A,Opción B,Opción B,False,False,Larga: explicación completa y detallada,Media: explicación breve con algo de detalle,Media: explicación breve con algo de detalle,False,False,"Intermedio: algunos términos técnicos, pero fáciles de seguir","Intermedio: algunos términos técnicos, pero fáciles de seguir","Intermedio: algunos términos técnicos, pero fáciles de seguir",True,True,Principalmente visual,Texto breve + imagen,Texto breve + imagen,False,False,Alto: el error podría tener consecuencias importantes,Medio: el error podría causar cierta confusión o problema,Medio: el error podría causar cierta confusión o problema,False,False,"Explicaciones con ejemplos similares, Explicaciones basadas en reglas o razonamientos paso a paso","Explicaciones centradas en atributos o características concretas, Explicaciones basadas en reglas o razonamientos paso a paso, Explicaciones visuales (zonas destacadas en la imagen)","Explicaciones centradas en atributos o características concretas, Explicaciones basadas en reglas o razonamientos paso a paso, Explicaciones visuales (zonas destacadas en la imagen)",False,False,0.25,0.25,"Transparencia: entender por qué el sistema tomó esa decisión, Confianza: sentir mayor seguridad en la respuesta del sistema, Detección de errores(Debugging): detectar fallos, errores o comportamientos inesperados del sistema, Escrutinio: evaluar críticamente si la decisión del sistema es adecuada, razonable o justa","Confianza: sentir mayor seguridad en la respuesta del sistema, Detección de errores(Debugging): detectar fallos, errores o comportamientos inesperados del sistema, Escrutinio: evaluar críticamente si la decisión del sistema es adecuada, razonable o justa","Transparencia: entender por qué el sistema tomó esa decisión, Confianza: sentir mayor seguridad en la respuesta del sistema",False,False,0.8333333333333334,0.3333333333333333
C0292,U027,6,260,11,Opción D,Opción C,Opción B,False,False,Media: explicación breve con algo de detalle,Media: explicación breve con algo de detalle,Media: explicación breve con algo de detalle,True,True,"Intermedio: algunos términos técnicos, pero fáciles de seguir","Intermedio: algunos términos técnicos, pero fáciles de seguir","Intermedio: algunos términos técnicos, pero fáciles de seguir",True,True,Texto breve + imagen,Principalmente visual,Texto breve + imagen,False,True,Alto: el error podría tener consecuencias importantes,Medio: el error podría causar cierta confusión o problema,Medio: el error podría causar cierta confusión o problema,False,False,"Explicaciones centradas en atributos o características concretas, Explicaciones basadas en reglas o razonamientos paso a paso, Explicaciones visuales (zonas destacadas en la imagen)","Explicaciones basadas en reglas o razonamientos paso a paso, Explicaciones visuales (zonas destacadas en la imagen)","Explicaciones centradas en atributos o características concretas, Explicaciones basadas en reglas o razonamientos paso a paso, Explicaciones visuales (zonas destacadas en la imagen)",False,True,0.6666666666666666,1.0,"Transparencia: entender por qué el sistema tomó esa decisión, Confianza: sentir mayor seguridad en la respuesta del sistema","Confianza: sentir mayor seguridad en la respuesta del sistema, Detección de errores(Debugging): detectar fallos, errores o comportamientos inesperados del sistema, Escrutinio: evaluar críticamente si la decisión del sistema es adecuada, razonable o justa","Confianza: sentir mayor seguridad en la respuesta del sistema, Detección de errores(Debugging): detectar fallos, errores o comportamientos inesperados del sistema, Escrutinio: evaluar críticamente si la decisión del sistema es adecuada, razonable o justa",False,False,0.16666666666666666,0.16666666666666666
C0007,U001,7,260,11,Opción C,Opción B,Opción B,False,False,Media: explicación breve con algo de detalle,Media: explicación breve con algo de detalle,Media: explicación breve con algo de detalle,True,True,"Intermedio: algunos términos técnicos, pero fáciles de seguir","Intermedio: algunos términos técnicos, pero fáciles de seguir","Intermedio: algunos términos técnicos, pero fáciles de seguir",True,True,Texto breve + imagen,Texto breve + imagen,Texto breve + imagen,True,True,Medio: el error podría causar cierta confusión o problema,Medio: el error podría causar cierta confusión o problema,Medio: el error podría causar cierta confusión o problema,True,True,"Explicaciones basadas en reglas o razonamientos paso a paso, Explicaciones visuales (zonas destacadas en la imagen)","Explicaciones centradas en atributos o características concretas, Explicaciones basadas en reglas o razonamientos paso a paso, Explicaciones visuales (zonas destacadas en la imagen)","Explicaciones centradas en atributos o características concretas, Explicaciones basadas en reglas o razonamientos paso a paso, Explicaciones visuales (zonas destacadas en la imagen)",False,False,0.6666666666666666,0.6666666666666666,"Confianza: sentir mayor seguridad en la respuesta del sistema, Detección de errores(Debugging): detectar fallos, errores o comportamientos inesperados del sistema, Escrutinio: evaluar críticamente si la decisión del sistema es adecuada, razonable o justa","Transparencia: entender por qué el sistema tomó esa decisión, Confianza: sentir mayor seguridad en la respuesta del sistema","Transparencia: entender por qué el sistema tomó esa decisión, Confianza: sentir mayor seguridad en la respuesta del sistema",False,False,0.16666666666666666,0.16666666666666666
C0018,U002,7,260,11,Opción A,Opción F (Ninguna),Opción B,False,False,Media: explicación breve con algo de detalle,Media: explicación breve con algo de detalle,Media: explicación breve con algo de detalle,True,True,Simple: lenguaje claro y sin tecnicismos,"Intermedio: algunos términos técnicos, pero fáciles de seguir","Intermedio: algunos términos técnicos, pero fáciles de seguir",False,False,Texto detallado + imagen,Texto breve + imagen,Texto breve + imagen,False,False,Medio: el error podría causar cierta confusión o problema,Medio: el error podría causar cierta confusión o problema,Medio: el error podría causar cierta confusión o problema,True,True,"Explicaciones con ejemplos similares, Explicaciones con comparaciones o contraejemplos, Explicaciones centradas en atributos o características concretas, Explicaciones basadas en reglas o razonamientos paso a paso, Explicaciones visuales (zonas destacadas en la imagen), No tengo preferencia / me da igual","Explicaciones centradas en atributos o características concretas, Explicaciones basadas en reglas o razonamientos paso a paso, Explicaciones visuales (zonas destacadas en la imagen)","Explicaciones centradas en atributos o características concretas, Explicaciones basadas en reglas o razonamientos paso a paso, Explicaciones visuales (zonas destacadas en la imagen)",False,False,0.5,0.5,"Transparencia: entender por qué el sistema tomó esa decisión, Efectividad: recibir una explicación útil para realizar mejor la tarea, Satisfacción: que la explicación resulte clara y útil para ti, Educación: aprender más sobre la imagen, el problema o el funcionamiento del sistema, Escrutinio: evaluar críticamente si la decisión del sistema es adecuada, razonable o justa","Transparencia: entender por qué el sistema tomó esa decisión, Detección de errores(Debugging): detectar fallos, errores o comportamientos inesperados del sistema, Educación: aprender más sobre la imagen, el problema o el funcionamiento del sistema, Escrutinio: evaluar críticamente si la decisión del sistema es adecuada, razonable o justa","Transparencia: entender por qué el sistema tomó esa decisión, Confianza: sentir mayor seguridad en la respuesta del sistema",False,False,0.5555555555555556,0.125
C0029,U003,7,260,11,Opción D,Opción B,Opción B,False,False,Corta: solo lo esencial,Media: explicación breve con algo de detalle,Media: explicación breve con algo de detalle,False,False,Técnico: explicación más especializada y precisa,"Intermedio: algunos términos técnicos, pero fáciles de seguir","Intermedio: algunos términos técnicos, pero fáciles de seguir",False,False,Texto breve + imagen,Texto breve + imagen,Texto breve + imagen,True,True,Alto: el error podría tener consecuencias importantes,Medio: el error podría causar cierta confusión o problema,Medio: el error podría causar cierta confusión o problema,False,False,"Explicaciones con ejemplos similares, Explicaciones con comparaciones o contraejemplos, Explicaciones visuales (zonas destacadas en la imagen)","Explicaciones con ejemplos similares, Explicaciones con comparaciones o contraejemplos, Explicaciones basadas en reglas o razonamientos paso a paso, Explicaciones visuales (zonas destacadas en la imagen)","Explicaciones centradas en atributos o características concretas, Explicaciones basadas en reglas o razonamientos paso a paso, Explicaciones visuales (zonas destacadas en la imagen)",False,False,0.75,0.2,"Transparencia: entender por qué el sistema tomó esa decisión, Satisfacción: que la explicación resulte clara y útil para ti, Detección de errores(Debugging): detectar fallos, errores o comportamientos inesperados del sistema, Educación: aprender más sobre la imagen, el problema o el funcionamiento del sistema","Transparencia: entender por qué el sistema tomó esa decisión, Eficiencia: comprender la respuesta de forma rápida, Efectividad: recibir una explicación útil para realizar mejor la tarea, Persuasión: convencerte de que la decisión del sistema está justificada, Detección de errores(Debugging): detectar fallos, errores o comportamientos inesperados del sistema, Escrutinio: evaluar críticamente si la decisión del sistema es adecuada, razonable o justa","Transparencia: entender por qué el sistema tomó esa decisión, Confianza: sentir mayor seguridad en la respuesta del sistema",False,False,0.2727272727272727,0.14285714285714285
C0040,U004,7,260,11,Opción E,Opción F (Ninguna),Opción B,False,False,Larga: explicación completa y detallada,Media: explicación breve con algo de detalle,Media: explicación breve con algo de detalle,False,False,"Intermedio: algunos términos técnicos, pero fáciles de seguir","Intermedio: algunos términos técnicos, pero fáciles de seguir","Intermedio: algunos términos técnicos, pero fáciles de seguir",True,True,Principalmente visual,Texto breve + imagen,Texto breve + imagen,False,False,Medio: el error podría causar cierta confusión o problema,Medio: el error podría causar cierta confusión o problema,Medio: el error podría causar cierta confusión o problema,True,True,"Explicaciones centradas en atributos o características concretas, Explicaciones basadas en reglas o razonamientos paso a paso, Explicaciones visuales (zonas destacadas en la imagen)","Explicaciones con ejemplos similares, Explicaciones con comparaciones o contraejemplos, Explicaciones visuales (zonas destacadas en la imagen)","Explicaciones centradas en atributos o características concretas, Explicaciones basadas en reglas o razonamientos paso a paso, Explicaciones visuales (zonas destacadas en la imagen)",False,True,0.2,1.0,"Transparencia: entender por qué el sistema tomó esa decisión, Eficiencia: comprender la respuesta de forma rápida, Satisfacción: que la explicación resulte clara y útil para ti","Transparencia: entender por qué el sistema tomó esa decisión, Detección de errores(Debugging): detectar fallos, errores o comportamientos inesperados del sistema, Educación: aprender más sobre la imagen, el problema o el funcionamiento del sistema, Escrutinio: evaluar críticamente si la decisión del sistema es adecuada, razonable o justa","Transparencia: entender por qué el sistema tomó esa decisión, Confianza: sentir mayor seguridad en la respuesta del sistema",False,False,0.1111111111111111,0.25
C0051,U005,7,260,11,Opción B,Opción E,Opción B,False,True,Media: explicación breve con algo de detalle,Media: explicación breve con algo de detalle,Media: explicación breve con algo de detalle,True,True,"Intermedio: algunos términos técnicos, pero fáciles de seguir","Intermedio: algunos términos técnicos, pero fáciles de seguir","Intermedio: algunos términos técnicos, pero fáciles de seguir",True,True,Texto breve + imagen,Texto breve + imagen,Texto breve + imagen,True,True,Medio: el error podría causar cierta confusión o problema,Medio: el error podría causar cierta confusión o problema,Medio: el error podría causar cierta confusión o problema,True,True,"Explicaciones con ejemplos similares, Explicaciones con comparaciones o contraejemplos, Explicaciones visuales (zonas destacadas en la imagen)","Explicaciones con comparaciones o contraejemplos, Explicaciones centradas en atributos o características concretas, Explicaciones visuales (zonas destacadas en la imagen)","Explicaciones centradas en atributos o características concretas, Explicaciones basadas en reglas o razonamientos paso a paso, Explicaciones visuales (zonas destacadas en la imagen)",False,False,0.5,0.2,"Transparencia: entender por qué el sistema tomó esa decisión, Eficiencia: comprender la respuesta de forma rápida, Confianza: sentir mayor seguridad en la respuesta del sistema","Eficiencia: comprender la respuesta de forma rápida, Satisfacción: que la explicación resulte clara y útil para ti, Detección de errores(Debugging): detectar fallos, errores o comportamientos inesperados del sistema","Transparencia: entender por qué el sistema tomó esa decisión, Confianza: sentir mayor seguridad en la respuesta del sistema",False,False,0.16666666666666666,0.6666666666666666
C0062,U006,7,260,11,Opción B,Opción B,Opción B,True,True,Corta: solo lo esencial,Media: explicación breve con algo de detalle,Media: explicación breve con algo de detalle,False,False,"Intermedio: algunos términos técnicos, pero fáciles de seguir","Intermedio: algunos términos técnicos, pero fáciles de seguir","Intermedio: algunos términos técnicos, pero fáciles de seguir",True,True,Texto breve + imagen,Texto breve + imagen,Texto breve + imagen,True,True,Medio: el error podría causar cierta confusión o problema,Medio: el error podría causar cierta confusión o problema,Medio: el error podría causar cierta confusión o problema,True,True,"Explicaciones centradas en atributos o características concretas, Explicaciones basadas en reglas o razonamientos paso a paso","Explicaciones centradas en atributos o características concretas, Explicaciones basadas en reglas o razonamientos paso a paso, Explicaciones visuales (zonas destacadas en la imagen)","Explicaciones centradas en atributos o características concretas, Explicaciones basadas en reglas o razonamientos paso a paso, Explicaciones visuales (zonas destacadas en la imagen)",False,False,0.6666666666666666,0.6666666666666666,"Transparencia: entender por qué el sistema tomó esa decisión, Confianza: sentir mayor seguridad en la respuesta del sistema","Transparencia: entender por qué el sistema tomó esa decisión, Confianza: sentir mayor seguridad en la respuesta del sistema, Efectividad: recibir una explicación útil para realizar mejor la tarea, Satisfacción: que la explicación resulte clara y útil para ti, Detección de errores(Debugging): detectar fallos, errores o comportamientos inesperados del sistema, Educación: aprender más sobre la imagen, el problema o el funcionamiento del sistema, Escrutinio: evaluar críticamente si la decisión del sistema es adecuada, razonable o justa","Confianza: sentir mayor seguridad en la respuesta del sistema, Detección de errores(Debugging): detectar fallos, errores o comportamientos inesperados del sistema, Escrutinio: evaluar críticamente si la decisión del sistema es adecuada, razonable o justa",False,False,0.2,0.16666666666666666
C0073,U007,7,260,11,Opción E,Opción B,Opción B,False,False,Corta: solo lo esencial,Media: explicación breve con algo de detalle,Media: explicación breve con algo de detalle,False,False,Simple: lenguaje claro y sin tecnicismos,"Intermedio: algunos términos técnicos, pero fáciles de seguir","Intermedio: algunos términos técnicos, pero fáciles de seguir",False,False,Texto breve + imagen,Texto breve + imagen,Texto breve + imagen,True,True,Bajo: el error apenas tendría consecuencias,Medio: el error podría causar cierta confusión o problema,Medio: el error podría causar cierta confusión o problema,False,False,"Explicaciones centradas en atributos o características concretas, Explicaciones basadas en reglas o razonamientos paso a paso","Explicaciones centradas en atributos o características concretas, Explicaciones basadas en reglas o razonamientos paso a paso, Explicaciones visuales (zonas destacadas en la imagen)","Explicaciones centradas en atributos o características concretas, Explicaciones basadas en reglas o razonamientos paso a paso, Explicaciones visuales (zonas destacadas en la imagen)",False,False,0.6666666666666666,0.6666666666666666,"Transparencia: entender por qué el sistema tomó esa decisión, Confianza: sentir mayor seguridad en la respuesta del sistema, Satisfacción: que la explicación resulte clara y útil para ti, Persuasión: convencerte de que la decisión del sistema está justificada, Detección de errores(Debugging): detectar fallos, errores o comportamientos inesperados del sistema","Transparencia: entender por qué el sistema tomó esa decisión, Eficiencia: comprender la respuesta de forma rápida, Confianza: sentir mayor seguridad en la respuesta del sistema","Transparencia: entender por qué el sistema tomó esa decisión, Confianza: sentir mayor seguridad en la respuesta del sistema",False,False,0.2857142857142857,0.3333333333333333
C0084,U008,7,260,11,Opción F (Ninguna),Opción E,Opción B,False,False,Media: explicación breve con algo de detalle,Media: explicación breve con algo de detalle,Media: explicación breve con algo de detalle,True,True,"Intermedio: algunos términos técnicos, pero fáciles de seguir","Intermedio: algunos términos técnicos, pero fáciles de seguir","Intermedio: algunos términos técnicos, pero fáciles de seguir",True,True,Texto breve + imagen,Texto breve + imagen,Texto breve + imagen,True,True,Medio: el error podría causar cierta confusión o problema,Medio: el error podría causar cierta confusión o problema,Medio: el error podría causar cierta confusión o problema,True,True,"Explicaciones con ejemplos similares, Explicaciones con comparaciones o contraejemplos","Explicaciones con ejemplos similares, Explicaciones con comparaciones o contraejemplos, Explicaciones visuales (zonas destacadas en la imagen)","Explicaciones centradas en atributos o características concretas, Explicaciones basadas en reglas o razonamientos paso a paso, Explicaciones visuales (zonas destacadas en la imagen)",False,False,0.6666666666666666,0.0,"Transparencia: entender por qué el sistema tomó esa decisión, Eficiencia: comprender la respuesta de forma rápida, Efectividad: recibir una explicación útil para realizar mejor la tarea, Satisfacción: que la explicación resulte clara y útil para ti","Eficiencia: comprender la respuesta de forma rápida, Satisfacción: que la explicación resulte clara y útil para ti, Detección de errores(Debugging): detectar fallos, errores o comportamientos inesperados del sistema","Transparencia: entender por qué el sistema tomó esa decisión, Confianza: sentir mayor seguridad en la respuesta del sistema",False,False,0.3333333333333333,0.2
C0095,U009,7,260,11,Opción D,Opción B,Opción B,False,False,Media: explicación breve con algo de detalle,Media: explicación breve con algo de detalle,Media: explicación breve con algo de detalle,True,True,Simple: lenguaje claro y sin tecnicismos,"Intermedio: algunos términos técnicos, pero fáciles de seguir","Intermedio: algunos términos técnicos, pero fáciles de seguir",False,False,Texto breve + imagen,Texto breve + imagen,Texto breve + imagen,True,True,Medio: el error podría causar cierta confusión o problema,Medio: el error podría causar cierta confusión o problema,Medio: el error podría causar cierta confusión o problema,True,True,"Explicaciones con ejemplos similares, Explicaciones basadas en reglas o razonamientos paso a paso, Explicaciones visuales (zonas destacadas en la imagen)","Explicaciones centradas en atributos o características concretas, Explicaciones basadas en reglas o razonamientos paso a paso, Explicaciones visuales (zonas destacadas en la imagen)","Explicaciones centradas en atributos o características concretas, Explicaciones basadas en reglas o razonamientos paso a paso, Explicaciones visuales (zonas destacadas en la imagen)",False,False,0.5,0.5,"Eficiencia: comprender la respuesta de forma rápida, Efectividad: recibir una explicación útil para realizar mejor la tarea","Transparencia: entender por qué el sistema tomó esa decisión, Confianza: sentir mayor seguridad en la respuesta del sistema","Transparencia: entender por qué el sistema tomó esa decisión, Confianza: sentir mayor seguridad en la respuesta del sistema",False,False,0.0,0.0
C0106,U010,7,260,11,Opción C,Opción E,Opción B,False,False,Corta: solo lo esencial,Media: explicación breve con algo de detalle,Media: explicación breve con algo de detalle,False,False,Simple: lenguaje claro y sin tecnicismos,"Intermedio: algunos términos técnicos, pero fáciles de seguir","Intermedio: algunos términos técnicos, pero fáciles de seguir",False,False,Me da igual,Texto breve + imagen,Texto breve + imagen,False,False,Medio: el error podría causar cierta confusión o problema,Medio: el error podría causar cierta confusión o problema,Medio: el error podría causar cierta confusión o problema,True,True,No tengo preferencia / me da igual,"Explicaciones con ejemplos similares, Explicaciones con comparaciones o contraejemplos, Explicaciones visuales (zonas destacadas en la imagen)","Explicaciones centradas en atributos o características concretas, Explicaciones basadas en reglas o razonamientos paso a paso, Explicaciones visuales (zonas destacadas en la imagen)",False,False,0.0,0.0,"Eficiencia: comprender la respuesta de forma rápida, Confianza: sentir mayor seguridad en la respuesta del sistema","Transparencia: entender por qué el sistema tomó esa decisión, Detección de errores(Debugging): detectar fallos, errores o comportamientos inesperados del sistema, Educación: aprender más sobre la imagen, el problema o el funcionamiento del sistema","Transparencia: entender por qué el sistema tomó esa decisión, Confianza: sentir mayor seguridad en la respuesta del sistema",False,False,0.0,0.3333333333333333
C0117,U011,7,260,11,Opción F (Ninguna),Opción F (Ninguna),Opción B,True,False,Media: explicación breve con algo de detalle,Media: explicación breve con algo de detalle,Media: explicación breve con algo de detalle,True,True,"Intermedio: algunos términos técnicos, pero fáciles de seguir","Intermedio: algunos términos técnicos, pero fáciles de seguir","Intermedio: algunos términos técnicos, pero fáciles de seguir",True,True,Texto detallado + imagen,Texto breve + imagen,Texto breve + imagen,False,False,Medio: el error podría causar cierta confusión o problema,Medio: el error podría causar cierta confusión o problema,Medio: el error podría causar cierta confusión o problema,True,True,"Explicaciones con ejemplos similares, Explicaciones con comparaciones o contraejemplos, Explicaciones basadas en reglas o razonamientos paso a paso, Explicaciones visuales (zonas destacadas en la imagen)","Explicaciones con ejemplos similares, Explicaciones con comparaciones o contraejemplos, Explicaciones visuales (zonas destacadas en la imagen)","Explicaciones centradas en atributos o características concretas, Explicaciones basadas en reglas o razonamientos paso a paso, Explicaciones visuales (zonas destacadas en la imagen)",False,False,0.75,0.4,"Transparencia: entender por qué el sistema tomó esa decisión, Eficiencia: comprender la respuesta de forma rápida, Efectividad: recibir una explicación útil para realizar mejor la tarea, Persuasión: convencerte de que la decisión del sistema está justificada, Detección de errores(Debugging): detectar fallos, errores o comportamientos inesperados del sistema, Escrutinio: evaluar críticamente si la decisión del sistema es adecuada, razonable o justa","Transparencia: entender por qué el sistema tomó esa decisión, Satisfacción: que la explicación resulte clara y útil para ti, Detección de errores(Debugging): detectar fallos, errores o comportamientos inesperados del sistema, Educación: aprender más sobre la imagen, el problema o el funcionamiento del sistema","Transparencia: entender por qué el sistema tomó esa decisión, Confianza: sentir mayor seguridad en la respuesta del sistema",False,False,0.2727272727272727,0.1111111111111111
C0128,U012,7,260,11,Opción D,Opción E,Opción B,False,False,Corta: solo lo esencial,Media: explicación breve con algo de detalle,Media: explicación breve con algo de detalle,False,False,"Intermedio: algunos términos técnicos, pero fáciles de seguir","Intermedio: algunos términos técnicos, pero fáciles de seguir","Intermedio: algunos términos técnicos, pero fáciles de seguir",True,True,Texto breve + imagen,Texto breve + imagen,Texto breve + imagen,True,True,Alto: el error podría tener consecuencias importantes,Medio: el error podría causar cierta confusión o problema,Medio: el error podría causar cierta confusión o problema,False,False,"Explicaciones con comparaciones o contraejemplos, Explicaciones centradas en atributos o características concretas, Explicaciones visuales (zonas destacadas en la imagen)","Explicaciones con ejemplos similares, Explicaciones con comparaciones o contraejemplos, Explicaciones visuales (zonas destacadas en la imagen)","Explicaciones centradas en atributos o características concretas, Explicaciones basadas en reglas o razonamientos paso a paso, Explicaciones visuales (zonas destacadas en la imagen)",False,False,0.5,0.5,"Transparencia: entender por qué el sistema tomó esa decisión, Eficiencia: comprender la respuesta de forma rápida, Satisfacción: que la explicación resulte clara y útil para ti, Detección de errores(Debugging): detectar fallos, errores o comportamientos inesperados del sistema, Escrutinio: evaluar críticamente si la decisión del sistema es adecuada, razonable o justa","Confianza: sentir mayor seguridad en la respuesta del sistema, Efectividad: recibir una explicación útil para realizar mejor la tarea, Satisfacción: que la explicación resulte clara y útil para ti, Detección de errores(Debugging): detectar fallos, errores o comportamientos inesperados del sistema","Transparencia: entender por qué el sistema tomó esa decisión, Confianza: sentir mayor seguridad en la respuesta del sistema",False,False,0.3333333333333333,0.125
C0139,U013,7,260,11,Opción F (Ninguna),Opción E,Opción B,False,False,Corta: solo lo esencial,Media: explicación breve con algo de detalle,Media: explicación breve con algo de detalle,False,False,Simple: lenguaje claro y sin tecnicismos,"Intermedio: algunos términos técnicos, pero fáciles de seguir","Intermedio: algunos términos técnicos, pero fáciles de seguir",False,False,Me da igual,Texto breve + imagen,Texto breve + imagen,False,False,Medio: el error podría causar cierta confusión o problema,Medio: el error podría causar cierta confusión o problema,Medio: el error podría causar cierta confusión o problema,True,True,No tengo preferencia / me da igual,"Explicaciones con ejemplos similares, Explicaciones con comparaciones o contraejemplos, Explicaciones visuales (zonas destacadas en la imagen)","Explicaciones centradas en atributos o características concretas, Explicaciones basadas en reglas o razonamientos paso a paso, Explicaciones visuales (zonas destacadas en la imagen)",False,False,0.0,0.0,"Educación: aprender más sobre la imagen, el problema o el funcionamiento del sistema","Eficiencia: comprender la respuesta de forma rápida, Confianza: sentir mayor seguridad en la respuesta del sistema","Transparencia: entender por qué el sistema tomó esa decisión, Confianza: sentir mayor seguridad en la respuesta del sistema",False,False,0.0,0.0
C0150,U014,7,260,11,Opción C,Opción E,Opción B,False,False,Larga: explicación completa y detallada,Media: explicación breve con algo de detalle,Media: explicación breve con algo de detalle,False,False,"Intermedio: algunos términos técnicos, pero fáciles de seguir","Intermedio: algunos términos técnicos, pero fáciles de seguir","Intermedio: algunos términos técnicos, pero fáciles de seguir",True,True,Texto detallado + imagen,Texto breve + imagen,Texto breve + imagen,False,False,Medio: el error podría causar cierta confusión o problema,Medio: el error podría causar cierta confusión o problema,Medio: el error podría causar cierta confusión o problema,True,True,"Explicaciones con comparaciones o contraejemplos, Explicaciones centradas en atributos o características concretas, Explicaciones basadas en reglas o razonamientos paso a paso","Explicaciones con comparaciones o contraejemplos, Explicaciones visuales (zonas destacadas en la imagen)","Explicaciones centradas en atributos o características concretas, Explicaciones basadas en reglas o razonamientos paso a paso, Explicaciones visuales (zonas destacadas en la imagen)",False,False,0.25,0.5,"Transparencia: entender por qué el sistema tomó esa decisión, Confianza: sentir mayor seguridad en la respuesta del sistema, Efectividad: recibir una explicación útil para realizar mejor la tarea, Satisfacción: que la explicación resulte clara y útil para ti, Detección de errores(Debugging): detectar fallos, errores o comportamientos inesperados del sistema, Educación: aprender más sobre la imagen, el problema o el funcionamiento del sistema, Escrutinio: evaluar críticamente si la decisión del sistema es adecuada, razonable o justa","Transparencia: entender por qué el sistema tomó esa decisión, Confianza: sentir mayor seguridad en la respuesta del sistema","Transparencia: entender por qué el sistema tomó esa decisión, Confianza: sentir mayor seguridad en la respuesta del sistema",False,False,0.2,0.2
C0161,U015,7,260,11,Opción C,Opción B,Opción B,False,False,Media: explicación breve con algo de detalle,Media: explicación breve con algo de detalle,Media: explicación breve con algo de detalle,True,True,"Intermedio: algunos términos técnicos, pero fáciles de seguir","Intermedio: algunos términos técnicos, pero fáciles de seguir","Intermedio: algunos términos técnicos, pero fáciles de seguir",True,True,Texto detallado + imagen,Texto breve + imagen,Texto breve + imagen,False,False,Alto: el error podría tener consecuencias importantes,Medio: el error podría causar cierta confusión o problema,Medio: el error podría causar cierta confusión o problema,False,False,"Explicaciones con comparaciones o contraejemplos, Explicaciones visuales (zonas destacadas en la imagen)","Explicaciones centradas en atributos o características concretas, Explicaciones basadas en reglas o razonamientos paso a paso, Explicaciones visuales (zonas destacadas en la imagen)","Explicaciones centradas en atributos o características concretas, Explicaciones basadas en reglas o razonamientos paso a paso, Explicaciones visuales (zonas destacadas en la imagen)",False,False,0.25,0.25,"Transparencia: entender por qué el sistema tomó esa decisión, Detección de errores(Debugging): detectar fallos, errores o comportamientos inesperados del sistema, Educación: aprender más sobre la imagen, el problema o el funcionamiento del sistema, Escrutinio: evaluar críticamente si la decisión del sistema es adecuada, razonable o justa","Confianza: sentir mayor seguridad en la respuesta del sistema, Detección de errores(Debugging): detectar fallos, errores o comportamientos inesperados del sistema, Escrutinio: evaluar críticamente si la decisión del sistema es adecuada, razonable o justa","Transparencia: entender por qué el sistema tomó esa decisión, Confianza: sentir mayor seguridad en la respuesta del sistema",False,False,0.5,0.125
C0172,U016,7,260,11,Opción C,Opción E,Opción B,False,False,Media: explicación breve con algo de detalle,Media: explicación breve con algo de detalle,Media: explicación breve con algo de detalle,True,True,"Intermedio: algunos términos técnicos, pero fáciles de seguir","Intermedio: algunos términos técnicos, pero fáciles de seguir","Intermedio: algunos términos técnicos, pero fáciles de seguir",True,True,Texto breve + imagen,Texto breve + imagen,Texto breve + imagen,True,True,Medio: el error podría causar cierta confusión o problema,Medio: el error podría causar cierta confusión o problema,Medio: el error podría causar cierta confusión o problema,True,True,"Explicaciones con ejemplos similares, Explicaciones basadas en reglas o razonamientos paso a paso, Explicaciones visuales (zonas destacadas en la imagen)","Explicaciones con ejemplos similares, Explicaciones con comparaciones o contraejemplos, Explicaciones visuales (zonas destacadas en la imagen)","Explicaciones centradas en atributos o características concretas, Explicaciones basadas en reglas o razonamientos paso a paso, Explicaciones visuales (zonas destacadas en la imagen)",False,False,0.5,0.5,"Confianza: sentir mayor seguridad en la respuesta del sistema, Efectividad: recibir una explicación útil para realizar mejor la tarea, Satisfacción: que la explicación resulte clara y útil para ti, Detección de errores(Debugging): detectar fallos, errores o comportamientos inesperados del sistema","Efectividad: recibir una explicación útil para realizar mejor la tarea, Satisfacción: que la explicación resulte clara y útil para ti","Transparencia: entender por qué el sistema tomó esa decisión, Confianza: sentir mayor seguridad en la respuesta del sistema",False,False,0.4,0.16666666666666666
C0183,U017,7,260,11,Opción C,Opción E,Opción B,False,False,Media: explicación breve con algo de detalle,Media: explicación breve con algo de detalle,Media: explicación breve con algo de detalle,True,True,"Intermedio: algunos términos técnicos, pero fáciles de seguir","Intermedio: algunos términos técnicos, pero fáciles de seguir","Intermedio: algunos términos técnicos, pero fáciles de seguir",True,True,Principalmente visual,Texto breve + imagen,Texto breve + imagen,False,False,Alto: el error podría tener consecuencias importantes,Medio: el error podría causar cierta confusión o problema,Medio: el error podría causar cierta confusión o problema,False,False,"Explicaciones con comparaciones o contraejemplos, Explicaciones visuales (zonas destacadas en la imagen)","Explicaciones con ejemplos similares, Explicaciones con comparaciones o contraejemplos, Explicaciones visuales (zonas destacadas en la imagen)","Explicaciones centradas en atributos o características concretas, Explicaciones basadas en reglas o razonamientos paso a paso, Explicaciones visuales (zonas destacadas en la imagen)",False,False,0.6666666666666666,0.25,"Transparencia: entender por qué el sistema tomó esa decisión, Detección de errores(Debugging): detectar fallos, errores o comportamientos inesperados del sistema, Educación: aprender más sobre la imagen, el problema o el funcionamiento del sistema","Eficiencia: comprender la respuesta de forma rápida, Confianza: sentir mayor seguridad en la respuesta del sistema","Transparencia: entender por qué el sistema tomó esa decisión, Confianza: sentir mayor seguridad en la respuesta del sistema",False,False,0.0,0.16666666666666666
C0194,U018,7,260,11,Opción C,Opción E,Opción B,False,False,Media: explicación breve con algo de detalle,Media: explicación breve con algo de detalle,Media: explicación breve con algo de detalle,True,True,"Intermedio: algunos términos técnicos, pero fáciles de seguir","Intermedio: algunos términos técnicos, pero fáciles de seguir","Intermedio: algunos términos técnicos, pero fáciles de seguir",True,True,Texto breve + imagen,Texto breve + imagen,Texto breve + imagen,True,True,Medio: el error podría causar cierta confusión o problema,Medio: el error podría causar cierta confusión o problema,Medio: el error podría causar cierta confusión o problema,True,True,Explicaciones con comparaciones o contraejemplos,"Explicaciones con ejemplos similares, Explicaciones basadas en reglas o razonamientos paso a paso, Explicaciones visuales (zonas destacadas en la imagen)","Explicaciones centradas en atributos o características concretas, Explicaciones basadas en reglas o razonamientos paso a paso, Explicaciones visuales (zonas destacadas en la imagen)",False,False,0.0,0.0,"Efectividad: recibir una explicación útil para realizar mejor la tarea, Satisfacción: que la explicación resulte clara y útil para ti","Confianza: sentir mayor seguridad en la respuesta del sistema, Efectividad: recibir una explicación útil para realizar mejor la tarea, Satisfacción: que la explicación resulte clara y útil para ti, Detección de errores(Debugging): detectar fallos, errores o comportamientos inesperados del sistema","Transparencia: entender por qué el sistema tomó esa decisión, Confianza: sentir mayor seguridad en la respuesta del sistema",False,False,0.4,0.0
C0205,U019,7,260,11,Opción D,Opción B,Opción B,False,False,Media: explicación breve con algo de detalle,Media: explicación breve con algo de detalle,Media: explicación breve con algo de detalle,True,True,"Intermedio: algunos términos técnicos, pero fáciles de seguir","Intermedio: algunos términos técnicos, pero fáciles de seguir","Intermedio: algunos términos técnicos, pero fáciles de seguir",True,True,Texto detallado + imagen,Texto breve + imagen,Texto breve + imagen,False,False,Alto: el error podría tener consecuencias importantes,Medio: el error podría causar cierta confusión o problema,Medio: el error podría causar cierta confusión o problema,False,False,"Explicaciones con ejemplos similares, Explicaciones con comparaciones o contraejemplos, Explicaciones centradas en atributos o características concretas","Explicaciones centradas en atributos o características concretas, Explicaciones basadas en reglas o razonamientos paso a paso, Explicaciones visuales (zonas destacadas en la imagen)","Explicaciones centradas en atributos o características concretas, Explicaciones basadas en reglas o razonamientos paso a paso, Explicaciones visuales (zonas destacadas en la imagen)",False,False,0.2,0.2,"Transparencia: entender por qué el sistema tomó esa decisión, Confianza: sentir mayor seguridad en la respuesta del sistema, Efectividad: recibir una explicación útil para realizar mejor la tarea, Satisfacción: que la explicación resulte clara y útil para ti","Transparencia: entender por qué el sistema tomó esa decisión, Detección de errores(Debugging): detectar fallos, errores o comportamientos inesperados del sistema, Escrutinio: evaluar críticamente si la decisión del sistema es adecuada, razonable o justa","Transparencia: entender por qué el sistema tomó esa decisión, Confianza: sentir mayor seguridad en la respuesta del sistema",False,False,0.125,0.5
C0216,U020,7,260,11,Opción A,Opción E,Opción B,False,False,Media: explicación breve con algo de detalle,Media: explicación breve con algo de detalle,Media: explicación breve con algo de detalle,True,True,"Intermedio: algunos términos técnicos, pero fáciles de seguir","Intermedio: algunos términos técnicos, pero fáciles de seguir","Intermedio: algunos términos técnicos, pero fáciles de seguir",True,True,Texto detallado + imagen,Texto breve + imagen,Texto breve + imagen,False,False,Alto: el error podría tener consecuencias importantes,Medio: el error podría causar cierta confusión o problema,Medio: el error podría causar cierta confusión o problema,False,False,"Explicaciones centradas en atributos o características concretas, Explicaciones basadas en reglas o razonamientos paso a paso, Explicaciones visuales (zonas destacadas en la imagen)","Explicaciones con ejemplos similares, Explicaciones basadas en reglas o razonamientos paso a paso, Explicaciones visuales (zonas destacadas en la imagen)","Explicaciones centradas en atributos o características concretas, Explicaciones basadas en reglas o razonamientos paso a paso, Explicaciones visuales (zonas destacadas en la imagen)",False,True,0.5,1.0,"Transparencia: entender por qué el sistema tomó esa decisión, Confianza: sentir mayor seguridad en la respuesta del sistema, Satisfacción: que la explicación resulte clara y útil para ti, Educación: aprender más sobre la imagen, el problema o el funcionamiento del sistema","Eficiencia: comprender la respuesta de forma rápida, Confianza: sentir mayor seguridad en la respuesta del sistema","Transparencia: entender por qué el sistema tomó esa decisión, Confianza: sentir mayor seguridad en la respuesta del sistema",False,False,0.16666666666666666,0.4
C0227,U021,7,260,11,Opción B,Opción B,Opción B,True,True,Media: explicación breve con algo de detalle,Media: explicación breve con algo de detalle,Media: explicación breve con algo de detalle,True,True,"Intermedio: algunos términos técnicos, pero fáciles de seguir","Intermedio: algunos términos técnicos, pero fáciles de seguir","Intermedio: algunos términos técnicos, pero fáciles de seguir",True,True,Texto breve + imagen,Texto breve + imagen,Texto breve + imagen,True,True,Alto: el error podría tener consecuencias importantes,Medio: el error podría causar cierta confusión o problema,Medio: el error podría causar cierta confusión o problema,False,False,"Explicaciones centradas en atributos o características concretas, Explicaciones visuales (zonas destacadas en la imagen)","Explicaciones centradas en atributos o características concretas, Explicaciones basadas en reglas o razonamientos paso a paso, Explicaciones visuales (zonas destacadas en la imagen)","Explicaciones centradas en atributos o características concretas, Explicaciones basadas en reglas o razonamientos paso a paso, Explicaciones visuales (zonas destacadas en la imagen)",False,False,0.6666666666666666,0.6666666666666666,"Transparencia: entender por qué el sistema tomó esa decisión, Eficiencia: comprender la respuesta de forma rápida, Efectividad: recibir una explicación útil para realizar mejor la tarea, Detección de errores(Debugging): detectar fallos, errores o comportamientos inesperados del sistema","Transparencia: entender por qué el sistema tomó esa decisión, Detección de errores(Debugging): detectar fallos, errores o comportamientos inesperados del sistema, Educación: aprender más sobre la imagen, el problema o el funcionamiento del sistema, Escrutinio: evaluar críticamente si la decisión del sistema es adecuada, razonable o justa","Transparencia: entender por qué el sistema tomó esa decisión, Confianza: sentir mayor seguridad en la respuesta del sistema",False,False,0.3333333333333333,0.16666666666666666
C0238,U022,7,260,11,Opción E,Opción E,Opción B,True,False,Media: explicación breve con algo de detalle,Media: explicación breve con algo de detalle,Media: explicación breve con algo de detalle,True,True,"Intermedio: algunos términos técnicos, pero fáciles de seguir","Intermedio: algunos términos técnicos, pero fáciles de seguir","Intermedio: algunos términos técnicos, pero fáciles de seguir",True,True,Texto breve + imagen,Texto breve + imagen,Texto breve + imagen,True,True,Medio: el error podría causar cierta confusión o problema,Medio: el error podría causar cierta confusión o problema,Medio: el error podría causar cierta confusión o problema,True,True,Explicaciones visuales (zonas destacadas en la imagen),"Explicaciones con ejemplos similares, Explicaciones basadas en reglas o razonamientos paso a paso, Explicaciones visuales (zonas destacadas en la imagen)","Explicaciones centradas en atributos o características concretas, Explicaciones basadas en reglas o razonamientos paso a paso, Explicaciones visuales (zonas destacadas en la imagen)",False,False,0.3333333333333333,0.3333333333333333,"Eficiencia: comprender la respuesta de forma rápida, Efectividad: recibir una explicación útil para realizar mejor la tarea, Satisfacción: que la explicación resulte clara y útil para ti, Detección de errores(Debugging): detectar fallos, errores o comportamientos inesperados del sistema","Eficiencia: comprender la respuesta de forma rápida, Efectividad: recibir una explicación útil para realizar mejor la tarea","Transparencia: entender por qué el sistema tomó esa decisión, Confianza: sentir mayor seguridad en la respuesta del sistema",False,False,0.4,0.0
C0249,U023,7,260,11,Opción B,Opción B,Opción B,True,True,Corta: solo lo esencial,Media: explicación breve con algo de detalle,Media: explicación breve con algo de detalle,False,False,Simple: lenguaje claro y sin tecnicismos,"Intermedio: algunos términos técnicos, pero fáciles de seguir","Intermedio: algunos términos técnicos, pero fáciles de seguir",False,False,Texto breve + imagen,Texto breve + imagen,Texto breve + imagen,True,True,Medio: el error podría causar cierta confusión o problema,Medio: el error podría causar cierta confusión o problema,Medio: el error podría causar cierta confusión o problema,True,True,"Explicaciones con ejemplos similares, Explicaciones con comparaciones o contraejemplos, Explicaciones basadas en reglas o razonamientos paso a paso, Explicaciones visuales (zonas destacadas en la imagen)","Explicaciones con ejemplos similares, Explicaciones con comparaciones o contraejemplos, Explicaciones visuales (zonas destacadas en la imagen)","Explicaciones centradas en atributos o características concretas, Explicaciones basadas en reglas o razonamientos paso a paso, Explicaciones visuales (zonas destacadas en la imagen)",False,False,0.75,0.4,"Transparencia: entender por qué el sistema tomó esa decisión, Eficiencia: comprender la respuesta de forma rápida, Confianza: sentir mayor seguridad en la respuesta del sistema, Efectividad: recibir una explicación útil para realizar mejor la tarea, Satisfacción: que la explicación resulte clara y útil para ti, Persuasión: convencerte de que la decisión del sistema está justificada, Detección de errores(Debugging): detectar fallos, errores o comportamientos inesperados del sistema, Educación: aprender más sobre la imagen, el problema o el funcionamiento del sistema, Escrutinio: evaluar críticamente si la decisión del sistema es adecuada, razonable o justa","Transparencia: entender por qué el sistema tomó esa decisión, Detección de errores(Debugging): detectar fallos, errores o comportamientos inesperados del sistema, Educación: aprender más sobre la imagen, el problema o el funcionamiento del sistema, Escrutinio: evaluar críticamente si la decisión del sistema es adecuada, razonable o justa","Transparencia: entender por qué el sistema tomó esa decisión, Confianza: sentir mayor seguridad en la respuesta del sistema",False,False,0.5833333333333334,0.16666666666666666
C0260,U024,7,260,11,Opción F (Ninguna),Opción E,Opción B,False,False,Media: explicación breve con algo de detalle,Media: explicación breve con algo de detalle,Media: explicación breve con algo de detalle,True,True,"Intermedio: algunos términos técnicos, pero fáciles de seguir","Intermedio: algunos términos técnicos, pero fáciles de seguir","Intermedio: algunos términos técnicos, pero fáciles de seguir",True,True,Texto breve + imagen,Texto breve + imagen,Texto breve + imagen,True,True,Medio: el error podría causar cierta confusión o problema,Medio: el error podría causar cierta confusión o problema,Medio: el error podría causar cierta confusión o problema,True,True,"Explicaciones con ejemplos similares, Explicaciones con comparaciones o contraejemplos, Explicaciones visuales (zonas destacadas en la imagen)","Explicaciones con comparaciones o contraejemplos, Explicaciones visuales (zonas destacadas en la imagen)","Explicaciones centradas en atributos o características concretas, Explicaciones basadas en reglas o razonamientos paso a paso, Explicaciones visuales (zonas destacadas en la imagen)",False,False,0.6666666666666666,0.2,"Eficiencia: comprender la respuesta de forma rápida, Satisfacción: que la explicación resulte clara y útil para ti, Detección de errores(Debugging): detectar fallos, errores o comportamientos inesperados del sistema","Transparencia: entender por qué el sistema tomó esa decisión, Eficiencia: comprender la respuesta de forma rápida, Efectividad: recibir una explicación útil para realizar mejor la tarea, Satisfacción: que la explicación resulte clara y útil para ti","Transparencia: entender por qué el sistema tomó esa decisión, Confianza: sentir mayor seguridad en la respuesta del sistema",False,False,0.3333333333333333,0.0
C0271,U025,7,260,11,Opción D,Opción B,Opción B,False,False,Media: explicación breve con algo de detalle,Media: explicación breve con algo de detalle,Media: explicación breve con algo de detalle,True,True,"Intermedio: algunos términos técnicos, pero fáciles de seguir","Intermedio: algunos términos técnicos, pero fáciles de seguir","Intermedio: algunos términos técnicos, pero fáciles de seguir",True,True,Texto breve + imagen,Texto breve + imagen,Texto breve + imagen,True,True,Medio: el error podría causar cierta confusión o problema,Alto: el error podría tener consecuencias importantes,Medio: el error podría causar cierta confusión o problema,False,True,"Explicaciones centradas en atributos o características concretas, Explicaciones basadas en reglas o razonamientos paso a paso, Explicaciones visuales (zonas destacadas en la imagen)","Explicaciones centradas en atributos o características concretas, Explicaciones basadas en reglas o razonamientos paso a paso","Explicaciones centradas en atributos o características concretas, Explicaciones basadas en reglas o razonamientos paso a paso, Explicaciones visuales (zonas destacadas en la imagen)",False,True,0.6666666666666666,1.0,"Transparencia: entender por qué el sistema tomó esa decisión, Detección de errores(Debugging): detectar fallos, errores o comportamientos inesperados del sistema, Escrutinio: evaluar críticamente si la decisión del sistema es adecuada, razonable o justa","Transparencia: entender por qué el sistema tomó esa decisión, Confianza: sentir mayor seguridad en la respuesta del sistema, Efectividad: recibir una explicación útil para realizar mejor la tarea, Satisfacción: que la explicación resulte clara y útil para ti","Transparencia: entender por qué el sistema tomó esa decisión, Confianza: sentir mayor seguridad en la respuesta del sistema",False,False,0.125,0.16666666666666666
C0282,U026,7,260,11,Opción D,Opción B,Opción B,False,False,Larga: explicación completa y detallada,Media: explicación breve con algo de detalle,Media: explicación breve con algo de detalle,False,False,"Intermedio: algunos términos técnicos, pero fáciles de seguir","Intermedio: algunos términos técnicos, pero fáciles de seguir","Intermedio: algunos términos técnicos, pero fáciles de seguir",True,True,Principalmente visual,Texto breve + imagen,Texto breve + imagen,False,False,Alto: el error podría tener consecuencias importantes,Medio: el error podría causar cierta confusión o problema,Medio: el error podría causar cierta confusión o problema,False,False,"Explicaciones con ejemplos similares, Explicaciones basadas en reglas o razonamientos paso a paso","Explicaciones centradas en atributos o características concretas, Explicaciones basadas en reglas o razonamientos paso a paso, Explicaciones visuales (zonas destacadas en la imagen)","Explicaciones centradas en atributos o características concretas, Explicaciones basadas en reglas o razonamientos paso a paso, Explicaciones visuales (zonas destacadas en la imagen)",False,False,0.25,0.25,"Transparencia: entender por qué el sistema tomó esa decisión, Confianza: sentir mayor seguridad en la respuesta del sistema, Detección de errores(Debugging): detectar fallos, errores o comportamientos inesperados del sistema, Escrutinio: evaluar críticamente si la decisión del sistema es adecuada, razonable o justa","Transparencia: entender por qué el sistema tomó esa decisión, Confianza: sentir mayor seguridad en la respuesta del sistema","Transparencia: entender por qué el sistema tomó esa decisión, Confianza: sentir mayor seguridad en la respuesta del sistema",False,False,0.3333333333333333,0.3333333333333333
C0293,U027,7,260,11,Opción B,Opción E,Opción B,False,True,Media: explicación breve con algo de detalle,Media: explicación breve con algo de detalle,Media: explicación breve con algo de detalle,True,True,"Intermedio: algunos términos técnicos, pero fáciles de seguir","Intermedio: algunos términos técnicos, pero fáciles de seguir","Intermedio: algunos términos técnicos, pero fáciles de seguir",True,True,Texto breve + imagen,Texto breve + imagen,Texto breve + imagen,True,True,Alto: el error podría tener consecuencias importantes,Medio: el error podría causar cierta confusión o problema,Medio: el error podría causar cierta confusión o problema,False,False,"Explicaciones centradas en atributos o características concretas, Explicaciones basadas en reglas o razonamientos paso a paso, Explicaciones visuales (zonas destacadas en la imagen)","Explicaciones con comparaciones o contraejemplos, Explicaciones visuales (zonas destacadas en la imagen)","Explicaciones centradas en atributos o características concretas, Explicaciones basadas en reglas o razonamientos paso a paso, Explicaciones visuales (zonas destacadas en la imagen)",False,True,0.25,1.0,"Transparencia: entender por qué el sistema tomó esa decisión, Confianza: sentir mayor seguridad en la respuesta del sistema","Confianza: sentir mayor seguridad en la respuesta del sistema, Detección de errores(Debugging): detectar fallos, errores o comportamientos inesperados del sistema, Escrutinio: evaluar críticamente si la decisión del sistema es adecuada, razonable o justa","Confianza: sentir mayor seguridad en la respuesta del sistema, Detección de errores(Debugging): detectar fallos, errores o comportamientos inesperados del sistema, Escrutinio: evaluar críticamente si la decisión del sistema es adecuada, razonable o justa",False,False,0.16666666666666666,0.16666666666666666
C0008,U001,8,260,11,Opción B,Opción F (Ninguna),Opción B,False,True,Media: explicación breve con algo de detalle,Media: explicación breve con algo de detalle,Media: explicación breve con algo de detalle,True,True,"Intermedio: algunos términos técnicos, pero fáciles de seguir","Intermedio: algunos términos técnicos, pero fáciles de seguir","Intermedio: algunos términos técnicos, pero fáciles de seguir",True,True,Texto breve + imagen,Texto breve + imagen,Texto breve + imagen,True,True,Medio: el error podría causar cierta confusión o problema,Medio: el error podría causar cierta confusión o problema,Medio: el error podría causar cierta confusión o problema,True,True,"Explicaciones basadas en reglas o razonamientos paso a paso, Explicaciones visuales (zonas destacadas en la imagen)","Explicaciones centradas en atributos o características concretas, Explicaciones basadas en reglas o razonamientos paso a paso, Explicaciones visuales (zonas destacadas en la imagen)","Explicaciones centradas en atributos o características concretas, Explicaciones basadas en reglas o razonamientos paso a paso, Explicaciones visuales (zonas destacadas en la imagen)",False,False,0.6666666666666666,0.6666666666666666,"Confianza: sentir mayor seguridad en la respuesta del sistema, Detección de errores(Debugging): detectar fallos, errores o comportamientos inesperados del sistema, Escrutinio: evaluar críticamente si la decisión del sistema es adecuada, razonable o justa","Transparencia: entender por qué el sistema tomó esa decisión, Confianza: sentir mayor seguridad en la respuesta del sistema","Transparencia: entender por qué el sistema tomó esa decisión, Confianza: sentir mayor seguridad en la respuesta del sistema",False,False,0.16666666666666666,0.16666666666666666
C0019,U002,8,260,11,Opción A,Opción F (Ninguna),Opción B,False,False,Media: explicación breve con algo de detalle,Media: explicación breve con algo de detalle,Media: explicación breve con algo de detalle,True,True,Simple: lenguaje claro y sin tecnicismos,"Intermedio: algunos términos técnicos, pero fáciles de seguir","Intermedio: algunos términos técnicos, pero fáciles de seguir",False,False,Texto detallado + imagen,Texto breve + imagen,Texto breve + imagen,False,False,Medio: el error podría causar cierta confusión o problema,Medio: el error podría causar cierta confusión o problema,Medio: el error podría causar cierta confusión o problema,True,True,"Explicaciones con ejemplos similares, Explicaciones con comparaciones o contraejemplos, Explicaciones centradas en atributos o características concretas, Explicaciones basadas en reglas o razonamientos paso a paso, Explicaciones visuales (zonas destacadas en la imagen), No tengo preferencia / me da igual","Explicaciones centradas en atributos o características concretas, Explicaciones basadas en reglas o razonamientos paso a paso, Explicaciones visuales (zonas destacadas en la imagen)","Explicaciones centradas en atributos o características concretas, Explicaciones basadas en reglas o razonamientos paso a paso, Explicaciones visuales (zonas destacadas en la imagen)",False,False,0.5,0.5,"Transparencia: entender por qué el sistema tomó esa decisión, Efectividad: recibir una explicación útil para realizar mejor la tarea, Satisfacción: que la explicación resulte clara y útil para ti, Educación: aprender más sobre la imagen, el problema o el funcionamiento del sistema, Escrutinio: evaluar críticamente si la decisión del sistema es adecuada, razonable o justa","Transparencia: entender por qué el sistema tomó esa decisión, Detección de errores(Debugging): detectar fallos, errores o comportamientos inesperados del sistema, Educación: aprender más sobre la imagen, el problema o el funcionamiento del sistema, Escrutinio: evaluar críticamente si la decisión del sistema es adecuada, razonable o justa","Transparencia: entender por qué el sistema tomó esa decisión, Confianza: sentir mayor seguridad en la respuesta del sistema",False,False,0.5555555555555556,0.125
C0030,U003,8,260,11,Opción C,Opción F (Ninguna),Opción B,False,False,Corta: solo lo esencial,Media: explicación breve con algo de detalle,Media: explicación breve con algo de detalle,False,False,Técnico: explicación más especializada y precisa,"Intermedio: algunos términos técnicos, pero fáciles de seguir","Intermedio: algunos términos técnicos, pero fáciles de seguir",False,False,Texto breve + imagen,Texto breve + imagen,Texto breve + imagen,True,True,Alto: el error podría tener consecuencias importantes,Medio: el error podría causar cierta confusión o problema,Medio: el error podría causar cierta confusión o problema,False,False,"Explicaciones con ejemplos similares, Explicaciones con comparaciones o contraejemplos, Explicaciones visuales (zonas destacadas en la imagen)","Explicaciones con ejemplos similares, Explicaciones con comparaciones o contraejemplos, Explicaciones basadas en reglas o razonamientos paso a paso, Explicaciones visuales (zonas destacadas en la imagen)","Explicaciones centradas en atributos o características concretas, Explicaciones basadas en reglas o razonamientos paso a paso, Explicaciones visuales (zonas destacadas en la imagen)",False,False,0.75,0.2,"Transparencia: entender por qué el sistema tomó esa decisión, Satisfacción: que la explicación resulte clara y útil para ti, Detección de errores(Debugging): detectar fallos, errores o comportamientos inesperados del sistema, Educación: aprender más sobre la imagen, el problema o el funcionamiento del sistema","Transparencia: entender por qué el sistema tomó esa decisión, Eficiencia: comprender la respuesta de forma rápida, Efectividad: recibir una explicación útil para realizar mejor la tarea, Persuasión: convencerte de que la decisión del sistema está justificada, Detección de errores(Debugging): detectar fallos, errores o comportamientos inesperados del sistema, Escrutinio: evaluar críticamente si la decisión del sistema es adecuada, razonable o justa","Transparencia: entender por qué el sistema tomó esa decisión, Confianza: sentir mayor seguridad en la respuesta del sistema",False,False,0.2727272727272727,0.14285714285714285
C0041,U004,8,260,11,Opción B,Opción F (Ninguna),Opción B,False,True,Larga: explicación completa y detallada,Media: explicación breve con algo de detalle,Media: explicación breve con algo de detalle,False,False,"Intermedio: algunos términos técnicos, pero fáciles de seguir","Intermedio: algunos términos técnicos, pero fáciles de seguir","Intermedio: algunos términos técnicos, pero fáciles de seguir",True,True,Principalmente visual,Texto breve + imagen,Texto breve + imagen,False,False,Medio: el error podría causar cierta confusión o problema,Medio: el error podría causar cierta confusión o problema,Medio: el error podría causar cierta confusión o problema,True,True,"Explicaciones centradas en atributos o características concretas, Explicaciones basadas en reglas o razonamientos paso a paso, Explicaciones visuales (zonas destacadas en la imagen)","Explicaciones con ejemplos similares, Explicaciones con comparaciones o contraejemplos, Explicaciones visuales (zonas destacadas en la imagen)","Explicaciones centradas en atributos o características concretas, Explicaciones basadas en reglas o razonamientos paso a paso, Explicaciones visuales (zonas destacadas en la imagen)",False,True,0.2,1.0,"Transparencia: entender por qué el sistema tomó esa decisión, Eficiencia: comprender la respuesta de forma rápida, Satisfacción: que la explicación resulte clara y útil para ti","Transparencia: entender por qué el sistema tomó esa decisión, Detección de errores(Debugging): detectar fallos, errores o comportamientos inesperados del sistema, Educación: aprender más sobre la imagen, el problema o el funcionamiento del sistema, Escrutinio: evaluar críticamente si la decisión del sistema es adecuada, razonable o justa","Transparencia: entender por qué el sistema tomó esa decisión, Confianza: sentir mayor seguridad en la respuesta del sistema",False,False,0.1111111111111111,0.25
C0052,U005,8,260,11,Opción B,Opción F (Ninguna),Opción B,False,True,Media: explicación breve con algo de detalle,Media: explicación breve con algo de detalle,Media: explicación breve con algo de detalle,True,True,"Intermedio: algunos términos técnicos, pero fáciles de seguir","Intermedio: algunos términos técnicos, pero fáciles de seguir","Intermedio: algunos términos técnicos, pero fáciles de seguir",True,True,Texto breve + imagen,Texto breve + imagen,Texto breve + imagen,True,True,Medio: el error podría causar cierta confusión o problema,Medio: el error podría causar cierta confusión o problema,Medio: el error podría causar cierta confusión o problema,True,True,"Explicaciones con ejemplos similares, Explicaciones con comparaciones o contraejemplos, Explicaciones visuales (zonas destacadas en la imagen)","Explicaciones con comparaciones o contraejemplos, Explicaciones centradas en atributos o características concretas, Explicaciones visuales (zonas destacadas en la imagen)","Explicaciones centradas en atributos o características concretas, Explicaciones basadas en reglas o razonamientos paso a paso, Explicaciones visuales (zonas destacadas en la imagen)",False,False,0.5,0.2,"Transparencia: entender por qué el sistema tomó esa decisión, Eficiencia: comprender la respuesta de forma rápida, Confianza: sentir mayor seguridad en la respuesta del sistema","Eficiencia: comprender la respuesta de forma rápida, Satisfacción: que la explicación resulte clara y útil para ti, Detección de errores(Debugging): detectar fallos, errores o comportamientos inesperados del sistema","Transparencia: entender por qué el sistema tomó esa decisión, Confianza: sentir mayor seguridad en la respuesta del sistema",False,False,0.16666666666666666,0.6666666666666666
C0063,U006,8,260,11,Opción F (Ninguna),Opción F (Ninguna),Opción B,True,False,Corta: solo lo esencial,Media: explicación breve con algo de detalle,Media: explicación breve con algo de detalle,False,False,"Intermedio: algunos términos técnicos, pero fáciles de seguir","Intermedio: algunos términos técnicos, pero fáciles de seguir","Intermedio: algunos términos técnicos, pero fáciles de seguir",True,True,Texto breve + imagen,Texto breve + imagen,Texto breve + imagen,True,True,Medio: el error podría causar cierta confusión o problema,Medio: el error podría causar cierta confusión o problema,Medio: el error podría causar cierta confusión o problema,True,True,"Explicaciones centradas en atributos o características concretas, Explicaciones basadas en reglas o razonamientos paso a paso","Explicaciones centradas en atributos o características concretas, Explicaciones basadas en reglas o razonamientos paso a paso, Explicaciones visuales (zonas destacadas en la imagen)","Explicaciones centradas en atributos o características concretas, Explicaciones basadas en reglas o razonamientos paso a paso, Explicaciones visuales (zonas destacadas en la imagen)",False,False,0.6666666666666666,0.6666666666666666,"Transparencia: entender por qué el sistema tomó esa decisión, Confianza: sentir mayor seguridad en la respuesta del sistema","Transparencia: entender por qué el sistema tomó esa decisión, Confianza: sentir mayor seguridad en la respuesta del sistema, Efectividad: recibir una explicación útil para realizar mejor la tarea, Satisfacción: que la explicación resulte clara y útil para ti, Detección de errores(Debugging): detectar fallos, errores o comportamientos inesperados del sistema, Educación: aprender más sobre la imagen, el problema o el funcionamiento del sistema, Escrutinio: evaluar críticamente si la decisión del sistema es adecuada, razonable o justa","Confianza: sentir mayor seguridad en la respuesta del sistema, Detección de errores(Debugging): detectar fallos, errores o comportamientos inesperados del sistema, Escrutinio: evaluar críticamente si la decisión del sistema es adecuada, razonable o justa",False,False,0.2,0.16666666666666666
C0074,U007,8,260,11,Opción B,Opción F (Ninguna),Opción B,False,True,Corta: solo lo esencial,Media: explicación breve con algo de detalle,Media: explicación breve con algo de detalle,False,False,Simple: lenguaje claro y sin tecnicismos,"Intermedio: algunos términos técnicos, pero fáciles de seguir","Intermedio: algunos términos técnicos, pero fáciles de seguir",False,False,Texto breve + imagen,Texto breve + imagen,Texto breve + imagen,True,True,Bajo: el error apenas tendría consecuencias,Medio: el error podría causar cierta confusión o problema,Medio: el error podría causar cierta confusión o problema,False,False,"Explicaciones centradas en atributos o características concretas, Explicaciones basadas en reglas o razonamientos paso a paso","Explicaciones centradas en atributos o características concretas, Explicaciones basadas en reglas o razonamientos paso a paso, Explicaciones visuales (zonas destacadas en la imagen)","Explicaciones centradas en atributos o características concretas, Explicaciones basadas en reglas o razonamientos paso a paso, Explicaciones visuales (zonas destacadas en la imagen)",False,False,0.6666666666666666,0.6666666666666666,"Transparencia: entender por qué el sistema tomó esa decisión, Confianza: sentir mayor seguridad en la respuesta del sistema, Satisfacción: que la explicación resulte clara y útil para ti, Persuasión: convencerte de que la decisión del sistema está justificada, Detección de errores(Debugging): detectar fallos, errores o comportamientos inesperados del sistema","Transparencia: entender por qué el sistema tomó esa decisión, Eficiencia: comprender la respuesta de forma rápida, Confianza: sentir mayor seguridad en la respuesta del sistema","Transparencia: entender por qué el sistema tomó esa decisión, Confianza: sentir mayor seguridad en la respuesta del sistema",False,False,0.2857142857142857,0.3333333333333333
C0085,U008,8,260,11,Opción F (Ninguna),Opción F (Ninguna),Opción B,True,False,Media: explicación breve con algo de detalle,Media: explicación breve con algo de detalle,Media: explicación breve con algo de detalle,True,True,"Intermedio: algunos términos técnicos, pero fáciles de seguir","Intermedio: algunos términos técnicos, pero fáciles de seguir","Intermedio: algunos términos técnicos, pero fáciles de seguir",True,True,Texto breve + imagen,Texto breve + imagen,Texto breve + imagen,True,True,Medio: el error podría causar cierta confusión o problema,Medio: el error podría causar cierta confusión o problema,Medio: el error podría causar cierta confusión o problema,True,True,"Explicaciones con ejemplos similares, Explicaciones con comparaciones o contraejemplos","Explicaciones con ejemplos similares, Explicaciones con comparaciones o contraejemplos, Explicaciones visuales (zonas destacadas en la imagen)","Explicaciones centradas en atributos o características concretas, Explicaciones basadas en reglas o razonamientos paso a paso, Explicaciones visuales (zonas destacadas en la imagen)",False,False,0.6666666666666666,0.0,"Transparencia: entender por qué el sistema tomó esa decisión, Eficiencia: comprender la respuesta de forma rápida, Efectividad: recibir una explicación útil para realizar mejor la tarea, Satisfacción: que la explicación resulte clara y útil para ti","Eficiencia: comprender la respuesta de forma rápida, Satisfacción: que la explicación resulte clara y útil para ti, Detección de errores(Debugging): detectar fallos, errores o comportamientos inesperados del sistema","Transparencia: entender por qué el sistema tomó esa decisión, Confianza: sentir mayor seguridad en la respuesta del sistema",False,False,0.3333333333333333,0.2
C0096,U009,8,260,11,Opción E,Opción F (Ninguna),Opción B,False,False,Media: explicación breve con algo de detalle,Media: explicación breve con algo de detalle,Media: explicación breve con algo de detalle,True,True,Simple: lenguaje claro y sin tecnicismos,"Intermedio: algunos términos técnicos, pero fáciles de seguir","Intermedio: algunos términos técnicos, pero fáciles de seguir",False,False,Texto breve + imagen,Texto breve + imagen,Texto breve + imagen,True,True,Medio: el error podría causar cierta confusión o problema,Medio: el error podría causar cierta confusión o problema,Medio: el error podría causar cierta confusión o problema,True,True,"Explicaciones con ejemplos similares, Explicaciones basadas en reglas o razonamientos paso a paso, Explicaciones visuales (zonas destacadas en la imagen)","Explicaciones centradas en atributos o características concretas, Explicaciones basadas en reglas o razonamientos paso a paso, Explicaciones visuales (zonas destacadas en la imagen)","Explicaciones centradas en atributos o características concretas, Explicaciones basadas en reglas o razonamientos paso a paso, Explicaciones visuales (zonas destacadas en la imagen)",False,False,0.5,0.5,"Eficiencia: comprender la respuesta de forma rápida, Efectividad: recibir una explicación útil para realizar mejor la tarea","Transparencia: entender por qué el sistema tomó esa decisión, Confianza: sentir mayor seguridad en la respuesta del sistema","Transparencia: entender por qué el sistema tomó esa decisión, Confianza: sentir mayor seguridad en la respuesta del sistema",False,False,0.0,0.0
C0107,U010,8,260,11,Opción C,Opción F (Ninguna),Opción B,False,False,Corta: solo lo esencial,Media: explicación breve con algo de detalle,Media: explicación breve con algo de detalle,False,False,Simple: lenguaje claro y sin tecnicismos,"Intermedio: algunos términos técnicos, pero fáciles de seguir","Intermedio: algunos términos técnicos, pero fáciles de seguir",False,False,Me da igual,Texto breve + imagen,Texto breve + imagen,False,False,Medio: el error podría causar cierta confusión o problema,Medio: el error podría causar cierta confusión o problema,Medio: el error podría causar cierta confusión o problema,True,True,No tengo preferencia / me da igual,"Explicaciones con ejemplos similares, Explicaciones con comparaciones o contraejemplos, Explicaciones visuales (zonas destacadas en la imagen)","Explicaciones centradas en atributos o características concretas, Explicaciones basadas en reglas o razonamientos paso a paso, Explicaciones visuales (zonas destacadas en la imagen)",False,False,0.0,0.0,"Eficiencia: comprender la respuesta de forma rápida, Confianza: sentir mayor seguridad en la respuesta del sistema","Transparencia: entender por qué el sistema tomó esa decisión, Detección de errores(Debugging): detectar fallos, errores o comportamientos inesperados del sistema, Educación: aprender más sobre la imagen, el problema o el funcionamiento del sistema","Transparencia: entender por qué el sistema tomó esa decisión, Confianza: sentir mayor seguridad en la respuesta del sistema",False,False,0.0,0.3333333333333333
C0118,U011,8,260,11,Opción B,Opción F (Ninguna),Opción B,False,True,Media: explicación breve con algo de detalle,Media: explicación breve con algo de detalle,Media: explicación breve con algo de detalle,True,True,"Intermedio: algunos términos técnicos, pero fáciles de seguir","Intermedio: algunos términos técnicos, pero fáciles de seguir","Intermedio: algunos términos técnicos, pero fáciles de seguir",True,True,Texto detallado + imagen,Texto breve + imagen,Texto breve + imagen,False,False,Medio: el error podría causar cierta confusión o problema,Medio: el error podría causar cierta confusión o problema,Medio: el error podría causar cierta confusión o problema,True,True,"Explicaciones con ejemplos similares, Explicaciones con comparaciones o contraejemplos, Explicaciones basadas en reglas o razonamientos paso a paso, Explicaciones visuales (zonas destacadas en la imagen)","Explicaciones con ejemplos similares, Explicaciones con comparaciones o contraejemplos, Explicaciones visuales (zonas destacadas en la imagen)","Explicaciones centradas en atributos o características concretas, Explicaciones basadas en reglas o razonamientos paso a paso, Explicaciones visuales (zonas destacadas en la imagen)",False,False,0.75,0.4,"Transparencia: entender por qué el sistema tomó esa decisión, Eficiencia: comprender la respuesta de forma rápida, Efectividad: recibir una explicación útil para realizar mejor la tarea, Persuasión: convencerte de que la decisión del sistema está justificada, Detección de errores(Debugging): detectar fallos, errores o comportamientos inesperados del sistema, Escrutinio: evaluar críticamente si la decisión del sistema es adecuada, razonable o justa","Transparencia: entender por qué el sistema tomó esa decisión, Satisfacción: que la explicación resulte clara y útil para ti, Detección de errores(Debugging): detectar fallos, errores o comportamientos inesperados del sistema, Educación: aprender más sobre la imagen, el problema o el funcionamiento del sistema","Transparencia: entender por qué el sistema tomó esa decisión, Confianza: sentir mayor seguridad en la respuesta del sistema",False,False,0.2727272727272727,0.1111111111111111
C0129,U012,8,260,11,Opción B,Opción F (Ninguna),Opción B,False,True,Corta: solo lo esencial,Media: explicación breve con algo de detalle,Media: explicación breve con algo de detalle,False,False,"Intermedio: algunos términos técnicos, pero fáciles de seguir","Intermedio: algunos términos técnicos, pero fáciles de seguir","Intermedio: algunos términos técnicos, pero fáciles de seguir",True,True,Texto breve + imagen,Texto breve + imagen,Texto breve + imagen,True,True,Alto: el error podría tener consecuencias importantes,Medio: el error podría causar cierta confusión o problema,Medio: el error podría causar cierta confusión o problema,False,False,"Explicaciones con comparaciones o contraejemplos, Explicaciones centradas en atributos o características concretas, Explicaciones visuales (zonas destacadas en la imagen)","Explicaciones con ejemplos similares, Explicaciones con comparaciones o contraejemplos, Explicaciones visuales (zonas destacadas en la imagen)","Explicaciones centradas en atributos o características concretas, Explicaciones basadas en reglas o razonamientos paso a paso, Explicaciones visuales (zonas destacadas en la imagen)",False,False,0.5,0.5,"Transparencia: entender por qué el sistema tomó esa decisión, Eficiencia: comprender la respuesta de forma rápida, Satisfacción: que la explicación resulte clara y útil para ti, Detección de errores(Debugging): detectar fallos, errores o comportamientos inesperados del sistema, Escrutinio: evaluar críticamente si la decisión del sistema es adecuada, razonable o justa","Confianza: sentir mayor seguridad en la respuesta del sistema, Efectividad: recibir una explicación útil para realizar mejor la tarea, Satisfacción: que la explicación resulte clara y útil para ti, Detección de errores(Debugging): detectar fallos, errores o comportamientos inesperados del sistema","Transparencia: entender por qué el sistema tomó esa decisión, Confianza: sentir mayor seguridad en la respuesta del sistema",False,False,0.3333333333333333,0.125
C0140,U013,8,260,11,Opción F (Ninguna),Opción F (Ninguna),Opción B,True,False,Corta: solo lo esencial,Media: explicación breve con algo de detalle,Media: explicación breve con algo de detalle,False,False,Simple: lenguaje claro y sin tecnicismos,"Intermedio: algunos términos técnicos, pero fáciles de seguir","Intermedio: algunos términos técnicos, pero fáciles de seguir",False,False,Me da igual,Texto breve + imagen,Texto breve + imagen,False,False,Medio: el error podría causar cierta confusión o problema,Medio: el error podría causar cierta confusión o problema,Medio: el error podría causar cierta confusión o problema,True,True,No tengo preferencia / me da igual,"Explicaciones con ejemplos similares, Explicaciones con comparaciones o contraejemplos, Explicaciones visuales (zonas destacadas en la imagen)","Explicaciones centradas en atributos o características concretas, Explicaciones basadas en reglas o razonamientos paso a paso, Explicaciones visuales (zonas destacadas en la imagen)",False,False,0.0,0.0,"Educación: aprender más sobre la imagen, el problema o el funcionamiento del sistema","Eficiencia: comprender la respuesta de forma rápida, Confianza: sentir mayor seguridad en la respuesta del sistema","Transparencia: entender por qué el sistema tomó esa decisión, Confianza: sentir mayor seguridad en la respuesta del sistema",False,False,0.0,0.0
C0151,U014,8,260,11,Opción C,Opción F (Ninguna),Opción B,False,False,Larga: explicación completa y detallada,Media: explicación breve con algo de detalle,Media: explicación breve con algo de detalle,False,False,"Intermedio: algunos términos técnicos, pero fáciles de seguir","Intermedio: algunos términos técnicos, pero fáciles de seguir","Intermedio: algunos términos técnicos, pero fáciles de seguir",True,True,Texto detallado + imagen,Texto breve + imagen,Texto breve + imagen,False,False,Medio: el error podría causar cierta confusión o problema,Medio: el error podría causar cierta confusión o problema,Medio: el error podría causar cierta confusión o problema,True,True,"Explicaciones con comparaciones o contraejemplos, Explicaciones centradas en atributos o características concretas, Explicaciones basadas en reglas o razonamientos paso a paso","Explicaciones con comparaciones o contraejemplos, Explicaciones visuales (zonas destacadas en la imagen)","Explicaciones centradas en atributos o características concretas, Explicaciones basadas en reglas o razonamientos paso a paso, Explicaciones visuales (zonas destacadas en la imagen)",False,False,0.25,0.5,"Transparencia: entender por qué el sistema tomó esa decisión, Confianza: sentir mayor seguridad en la respuesta del sistema, Efectividad: recibir una explicación útil para realizar mejor la tarea, Satisfacción: que la explicación resulte clara y útil para ti, Detección de errores(Debugging): detectar fallos, errores o comportamientos inesperados del sistema, Educación: aprender más sobre la imagen, el problema o el funcionamiento del sistema, Escrutinio: evaluar críticamente si la decisión del sistema es adecuada, razonable o justa","Transparencia: entender por qué el sistema tomó esa decisión, Confianza: sentir mayor seguridad en la respuesta del sistema","Transparencia: entender por qué el sistema tomó esa decisión, Confianza: sentir mayor seguridad en la respuesta del sistema",False,False,0.2,0.2
C0162,U015,8,260,11,Opción C,Opción F (Ninguna),Opción B,False,False,Media: explicación breve con algo de detalle,Media: explicación breve con algo de detalle,Media: explicación breve con algo de detalle,True,True,"Intermedio: algunos términos técnicos, pero fáciles de seguir","Intermedio: algunos términos técnicos, pero fáciles de seguir","Intermedio: algunos términos técnicos, pero fáciles de seguir",True,True,Texto detallado + imagen,Texto breve + imagen,Texto breve + imagen,False,False,Alto: el error podría tener consecuencias importantes,Medio: el error podría causar cierta confusión o problema,Medio: el error podría causar cierta confusión o problema,False,False,"Explicaciones con comparaciones o contraejemplos, Explicaciones visuales (zonas destacadas en la imagen)","Explicaciones centradas en atributos o características concretas, Explicaciones basadas en reglas o razonamientos paso a paso, Explicaciones visuales (zonas destacadas en la imagen)","Explicaciones centradas en atributos o características concretas, Explicaciones basadas en reglas o razonamientos paso a paso, Explicaciones visuales (zonas destacadas en la imagen)",False,False,0.25,0.25,"Transparencia: entender por qué el sistema tomó esa decisión, Detección de errores(Debugging): detectar fallos, errores o comportamientos inesperados del sistema, Educación: aprender más sobre la imagen, el problema o el funcionamiento del sistema, Escrutinio: evaluar críticamente si la decisión del sistema es adecuada, razonable o justa","Confianza: sentir mayor seguridad en la respuesta del sistema, Detección de errores(Debugging): detectar fallos, errores o comportamientos inesperados del sistema, Escrutinio: evaluar críticamente si la decisión del sistema es adecuada, razonable o justa","Transparencia: entender por qué el sistema tomó esa decisión, Confianza: sentir mayor seguridad en la respuesta del sistema",False,False,0.5,0.125
C0173,U016,8,260,11,Opción D,Opción F (Ninguna),Opción B,False,False,Media: explicación breve con algo de detalle,Media: explicación breve con algo de detalle,Media: explicación breve con algo de detalle,True,True,"Intermedio: algunos términos técnicos, pero fáciles de seguir","Intermedio: algunos términos técnicos, pero fáciles de seguir","Intermedio: algunos términos técnicos, pero fáciles de seguir",True,True,Texto breve + imagen,Texto breve + imagen,Texto breve + imagen,True,True,Medio: el error podría causar cierta confusión o problema,Medio: el error podría causar cierta confusión o problema,Medio: el error podría causar cierta confusión o problema,True,True,"Explicaciones con ejemplos similares, Explicaciones basadas en reglas o razonamientos paso a paso, Explicaciones visuales (zonas destacadas en la imagen)","Explicaciones con ejemplos similares, Explicaciones con comparaciones o contraejemplos, Explicaciones visuales (zonas destacadas en la imagen)","Explicaciones centradas en atributos o características concretas, Explicaciones basadas en reglas o razonamientos paso a paso, Explicaciones visuales (zonas destacadas en la imagen)",False,False,0.5,0.5,"Confianza: sentir mayor seguridad en la respuesta del sistema, Efectividad: recibir una explicación útil para realizar mejor la tarea, Satisfacción: que la explicación resulte clara y útil para ti, Detección de errores(Debugging): detectar fallos, errores o comportamientos inesperados del sistema","Efectividad: recibir una explicación útil para realizar mejor la tarea, Satisfacción: que la explicación resulte clara y útil para ti","Transparencia: entender por qué el sistema tomó esa decisión, Confianza: sentir mayor seguridad en la respuesta del sistema",False,False,0.4,0.16666666666666666
C0184,U017,8,260,11,Opción B,Opción F (Ninguna),Opción B,False,True,Media: explicación breve con algo de detalle,Media: explicación breve con algo de detalle,Media: explicación breve con algo de detalle,True,True,"Intermedio: algunos términos técnicos, pero fáciles de seguir","Intermedio: algunos términos técnicos, pero fáciles de seguir","Intermedio: algunos términos técnicos, pero fáciles de seguir",True,True,Principalmente visual,Texto breve + imagen,Texto breve + imagen,False,False,Alto: el error podría tener consecuencias importantes,Medio: el error podría causar cierta confusión o problema,Medio: el error podría causar cierta confusión o problema,False,False,"Explicaciones con comparaciones o contraejemplos, Explicaciones visuales (zonas destacadas en la imagen)","Explicaciones con ejemplos similares, Explicaciones con comparaciones o contraejemplos, Explicaciones visuales (zonas destacadas en la imagen)","Explicaciones centradas en atributos o características concretas, Explicaciones basadas en reglas o razonamientos paso a paso, Explicaciones visuales (zonas destacadas en la imagen)",False,False,0.6666666666666666,0.25,"Transparencia: entender por qué el sistema tomó esa decisión, Detección de errores(Debugging): detectar fallos, errores o comportamientos inesperados del sistema, Educación: aprender más sobre la imagen, el problema o el funcionamiento del sistema","Eficiencia: comprender la respuesta de forma rápida, Confianza: sentir mayor seguridad en la respuesta del sistema","Transparencia: entender por qué el sistema tomó esa decisión, Confianza: sentir mayor seguridad en la respuesta del sistema",False,False,0.0,0.16666666666666666
C0195,U018,8,260,11,Opción E,Opción F (Ninguna),Opción B,False,False,Media: explicación breve con algo de detalle,Media: explicación breve con algo de detalle,Media: explicación breve con algo de detalle,True,True,"Intermedio: algunos términos técnicos, pero fáciles de seguir","Intermedio: algunos términos técnicos, pero fáciles de seguir","Intermedio: algunos términos técnicos, pero fáciles de seguir",True,True,Texto breve + imagen,Texto breve + imagen,Texto breve + imagen,True,True,Medio: el error podría causar cierta confusión o problema,Medio: el error podría causar cierta confusión o problema,Medio: el error podría causar cierta confusión o problema,True,True,Explicaciones con comparaciones o contraejemplos,"Explicaciones con ejemplos similares, Explicaciones con comparaciones o contraejemplos, Explicaciones visuales (zonas destacadas en la imagen)","Explicaciones centradas en atributos o características concretas, Explicaciones basadas en reglas o razonamientos paso a paso, Explicaciones visuales (zonas destacadas en la imagen)",False,False,0.3333333333333333,0.0,"Efectividad: recibir una explicación útil para realizar mejor la tarea, Satisfacción: que la explicación resulte clara y útil para ti","Confianza: sentir mayor seguridad en la respuesta del sistema, Efectividad: recibir una explicación útil para realizar mejor la tarea, Satisfacción: que la explicación resulte clara y útil para ti, Detección de errores(Debugging): detectar fallos, errores o comportamientos inesperados del sistema","Transparencia: entender por qué el sistema tomó esa decisión, Confianza: sentir mayor seguridad en la respuesta del sistema",False,False,0.4,0.0
C0206,U019,8,260,11,Opción A,Opción F (Ninguna),Opción B,False,False,Media: explicación breve con algo de detalle,Media: explicación breve con algo de detalle,Media: explicación breve con algo de detalle,True,True,"Intermedio: algunos términos técnicos, pero fáciles de seguir","Intermedio: algunos términos técnicos, pero fáciles de seguir","Intermedio: algunos términos técnicos, pero fáciles de seguir",True,True,Texto detallado + imagen,Texto breve + imagen,Texto breve + imagen,False,False,Alto: el error podría tener consecuencias importantes,Medio: el error podría causar cierta confusión o problema,Medio: el error podría causar cierta confusión o problema,False,False,"Explicaciones con ejemplos similares, Explicaciones con comparaciones o contraejemplos, Explicaciones centradas en atributos o características concretas","Explicaciones centradas en atributos o características concretas, Explicaciones basadas en reglas o razonamientos paso a paso, Explicaciones visuales (zonas destacadas en la imagen)","Explicaciones centradas en atributos o características concretas, Explicaciones basadas en reglas o razonamientos paso a paso, Explicaciones visuales (zonas destacadas en la imagen)",False,False,0.2,0.2,"Transparencia: entender por qué el sistema tomó esa decisión, Confianza: sentir mayor seguridad en la respuesta del sistema, Efectividad: recibir una explicación útil para realizar mejor la tarea, Satisfacción: que la explicación resulte clara y útil para ti","Transparencia: entender por qué el sistema tomó esa decisión, Detección de errores(Debugging): detectar fallos, errores o comportamientos inesperados del sistema, Escrutinio: evaluar críticamente si la decisión del sistema es adecuada, razonable o justa","Transparencia: entender por qué el sistema tomó esa decisión, Confianza: sentir mayor seguridad en la respuesta del sistema",False,False,0.125,0.5
C0217,U020,8,260,11,Opción F (Ninguna),Opción F (Ninguna),Opción B,True,False,Media: explicación breve con algo de detalle,Media: explicación breve con algo de detalle,Media: explicación breve con algo de detalle,True,True,"Intermedio: algunos términos técnicos, pero fáciles de seguir","Intermedio: algunos términos técnicos, pero fáciles de seguir","Intermedio: algunos términos técnicos, pero fáciles de seguir",True,True,Texto detallado + imagen,Texto breve + imagen,Texto breve + imagen,False,False,Alto: el error podría tener consecuencias importantes,Medio: el error podría causar cierta confusión o problema,Medio: el error podría causar cierta confusión o problema,False,False,"Explicaciones centradas en atributos o características concretas, Explicaciones basadas en reglas o razonamientos paso a paso, Explicaciones visuales (zonas destacadas en la imagen)","Explicaciones centradas en atributos o características concretas, Explicaciones basadas en reglas o razonamientos paso a paso, Explicaciones visuales (zonas destacadas en la imagen)","Explicaciones centradas en atributos o características concretas, Explicaciones basadas en reglas o razonamientos paso a paso, Explicaciones visuales (zonas destacadas en la imagen)",True,True,1.0,1.0,"Transparencia: entender por qué el sistema tomó esa decisión, Confianza: sentir mayor seguridad en la respuesta del sistema, Satisfacción: que la explicación resulte clara y útil para ti, Educación: aprender más sobre la imagen, el problema o el funcionamiento del sistema","Transparencia: entender por qué el sistema tomó esa decisión, Confianza: sentir mayor seguridad en la respuesta del sistema","Transparencia: entender por qué el sistema tomó esa decisión, Confianza: sentir mayor seguridad en la respuesta del sistema",False,False,0.4,0.4
C0228,U021,8,260,11,Opción B,Opción F (Ninguna),Opción B,False,True,Media: explicación breve con algo de detalle,Media: explicación breve con algo de detalle,Media: explicación breve con algo de detalle,True,True,"Intermedio: algunos términos técnicos, pero fáciles de seguir","Intermedio: algunos términos técnicos, pero fáciles de seguir","Intermedio: algunos términos técnicos, pero fáciles de seguir",True,True,Texto breve + imagen,Texto breve + imagen,Texto breve + imagen,True,True,Alto: el error podría tener consecuencias importantes,Medio: el error podría causar cierta confusión o problema,Medio: el error podría causar cierta confusión o problema,False,False,"Explicaciones centradas en atributos o características concretas, Explicaciones visuales (zonas destacadas en la imagen)","Explicaciones centradas en atributos o características concretas, Explicaciones basadas en reglas o razonamientos paso a paso, Explicaciones visuales (zonas destacadas en la imagen)","Explicaciones centradas en atributos o características concretas, Explicaciones basadas en reglas o razonamientos paso a paso, Explicaciones visuales (zonas destacadas en la imagen)",False,False,0.6666666666666666,0.6666666666666666,"Transparencia: entender por qué el sistema tomó esa decisión, Eficiencia: comprender la respuesta de forma rápida, Efectividad: recibir una explicación útil para realizar mejor la tarea, Detección de errores(Debugging): detectar fallos, errores o comportamientos inesperados del sistema","Transparencia: entender por qué el sistema tomó esa decisión, Detección de errores(Debugging): detectar fallos, errores o comportamientos inesperados del sistema, Educación: aprender más sobre la imagen, el problema o el funcionamiento del sistema, Escrutinio: evaluar críticamente si la decisión del sistema es adecuada, razonable o justa","Transparencia: entender por qué el sistema tomó esa decisión, Confianza: sentir mayor seguridad en la respuesta del sistema",False,False,0.3333333333333333,0.16666666666666666
C0239,U022,8,260,11,Opción C,Opción F (Ninguna),Opción B,False,False,Media: explicación breve con algo de detalle,Media: explicación breve con algo de detalle,Media: explicación breve con algo de detalle,True,True,"Intermedio: algunos términos técnicos, pero fáciles de seguir","Intermedio: algunos términos técnicos, pero fáciles de seguir","Intermedio: algunos términos técnicos, pero fáciles de seguir",True,True,Texto breve + imagen,Texto breve + imagen,Texto breve + imagen,True,True,Medio: el error podría causar cierta confusión o problema,Medio: el error podría causar cierta confusión o problema,Medio: el error podría causar cierta confusión o problema,True,True,Explicaciones visuales (zonas destacadas en la imagen),"Explicaciones con ejemplos similares, Explicaciones basadas en reglas o razonamientos paso a paso, Explicaciones visuales (zonas destacadas en la imagen)","Explicaciones centradas en atributos o características concretas, Explicaciones basadas en reglas o razonamientos paso a paso, Explicaciones visuales (zonas destacadas en la imagen)",False,False,0.3333333333333333,0.3333333333333333,"Eficiencia: comprender la respuesta de forma rápida, Efectividad: recibir una explicación útil para realizar mejor la tarea, Satisfacción: que la explicación resulte clara y útil para ti, Detección de errores(Debugging): detectar fallos, errores o comportamientos inesperados del sistema","Transparencia: entender por qué el sistema tomó esa decisión, Confianza: sentir mayor seguridad en la respuesta del sistema","Transparencia: entender por qué el sistema tomó esa decisión, Confianza: sentir mayor seguridad en la respuesta del sistema",False,False,0.0,0.0
C0250,U023,8,260,11,Opción F (Ninguna),Opción F (Ninguna),Opción B,True,False,Corta: solo lo esencial,Media: explicación breve con algo de detalle,Media: explicación breve con algo de detalle,False,False,Simple: lenguaje claro y sin tecnicismos,"Intermedio: algunos términos técnicos, pero fáciles de seguir","Intermedio: algunos términos técnicos, pero fáciles de seguir",False,False,Texto breve + imagen,Texto breve + imagen,Texto breve + imagen,True,True,Medio: el error podría causar cierta confusión o problema,Medio: el error podría causar cierta confusión o problema,Medio: el error podría causar cierta confusión o problema,True,True,"Explicaciones con ejemplos similares, Explicaciones con comparaciones o contraejemplos, Explicaciones basadas en reglas o razonamientos paso a paso, Explicaciones visuales (zonas destacadas en la imagen)","Explicaciones con ejemplos similares, Explicaciones con comparaciones o contraejemplos, Explicaciones visuales (zonas destacadas en la imagen)","Explicaciones centradas en atributos o características concretas, Explicaciones basadas en reglas o razonamientos paso a paso, Explicaciones visuales (zonas destacadas en la imagen)",False,False,0.75,0.4,"Transparencia: entender por qué el sistema tomó esa decisión, Eficiencia: comprender la respuesta de forma rápida, Confianza: sentir mayor seguridad en la respuesta del sistema, Efectividad: recibir una explicación útil para realizar mejor la tarea, Satisfacción: que la explicación resulte clara y útil para ti, Persuasión: convencerte de que la decisión del sistema está justificada, Detección de errores(Debugging): detectar fallos, errores o comportamientos inesperados del sistema, Educación: aprender más sobre la imagen, el problema o el funcionamiento del sistema, Escrutinio: evaluar críticamente si la decisión del sistema es adecuada, razonable o justa","Transparencia: entender por qué el sistema tomó esa decisión, Detección de errores(Debugging): detectar fallos, errores o comportamientos inesperados del sistema, Educación: aprender más sobre la imagen, el problema o el funcionamiento del sistema, Escrutinio: evaluar críticamente si la decisión del sistema es adecuada, razonable o justa","Transparencia: entender por qué el sistema tomó esa decisión, Confianza: sentir mayor seguridad en la respuesta del sistema",False,False,0.5833333333333334,0.16666666666666666
C0261,U024,8,260,11,Opción F (Ninguna),Opción F (Ninguna),Opción B,True,False,Media: explicación breve con algo de detalle,Media: explicación breve con algo de detalle,Media: explicación breve con algo de detalle,True,True,"Intermedio: algunos términos técnicos, pero fáciles de seguir","Intermedio: algunos términos técnicos, pero fáciles de seguir","Intermedio: algunos términos técnicos, pero fáciles de seguir",True,True,Texto breve + imagen,Texto breve + imagen,Texto breve + imagen,True,True,Medio: el error podría causar cierta confusión o problema,Medio: el error podría causar cierta confusión o problema,Medio: el error podría causar cierta confusión o problema,True,True,"Explicaciones con ejemplos similares, Explicaciones con comparaciones o contraejemplos, Explicaciones visuales (zonas destacadas en la imagen)","Explicaciones con comparaciones o contraejemplos, Explicaciones visuales (zonas destacadas en la imagen)","Explicaciones centradas en atributos o características concretas, Explicaciones basadas en reglas o razonamientos paso a paso, Explicaciones visuales (zonas destacadas en la imagen)",False,False,0.6666666666666666,0.2,"Eficiencia: comprender la respuesta de forma rápida, Satisfacción: que la explicación resulte clara y útil para ti, Detección de errores(Debugging): detectar fallos, errores o comportamientos inesperados del sistema","Transparencia: entender por qué el sistema tomó esa decisión, Eficiencia: comprender la respuesta de forma rápida, Efectividad: recibir una explicación útil para realizar mejor la tarea, Satisfacción: que la explicación resulte clara y útil para ti","Transparencia: entender por qué el sistema tomó esa decisión, Confianza: sentir mayor seguridad en la respuesta del sistema",False,False,0.3333333333333333,0.0
C0272,U025,8,260,11,Opción B,Opción F (Ninguna),Opción B,False,True,Media: explicación breve con algo de detalle,Media: explicación breve con algo de detalle,Media: explicación breve con algo de detalle,True,True,"Intermedio: algunos términos técnicos, pero fáciles de seguir","Intermedio: algunos términos técnicos, pero fáciles de seguir","Intermedio: algunos términos técnicos, pero fáciles de seguir",True,True,Texto breve + imagen,Texto breve + imagen,Texto breve + imagen,True,True,Medio: el error podría causar cierta confusión o problema,Alto: el error podría tener consecuencias importantes,Medio: el error podría causar cierta confusión o problema,False,True,"Explicaciones centradas en atributos o características concretas, Explicaciones basadas en reglas o razonamientos paso a paso, Explicaciones visuales (zonas destacadas en la imagen)","Explicaciones centradas en atributos o características concretas, Explicaciones basadas en reglas o razonamientos paso a paso","Explicaciones centradas en atributos o características concretas, Explicaciones basadas en reglas o razonamientos paso a paso, Explicaciones visuales (zonas destacadas en la imagen)",False,True,0.6666666666666666,1.0,"Transparencia: entender por qué el sistema tomó esa decisión, Detección de errores(Debugging): detectar fallos, errores o comportamientos inesperados del sistema, Escrutinio: evaluar críticamente si la decisión del sistema es adecuada, razonable o justa","Transparencia: entender por qué el sistema tomó esa decisión, Confianza: sentir mayor seguridad en la respuesta del sistema, Efectividad: recibir una explicación útil para realizar mejor la tarea, Satisfacción: que la explicación resulte clara y útil para ti","Transparencia: entender por qué el sistema tomó esa decisión, Confianza: sentir mayor seguridad en la respuesta del sistema",False,False,0.125,0.16666666666666666
C0283,U026,8,260,11,Opción C,Opción F (Ninguna),Opción B,False,False,Larga: explicación completa y detallada,Media: explicación breve con algo de detalle,Media: explicación breve con algo de detalle,False,False,"Intermedio: algunos términos técnicos, pero fáciles de seguir","Intermedio: algunos términos técnicos, pero fáciles de seguir","Intermedio: algunos términos técnicos, pero fáciles de seguir",True,True,Principalmente visual,Texto breve + imagen,Texto breve + imagen,False,False,Alto: el error podría tener consecuencias importantes,Medio: el error podría causar cierta confusión o problema,Medio: el error podría causar cierta confusión o problema,False,False,"Explicaciones con ejemplos similares, Explicaciones basadas en reglas o razonamientos paso a paso","Explicaciones centradas en atributos o características concretas, Explicaciones basadas en reglas o razonamientos paso a paso, Explicaciones visuales (zonas destacadas en la imagen)","Explicaciones centradas en atributos o características concretas, Explicaciones basadas en reglas o razonamientos paso a paso, Explicaciones visuales (zonas destacadas en la imagen)",False,False,0.25,0.25,"Transparencia: entender por qué el sistema tomó esa decisión, Confianza: sentir mayor seguridad en la respuesta del sistema, Detección de errores(Debugging): detectar fallos, errores o comportamientos inesperados del sistema, Escrutinio: evaluar críticamente si la decisión del sistema es adecuada, razonable o justa","Confianza: sentir mayor seguridad en la respuesta del sistema, Detección de errores(Debugging): detectar fallos, errores o comportamientos inesperados del sistema, Escrutinio: evaluar críticamente si la decisión del sistema es adecuada, razonable o justa","Transparencia: entender por qué el sistema tomó esa decisión, Confianza: sentir mayor seguridad en la respuesta del sistema",False,False,0.8333333333333334,0.3333333333333333
C0294,U027,8,260,11,Opción B,Opción F (Ninguna),Opción B,False,True,Media: explicación breve con algo de detalle,Media: explicación breve con algo de detalle,Media: explicación breve con algo de detalle,True,True,"Intermedio: algunos términos técnicos, pero fáciles de seguir","Intermedio: algunos términos técnicos, pero fáciles de seguir","Intermedio: algunos términos técnicos, pero fáciles de seguir",True,True,Texto breve + imagen,Texto breve + imagen,Texto breve + imagen,True,True,Alto: el error podría tener consecuencias importantes,Medio: el error podría causar cierta confusión o problema,Medio: el error podría causar cierta confusión o problema,False,False,"Explicaciones centradas en atributos o características concretas, Explicaciones basadas en reglas o razonamientos paso a paso, Explicaciones visuales (zonas destacadas en la imagen)","Explicaciones con comparaciones o contraejemplos, Explicaciones visuales (zonas destacadas en la imagen)","Explicaciones centradas en atributos o características concretas, Explicaciones basadas en reglas o razonamientos paso a paso, Explicaciones visuales (zonas destacadas en la imagen)",False,True,0.25,1.0,"Transparencia: entender por qué el sistema tomó esa decisión, Confianza: sentir mayor seguridad en la respuesta del sistema","Confianza: sentir mayor seguridad en la respuesta del sistema, Detección de errores(Debugging): detectar fallos, errores o comportamientos inesperados del sistema, Escrutinio: evaluar críticamente si la decisión del sistema es adecuada, razonable o justa","Confianza: sentir mayor seguridad en la respuesta del sistema, Detección de errores(Debugging): detectar fallos, errores o comportamientos inesperados del sistema, Escrutinio: evaluar críticamente si la decisión del sistema es adecuada, razonable o justa",False,False,0.16666666666666666,0.16666666666666666
C0009,U001,9,260,11,Opción E,Opción A,Opción B,False,False,Media: explicación breve con algo de detalle,Media: explicación breve con algo de detalle,Media: explicación breve con algo de detalle,True,True,"Intermedio: algunos términos técnicos, pero fáciles de seguir","Intermedio: algunos términos técnicos, pero fáciles de seguir","Intermedio: algunos términos técnicos, pero fáciles de seguir",True,True,Texto breve + imagen,Texto breve + imagen,Texto breve + imagen,True,True,Medio: el error podría causar cierta confusión o problema,Medio: el error podría causar cierta confusión o problema,Medio: el error podría causar cierta confusión o problema,True,True,"Explicaciones basadas en reglas o razonamientos paso a paso, Explicaciones visuales (zonas destacadas en la imagen)","Explicaciones centradas en atributos o características concretas, Explicaciones basadas en reglas o razonamientos paso a paso, Explicaciones visuales (zonas destacadas en la imagen)","Explicaciones centradas en atributos o características concretas, Explicaciones basadas en reglas o razonamientos paso a paso, Explicaciones visuales (zonas destacadas en la imagen)",False,False,0.6666666666666666,0.6666666666666666,"Confianza: sentir mayor seguridad en la respuesta del sistema, Detección de errores(Debugging): detectar fallos, errores o comportamientos inesperados del sistema, Escrutinio: evaluar críticamente si la decisión del sistema es adecuada, razonable o justa","Transparencia: entender por qué el sistema tomó esa decisión, Confianza: sentir mayor seguridad en la respuesta del sistema","Transparencia: entender por qué el sistema tomó esa decisión, Confianza: sentir mayor seguridad en la respuesta del sistema",False,False,0.16666666666666666,0.16666666666666666
C0020,U002,9,260,11,Opción B,Opción B,Opción B,True,True,Media: explicación breve con algo de detalle,Media: explicación breve con algo de detalle,Media: explicación breve con algo de detalle,True,True,Simple: lenguaje claro y sin tecnicismos,"Intermedio: algunos términos técnicos, pero fáciles de seguir","Intermedio: algunos términos técnicos, pero fáciles de seguir",False,False,Texto detallado + imagen,Texto breve + imagen,Texto breve + imagen,False,False,Medio: el error podría causar cierta confusión o problema,Medio: el error podría causar cierta confusión o problema,Medio: el error podría causar cierta confusión o problema,True,True,"Explicaciones con ejemplos similares, Explicaciones con comparaciones o contraejemplos, Explicaciones centradas en atributos o características concretas, Explicaciones basadas en reglas o razonamientos paso a paso, Explicaciones visuales (zonas destacadas en la imagen), No tengo preferencia / me da igual","Explicaciones centradas en atributos o características concretas, Explicaciones basadas en reglas o razonamientos paso a paso, Explicaciones visuales (zonas destacadas en la imagen)","Explicaciones centradas en atributos o características concretas, Explicaciones basadas en reglas o razonamientos paso a paso, Explicaciones visuales (zonas destacadas en la imagen)",False,False,0.5,0.5,"Transparencia: entender por qué el sistema tomó esa decisión, Efectividad: recibir una explicación útil para realizar mejor la tarea, Satisfacción: que la explicación resulte clara y útil para ti, Educación: aprender más sobre la imagen, el problema o el funcionamiento del sistema, Escrutinio: evaluar críticamente si la decisión del sistema es adecuada, razonable o justa","Transparencia: entender por qué el sistema tomó esa decisión, Detección de errores(Debugging): detectar fallos, errores o comportamientos inesperados del sistema, Educación: aprender más sobre la imagen, el problema o el funcionamiento del sistema, Escrutinio: evaluar críticamente si la decisión del sistema es adecuada, razonable o justa","Transparencia: entender por qué el sistema tomó esa decisión, Confianza: sentir mayor seguridad en la respuesta del sistema",False,False,0.5555555555555556,0.125
C0031,U003,9,260,11,Opción F (Ninguna),Opción A,Opción B,False,False,Corta: solo lo esencial,Media: explicación breve con algo de detalle,Media: explicación breve con algo de detalle,False,False,Técnico: explicación más especializada y precisa,"Intermedio: algunos términos técnicos, pero fáciles de seguir","Intermedio: algunos términos técnicos, pero fáciles de seguir",False,False,Texto breve + imagen,Texto breve + imagen,Texto breve + imagen,True,True,Alto: el error podría tener consecuencias importantes,Medio: el error podría causar cierta confusión o problema,Medio: el error podría causar cierta confusión o problema,False,False,"Explicaciones con ejemplos similares, Explicaciones con comparaciones o contraejemplos, Explicaciones visuales (zonas destacadas en la imagen)","Explicaciones con ejemplos similares, Explicaciones con comparaciones o contraejemplos, Explicaciones basadas en reglas o razonamientos paso a paso, Explicaciones visuales (zonas destacadas en la imagen)","Explicaciones centradas en atributos o características concretas, Explicaciones basadas en reglas o razonamientos paso a paso, Explicaciones visuales (zonas destacadas en la imagen)",False,False,0.75,0.2,"Transparencia: entender por qué el sistema tomó esa decisión, Satisfacción: que la explicación resulte clara y útil para ti, Detección de errores(Debugging): detectar fallos, errores o comportamientos inesperados del sistema, Educación: aprender más sobre la imagen, el problema o el funcionamiento del sistema","Transparencia: entender por qué el sistema tomó esa decisión, Eficiencia: comprender la respuesta de forma rápida, Efectividad: recibir una explicación útil para realizar mejor la tarea, Persuasión: convencerte de que la decisión del sistema está justificada, Detección de errores(Debugging): detectar fallos, errores o comportamientos inesperados del sistema, Escrutinio: evaluar críticamente si la decisión del sistema es adecuada, razonable o justa","Transparencia: entender por qué el sistema tomó esa decisión, Confianza: sentir mayor seguridad en la respuesta del sistema",False,False,0.2727272727272727,0.14285714285714285
C0042,U004,9,260,11,Opción B,Opción A,Opción B,False,True,Larga: explicación completa y detallada,Media: explicación breve con algo de detalle,Media: explicación breve con algo de detalle,False,False,"Intermedio: algunos términos técnicos, pero fáciles de seguir","Intermedio: algunos términos técnicos, pero fáciles de seguir","Intermedio: algunos términos técnicos, pero fáciles de seguir",True,True,Principalmente visual,Texto breve + imagen,Texto breve + imagen,False,False,Medio: el error podría causar cierta confusión o problema,Medio: el error podría causar cierta confusión o problema,Medio: el error podría causar cierta confusión o problema,True,True,"Explicaciones centradas en atributos o características concretas, Explicaciones basadas en reglas o razonamientos paso a paso, Explicaciones visuales (zonas destacadas en la imagen)","Explicaciones con ejemplos similares, Explicaciones con comparaciones o contraejemplos, Explicaciones visuales (zonas destacadas en la imagen)","Explicaciones centradas en atributos o características concretas, Explicaciones basadas en reglas o razonamientos paso a paso, Explicaciones visuales (zonas destacadas en la imagen)",False,True,0.2,1.0,"Transparencia: entender por qué el sistema tomó esa decisión, Eficiencia: comprender la respuesta de forma rápida, Satisfacción: que la explicación resulte clara y útil para ti","Transparencia: entender por qué el sistema tomó esa decisión, Detección de errores(Debugging): detectar fallos, errores o comportamientos inesperados del sistema, Educación: aprender más sobre la imagen, el problema o el funcionamiento del sistema, Escrutinio: evaluar críticamente si la decisión del sistema es adecuada, razonable o justa","Transparencia: entender por qué el sistema tomó esa decisión, Confianza: sentir mayor seguridad en la respuesta del sistema",False,False,0.1111111111111111,0.25
C0053,U005,9,260,11,Opción E,Opción B,Opción B,False,False,Media: explicación breve con algo de detalle,Media: explicación breve con algo de detalle,Media: explicación breve con algo de detalle,True,True,"Intermedio: algunos términos técnicos, pero fáciles de seguir","Intermedio: algunos términos técnicos, pero fáciles de seguir","Intermedio: algunos términos técnicos, pero fáciles de seguir",True,True,Texto breve + imagen,Texto breve + imagen,Texto breve + imagen,True,True,Medio: el error podría causar cierta confusión o problema,Medio: el error podría causar cierta confusión o problema,Medio: el error podría causar cierta confusión o problema,True,True,"Explicaciones con ejemplos similares, Explicaciones con comparaciones o contraejemplos, Explicaciones visuales (zonas destacadas en la imagen)","Explicaciones con comparaciones o contraejemplos, Explicaciones centradas en atributos o características concretas, Explicaciones visuales (zonas destacadas en la imagen)","Explicaciones centradas en atributos o características concretas, Explicaciones basadas en reglas o razonamientos paso a paso, Explicaciones visuales (zonas destacadas en la imagen)",False,False,0.5,0.2,"Transparencia: entender por qué el sistema tomó esa decisión, Eficiencia: comprender la respuesta de forma rápida, Confianza: sentir mayor seguridad en la respuesta del sistema","Eficiencia: comprender la respuesta de forma rápida, Satisfacción: que la explicación resulte clara y útil para ti, Detección de errores(Debugging): detectar fallos, errores o comportamientos inesperados del sistema","Transparencia: entender por qué el sistema tomó esa decisión, Confianza: sentir mayor seguridad en la respuesta del sistema",False,False,0.16666666666666666,0.6666666666666666
C0064,U006,9,260,11,Opción B,Opción A,Opción B,False,True,Corta: solo lo esencial,Media: explicación breve con algo de detalle,Media: explicación breve con algo de detalle,False,False,"Intermedio: algunos términos técnicos, pero fáciles de seguir","Intermedio: algunos términos técnicos, pero fáciles de seguir","Intermedio: algunos términos técnicos, pero fáciles de seguir",True,True,Texto breve + imagen,Texto breve + imagen,Texto breve + imagen,True,True,Medio: el error podría causar cierta confusión o problema,Medio: el error podría causar cierta confusión o problema,Medio: el error podría causar cierta confusión o problema,True,True,"Explicaciones centradas en atributos o características concretas, Explicaciones basadas en reglas o razonamientos paso a paso","Explicaciones centradas en atributos o características concretas, Explicaciones basadas en reglas o razonamientos paso a paso, Explicaciones visuales (zonas destacadas en la imagen)","Explicaciones centradas en atributos o características concretas, Explicaciones basadas en reglas o razonamientos paso a paso, Explicaciones visuales (zonas destacadas en la imagen)",False,False,0.6666666666666666,0.6666666666666666,"Transparencia: entender por qué el sistema tomó esa decisión, Confianza: sentir mayor seguridad en la respuesta del sistema","Transparencia: entender por qué el sistema tomó esa decisión, Confianza: sentir mayor seguridad en la respuesta del sistema, Efectividad: recibir una explicación útil para realizar mejor la tarea, Satisfacción: que la explicación resulte clara y útil para ti, Detección de errores(Debugging): detectar fallos, errores o comportamientos inesperados del sistema, Educación: aprender más sobre la imagen, el problema o el funcionamiento del sistema, Escrutinio: evaluar críticamente si la decisión del sistema es adecuada, razonable o justa","Confianza: sentir mayor seguridad en la respuesta del sistema, Detección de errores(Debugging): detectar fallos, errores o comportamientos inesperados del sistema, Escrutinio: evaluar críticamente si la decisión del sistema es adecuada, razonable o justa",False,False,0.2,0.16666666666666666
C0075,U007,9,260,11,Opción D,Opción B,Opción B,False,False,Corta: solo lo esencial,Media: explicación breve con algo de detalle,Media: explicación breve con algo de detalle,False,False,Simple: lenguaje claro y sin tecnicismos,"Intermedio: algunos términos técnicos, pero fáciles de seguir","Intermedio: algunos términos técnicos, pero fáciles de seguir",False,False,Texto breve + imagen,Texto breve + imagen,Texto breve + imagen,True,True,Bajo: el error apenas tendría consecuencias,Medio: el error podría causar cierta confusión o problema,Medio: el error podría causar cierta confusión o problema,False,False,"Explicaciones centradas en atributos o características concretas, Explicaciones basadas en reglas o razonamientos paso a paso","Explicaciones centradas en atributos o características concretas, Explicaciones basadas en reglas o razonamientos paso a paso, Explicaciones visuales (zonas destacadas en la imagen)","Explicaciones centradas en atributos o características concretas, Explicaciones basadas en reglas o razonamientos paso a paso, Explicaciones visuales (zonas destacadas en la imagen)",False,False,0.6666666666666666,0.6666666666666666,"Transparencia: entender por qué el sistema tomó esa decisión, Confianza: sentir mayor seguridad en la respuesta del sistema, Satisfacción: que la explicación resulte clara y útil para ti, Persuasión: convencerte de que la decisión del sistema está justificada, Detección de errores(Debugging): detectar fallos, errores o comportamientos inesperados del sistema","Transparencia: entender por qué el sistema tomó esa decisión, Eficiencia: comprender la respuesta de forma rápida, Confianza: sentir mayor seguridad en la respuesta del sistema","Transparencia: entender por qué el sistema tomó esa decisión, Confianza: sentir mayor seguridad en la respuesta del sistema",False,False,0.2857142857142857,0.3333333333333333
C0086,U008,9,260,11,Opción F (Ninguna),Opción B,Opción B,False,False,Media: explicación breve con algo de detalle,Media: explicación breve con algo de detalle,Media: explicación breve con algo de detalle,True,True,"Intermedio: algunos términos técnicos, pero fáciles de seguir","Intermedio: algunos términos técnicos, pero fáciles de seguir","Intermedio: algunos términos técnicos, pero fáciles de seguir",True,True,Texto breve + imagen,Texto breve + imagen,Texto breve + imagen,True,True,Medio: el error podría causar cierta confusión o problema,Medio: el error podría causar cierta confusión o problema,Medio: el error podría causar cierta confusión o problema,True,True,"Explicaciones con ejemplos similares, Explicaciones con comparaciones o contraejemplos","Explicaciones con ejemplos similares, Explicaciones con comparaciones o contraejemplos, Explicaciones visuales (zonas destacadas en la imagen)","Explicaciones centradas en atributos o características concretas, Explicaciones basadas en reglas o razonamientos paso a paso, Explicaciones visuales (zonas destacadas en la imagen)",False,False,0.6666666666666666,0.0,"Transparencia: entender por qué el sistema tomó esa decisión, Eficiencia: comprender la respuesta de forma rápida, Efectividad: recibir una explicación útil para realizar mejor la tarea, Satisfacción: que la explicación resulte clara y útil para ti","Eficiencia: comprender la respuesta de forma rápida, Satisfacción: que la explicación resulte clara y útil para ti, Detección de errores(Debugging): detectar fallos, errores o comportamientos inesperados del sistema","Transparencia: entender por qué el sistema tomó esa decisión, Confianza: sentir mayor seguridad en la respuesta del sistema",False,False,0.3333333333333333,0.2
C0097,U009,9,260,11,Opción B,Opción B,Opción B,True,True,Media: explicación breve con algo de detalle,Media: explicación breve con algo de detalle,Media: explicación breve con algo de detalle,True,True,Simple: lenguaje claro y sin tecnicismos,"Intermedio: algunos términos técnicos, pero fáciles de seguir","Intermedio: algunos términos técnicos, pero fáciles de seguir",False,False,Texto breve + imagen,Texto breve + imagen,Texto breve + imagen,True,True,Medio: el error podría causar cierta confusión o problema,Medio: el error podría causar cierta confusión o problema,Medio: el error podría causar cierta confusión o problema,True,True,"Explicaciones con ejemplos similares, Explicaciones basadas en reglas o razonamientos paso a paso, Explicaciones visuales (zonas destacadas en la imagen)","Explicaciones centradas en atributos o características concretas, Explicaciones basadas en reglas o razonamientos paso a paso, Explicaciones visuales (zonas destacadas en la imagen)","Explicaciones centradas en atributos o características concretas, Explicaciones basadas en reglas o razonamientos paso a paso, Explicaciones visuales (zonas destacadas en la imagen)",False,False,0.5,0.5,"Eficiencia: comprender la respuesta de forma rápida, Efectividad: recibir una explicación útil para realizar mejor la tarea","Transparencia: entender por qué el sistema tomó esa decisión, Confianza: sentir mayor seguridad en la respuesta del sistema","Transparencia: entender por qué el sistema tomó esa decisión, Confianza: sentir mayor seguridad en la respuesta del sistema",False,False,0.0,0.0
C0108,U010,9,260,11,Opción E,Opción A,Opción B,False,False,Corta: solo lo esencial,Media: explicación breve con algo de detalle,Media: explicación breve con algo de detalle,False,False,Simple: lenguaje claro y sin tecnicismos,"Intermedio: algunos términos técnicos, pero fáciles de seguir","Intermedio: algunos términos técnicos, pero fáciles de seguir",False,False,Me da igual,Texto breve + imagen,Texto breve + imagen,False,False,Medio: el error podría causar cierta confusión o problema,Medio: el error podría causar cierta confusión o problema,Medio: el error podría causar cierta confusión o problema,True,True,No tengo preferencia / me da igual,"Explicaciones con ejemplos similares, Explicaciones con comparaciones o contraejemplos, Explicaciones visuales (zonas destacadas en la imagen)","Explicaciones centradas en atributos o características concretas, Explicaciones basadas en reglas o razonamientos paso a paso, Explicaciones visuales (zonas destacadas en la imagen)",False,False,0.0,0.0,"Eficiencia: comprender la respuesta de forma rápida, Confianza: sentir mayor seguridad en la respuesta del sistema","Transparencia: entender por qué el sistema tomó esa decisión, Detección de errores(Debugging): detectar fallos, errores o comportamientos inesperados del sistema, Educación: aprender más sobre la imagen, el problema o el funcionamiento del sistema","Transparencia: entender por qué el sistema tomó esa decisión, Confianza: sentir mayor seguridad en la respuesta del sistema",False,False,0.0,0.3333333333333333
C0119,U011,9,260,11,Opción F (Ninguna),Opción A,Opción B,False,False,Media: explicación breve con algo de detalle,Media: explicación breve con algo de detalle,Media: explicación breve con algo de detalle,True,True,"Intermedio: algunos términos técnicos, pero fáciles de seguir","Intermedio: algunos términos técnicos, pero fáciles de seguir","Intermedio: algunos términos técnicos, pero fáciles de seguir",True,True,Texto detallado + imagen,Texto breve + imagen,Texto breve + imagen,False,False,Medio: el error podría causar cierta confusión o problema,Medio: el error podría causar cierta confusión o problema,Medio: el error podría causar cierta confusión o problema,True,True,"Explicaciones con ejemplos similares, Explicaciones con comparaciones o contraejemplos, Explicaciones basadas en reglas o razonamientos paso a paso, Explicaciones visuales (zonas destacadas en la imagen)","Explicaciones con ejemplos similares, Explicaciones con comparaciones o contraejemplos, Explicaciones visuales (zonas destacadas en la imagen)","Explicaciones centradas en atributos o características concretas, Explicaciones basadas en reglas o razonamientos paso a paso, Explicaciones visuales (zonas destacadas en la imagen)",False,False,0.75,0.4,"Transparencia: entender por qué el sistema tomó esa decisión, Eficiencia: comprender la respuesta de forma rápida, Efectividad: recibir una explicación útil para realizar mejor la tarea, Persuasión: convencerte de que la decisión del sistema está justificada, Detección de errores(Debugging): detectar fallos, errores o comportamientos inesperados del sistema, Escrutinio: evaluar críticamente si la decisión del sistema es adecuada, razonable o justa","Transparencia: entender por qué el sistema tomó esa decisión, Satisfacción: que la explicación resulte clara y útil para ti, Detección de errores(Debugging): detectar fallos, errores o comportamientos inesperados del sistema, Educación: aprender más sobre la imagen, el problema o el funcionamiento del sistema","Transparencia: entender por qué el sistema tomó esa decisión, Confianza: sentir mayor seguridad en la respuesta del sistema",False,False,0.2727272727272727,0.1111111111111111
C0130,U012,9,260,11,Opción B,Opción A,Opción B,False,True,Corta: solo lo esencial,Media: explicación breve con algo de detalle,Media: explicación breve con algo de detalle,False,False,"Intermedio: algunos términos técnicos, pero fáciles de seguir","Intermedio: algunos términos técnicos, pero fáciles de seguir","Intermedio: algunos términos técnicos, pero fáciles de seguir",True,True,Texto breve + imagen,Texto breve + imagen,Texto breve + imagen,True,True,Alto: el error podría tener consecuencias importantes,Medio: el error podría causar cierta confusión o problema,Medio: el error podría causar cierta confusión o problema,False,False,"Explicaciones con comparaciones o contraejemplos, Explicaciones centradas en atributos o características concretas, Explicaciones visuales (zonas destacadas en la imagen)","Explicaciones con ejemplos similares, Explicaciones con comparaciones o contraejemplos, Explicaciones visuales (zonas destacadas en la imagen)","Explicaciones centradas en atributos o características concretas, Explicaciones basadas en reglas o razonamientos paso a paso, Explicaciones visuales (zonas destacadas en la imagen)",False,False,0.5,0.5,"Transparencia: entender por qué el sistema tomó esa decisión, Eficiencia: comprender la respuesta de forma rápida, Satisfacción: que la explicación resulte clara y útil para ti, Detección de errores(Debugging): detectar fallos, errores o comportamientos inesperados del sistema, Escrutinio: evaluar críticamente si la decisión del sistema es adecuada, razonable o justa","Confianza: sentir mayor seguridad en la respuesta del sistema, Efectividad: recibir una explicación útil para realizar mejor la tarea, Satisfacción: que la explicación resulte clara y útil para ti, Detección de errores(Debugging): detectar fallos, errores o comportamientos inesperados del sistema","Transparencia: entender por qué el sistema tomó esa decisión, Confianza: sentir mayor seguridad en la respuesta del sistema",False,False,0.3333333333333333,0.125
C0141,U013,9,260,11,Opción F (Ninguna),Opción B,Opción B,False,False,Corta: solo lo esencial,Media: explicación breve con algo de detalle,Media: explicación breve con algo de detalle,False,False,Simple: lenguaje claro y sin tecnicismos,"Intermedio: algunos términos técnicos, pero fáciles de seguir","Intermedio: algunos términos técnicos, pero fáciles de seguir",False,False,Me da igual,Texto breve + imagen,Texto breve + imagen,False,False,Medio: el error podría causar cierta confusión o problema,Medio: el error podría causar cierta confusión o problema,Medio: el error podría causar cierta confusión o problema,True,True,No tengo preferencia / me da igual,No tengo preferencia / me da igual,"Explicaciones centradas en atributos o características concretas, Explicaciones basadas en reglas o razonamientos paso a paso, Explicaciones visuales (zonas destacadas en la imagen)",True,False,1.0,0.0,"Educación: aprender más sobre la imagen, el problema o el funcionamiento del sistema","Eficiencia: comprender la respuesta de forma rápida, Confianza: sentir mayor seguridad en la respuesta del sistema","Transparencia: entender por qué el sistema tomó esa decisión, Confianza: sentir mayor seguridad en la respuesta del sistema",False,False,0.0,0.0
C0152,U014,9,260,11,Opción B,Opción A,Opción B,False,True,Larga: explicación completa y detallada,Media: explicación breve con algo de detalle,Media: explicación breve con algo de detalle,False,False,"Intermedio: algunos términos técnicos, pero fáciles de seguir","Intermedio: algunos términos técnicos, pero fáciles de seguir","Intermedio: algunos términos técnicos, pero fáciles de seguir",True,True,Texto detallado + imagen,Texto breve + imagen,Texto breve + imagen,False,False,Medio: el error podría causar cierta confusión o problema,Medio: el error podría causar cierta confusión o problema,Medio: el error podría causar cierta confusión o problema,True,True,"Explicaciones con comparaciones o contraejemplos, Explicaciones centradas en atributos o características concretas, Explicaciones basadas en reglas o razonamientos paso a paso","Explicaciones con comparaciones o contraejemplos, Explicaciones visuales (zonas destacadas en la imagen)","Explicaciones centradas en atributos o características concretas, Explicaciones basadas en reglas o razonamientos paso a paso, Explicaciones visuales (zonas destacadas en la imagen)",False,False,0.25,0.5,"Transparencia: entender por qué el sistema tomó esa decisión, Confianza: sentir mayor seguridad en la respuesta del sistema, Efectividad: recibir una explicación útil para realizar mejor la tarea, Satisfacción: que la explicación resulte clara y útil para ti, Detección de errores(Debugging): detectar fallos, errores o comportamientos inesperados del sistema, Educación: aprender más sobre la imagen, el problema o el funcionamiento del sistema, Escrutinio: evaluar críticamente si la decisión del sistema es adecuada, razonable o justa","Transparencia: entender por qué el sistema tomó esa decisión, Confianza: sentir mayor seguridad en la respuesta del sistema","Transparencia: entender por qué el sistema tomó esa decisión, Confianza: sentir mayor seguridad en la respuesta del sistema",False,False,0.2,0.2
C0163,U015,9,260,11,Opción C,Opción A,Opción B,False,False,Media: explicación breve con algo de detalle,Media: explicación breve con algo de detalle,Media: explicación breve con algo de detalle,True,True,"Intermedio: algunos términos técnicos, pero fáciles de seguir","Intermedio: algunos términos técnicos, pero fáciles de seguir","Intermedio: algunos términos técnicos, pero fáciles de seguir",True,True,Texto detallado + imagen,Texto breve + imagen,Texto breve + imagen,False,False,Alto: el error podría tener consecuencias importantes,Medio: el error podría causar cierta confusión o problema,Medio: el error podría causar cierta confusión o problema,False,False,"Explicaciones con comparaciones o contraejemplos, Explicaciones visuales (zonas destacadas en la imagen)","Explicaciones centradas en atributos o características concretas, Explicaciones basadas en reglas o razonamientos paso a paso, Explicaciones visuales (zonas destacadas en la imagen)","Explicaciones centradas en atributos o características concretas, Explicaciones basadas en reglas o razonamientos paso a paso, Explicaciones visuales (zonas destacadas en la imagen)",False,False,0.25,0.25,"Transparencia: entender por qué el sistema tomó esa decisión, Detección de errores(Debugging): detectar fallos, errores o comportamientos inesperados del sistema, Educación: aprender más sobre la imagen, el problema o el funcionamiento del sistema, Escrutinio: evaluar críticamente si la decisión del sistema es adecuada, razonable o justa","Confianza: sentir mayor seguridad en la respuesta del sistema, Detección de errores(Debugging): detectar fallos, errores o comportamientos inesperados del sistema, Escrutinio: evaluar críticamente si la decisión del sistema es adecuada, razonable o justa","Transparencia: entender por qué el sistema tomó esa decisión, Confianza: sentir mayor seguridad en la respuesta del sistema",False,False,0.5,0.125
C0174,U016,9,260,11,Opción E,Opción B,Opción B,False,False,Media: explicación breve con algo de detalle,Media: explicación breve con algo de detalle,Media: explicación breve con algo de detalle,True,True,"Intermedio: algunos términos técnicos, pero fáciles de seguir","Intermedio: algunos términos técnicos, pero fáciles de seguir","Intermedio: algunos términos técnicos, pero fáciles de seguir",True,True,Texto breve + imagen,Texto breve + imagen,Texto breve + imagen,True,True,Medio: el error podría causar cierta confusión o problema,Medio: el error podría causar cierta confusión o problema,Medio: el error podría causar cierta confusión o problema,True,True,"Explicaciones con ejemplos similares, Explicaciones basadas en reglas o razonamientos paso a paso, Explicaciones visuales (zonas destacadas en la imagen)","Explicaciones con ejemplos similares, Explicaciones con comparaciones o contraejemplos, Explicaciones visuales (zonas destacadas en la imagen)","Explicaciones centradas en atributos o características concretas, Explicaciones basadas en reglas o razonamientos paso a paso, Explicaciones visuales (zonas destacadas en la imagen)",False,False,0.5,0.5,"Confianza: sentir mayor seguridad en la respuesta del sistema, Efectividad: recibir una explicación útil para realizar mejor la tarea, Satisfacción: que la explicación resulte clara y útil para ti, Detección de errores(Debugging): detectar fallos, errores o comportamientos inesperados del sistema","Efectividad: recibir una explicación útil para realizar mejor la tarea, Satisfacción: que la explicación resulte clara y útil para ti","Transparencia: entender por qué el sistema tomó esa decisión, Confianza: sentir mayor seguridad en la respuesta del sistema",False,False,0.4,0.16666666666666666
C0185,U017,9,260,11,Opción E,Opción B,Opción B,False,False,Media: explicación breve con algo de detalle,Media: explicación breve con algo de detalle,Media: explicación breve con algo de detalle,True,True,"Intermedio: algunos términos técnicos, pero fáciles de seguir","Intermedio: algunos términos técnicos, pero fáciles de seguir","Intermedio: algunos términos técnicos, pero fáciles de seguir",True,True,Principalmente visual,Texto breve + imagen,Texto breve + imagen,False,False,Alto: el error podría tener consecuencias importantes,Medio: el error podría causar cierta confusión o problema,Medio: el error podría causar cierta confusión o problema,False,False,"Explicaciones con comparaciones o contraejemplos, Explicaciones visuales (zonas destacadas en la imagen)","Explicaciones con ejemplos similares, Explicaciones con comparaciones o contraejemplos, Explicaciones visuales (zonas destacadas en la imagen)","Explicaciones centradas en atributos o características concretas, Explicaciones basadas en reglas o razonamientos paso a paso, Explicaciones visuales (zonas destacadas en la imagen)",False,False,0.6666666666666666,0.25,"Transparencia: entender por qué el sistema tomó esa decisión, Detección de errores(Debugging): detectar fallos, errores o comportamientos inesperados del sistema, Educación: aprender más sobre la imagen, el problema o el funcionamiento del sistema","Eficiencia: comprender la respuesta de forma rápida, Confianza: sentir mayor seguridad en la respuesta del sistema","Transparencia: entender por qué el sistema tomó esa decisión, Confianza: sentir mayor seguridad en la respuesta del sistema",False,False,0.0,0.16666666666666666
C0196,U018,9,260,11,Opción E,Opción A,Opción B,False,False,Media: explicación breve con algo de detalle,Media: explicación breve con algo de detalle,Media: explicación breve con algo de detalle,True,True,"Intermedio: algunos términos técnicos, pero fáciles de seguir","Intermedio: algunos términos técnicos, pero fáciles de seguir","Intermedio: algunos términos técnicos, pero fáciles de seguir",True,True,Texto breve + imagen,Texto breve + imagen,Texto breve + imagen,True,True,Medio: el error podría causar cierta confusión o problema,Medio: el error podría causar cierta confusión o problema,Medio: el error podría causar cierta confusión o problema,True,True,Explicaciones con comparaciones o contraejemplos,"Explicaciones con ejemplos similares, Explicaciones basadas en reglas o razonamientos paso a paso, Explicaciones visuales (zonas destacadas en la imagen)","Explicaciones centradas en atributos o características concretas, Explicaciones basadas en reglas o razonamientos paso a paso, Explicaciones visuales (zonas destacadas en la imagen)",False,False,0.0,0.0,"Efectividad: recibir una explicación útil para realizar mejor la tarea, Satisfacción: que la explicación resulte clara y útil para ti","Confianza: sentir mayor seguridad en la respuesta del sistema, Efectividad: recibir una explicación útil para realizar mejor la tarea, Satisfacción: que la explicación resulte clara y útil para ti, Detección de errores(Debugging): detectar fallos, errores o comportamientos inesperados del sistema","Transparencia: entender por qué el sistema tomó esa decisión, Confianza: sentir mayor seguridad en la respuesta del sistema",False,False,0.4,0.0
C0207,U019,9,260,11,Opción B,Opción A,Opción B,False,True,Media: explicación breve con algo de detalle,Media: explicación breve con algo de detalle,Media: explicación breve con algo de detalle,True,True,"Intermedio: algunos términos técnicos, pero fáciles de seguir","Intermedio: algunos términos técnicos, pero fáciles de seguir","Intermedio: algunos términos técnicos, pero fáciles de seguir",True,True,Texto detallado + imagen,Texto breve + imagen,Texto breve + imagen,False,False,Alto: el error podría tener consecuencias importantes,Medio: el error podría causar cierta confusión o problema,Medio: el error podría causar cierta confusión o problema,False,False,"Explicaciones con ejemplos similares, Explicaciones con comparaciones o contraejemplos, Explicaciones centradas en atributos o características concretas","Explicaciones centradas en atributos o características concretas, Explicaciones basadas en reglas o razonamientos paso a paso, Explicaciones visuales (zonas destacadas en la imagen)","Explicaciones centradas en atributos o características concretas, Explicaciones basadas en reglas o razonamientos paso a paso, Explicaciones visuales (zonas destacadas en la imagen)",False,False,0.2,0.2,"Transparencia: entender por qué el sistema tomó esa decisión, Confianza: sentir mayor seguridad en la respuesta del sistema, Efectividad: recibir una explicación útil para realizar mejor la tarea, Satisfacción: que la explicación resulte clara y útil para ti","Transparencia: entender por qué el sistema tomó esa decisión, Detección de errores(Debugging): detectar fallos, errores o comportamientos inesperados del sistema, Escrutinio: evaluar críticamente si la decisión del sistema es adecuada, razonable o justa","Transparencia: entender por qué el sistema tomó esa decisión, Confianza: sentir mayor seguridad en la respuesta del sistema",False,False,0.125,0.5
C0218,U020,9,260,11,Opción E,Opción A,Opción B,False,False,Media: explicación breve con algo de detalle,Media: explicación breve con algo de detalle,Media: explicación breve con algo de detalle,True,True,"Intermedio: algunos términos técnicos, pero fáciles de seguir","Intermedio: algunos términos técnicos, pero fáciles de seguir","Intermedio: algunos términos técnicos, pero fáciles de seguir",True,True,Texto detallado + imagen,Texto breve + imagen,Texto breve + imagen,False,False,Alto: el error podría tener consecuencias importantes,Medio: el error podría causar cierta confusión o problema,Medio: el error podría causar cierta confusión o problema,False,False,"Explicaciones centradas en atributos o características concretas, Explicaciones basadas en reglas o razonamientos paso a paso, Explicaciones visuales (zonas destacadas en la imagen)","Explicaciones centradas en atributos o características concretas, Explicaciones basadas en reglas o razonamientos paso a paso, Explicaciones visuales (zonas destacadas en la imagen)","Explicaciones centradas en atributos o características concretas, Explicaciones basadas en reglas o razonamientos paso a paso, Explicaciones visuales (zonas destacadas en la imagen)",True,True,1.0,1.0,"Transparencia: entender por qué el sistema tomó esa decisión, Confianza: sentir mayor seguridad en la respuesta del sistema, Satisfacción: que la explicación resulte clara y útil para ti, Educación: aprender más sobre la imagen, el problema o el funcionamiento del sistema","Eficiencia: comprender la respuesta de forma rápida, Confianza: sentir mayor seguridad en la respuesta del sistema","Transparencia: entender por qué el sistema tomó esa decisión, Confianza: sentir mayor seguridad en la respuesta del sistema",False,False,0.16666666666666666,0.4
C0229,U021,9,260,11,Opción E,Opción A,Opción B,False,False,Media: explicación breve con algo de detalle,Media: explicación breve con algo de detalle,Media: explicación breve con algo de detalle,True,True,"Intermedio: algunos términos técnicos, pero fáciles de seguir","Intermedio: algunos términos técnicos, pero fáciles de seguir","Intermedio: algunos términos técnicos, pero fáciles de seguir",True,True,Texto breve + imagen,Texto breve + imagen,Texto breve + imagen,True,True,Alto: el error podría tener consecuencias importantes,Medio: el error podría causar cierta confusión o problema,Medio: el error podría causar cierta confusión o problema,False,False,"Explicaciones centradas en atributos o características concretas, Explicaciones visuales (zonas destacadas en la imagen)","Explicaciones centradas en atributos o características concretas, Explicaciones basadas en reglas o razonamientos paso a paso, Explicaciones visuales (zonas destacadas en la imagen)","Explicaciones centradas en atributos o características concretas, Explicaciones basadas en reglas o razonamientos paso a paso, Explicaciones visuales (zonas destacadas en la imagen)",False,False,0.6666666666666666,0.6666666666666666,"Transparencia: entender por qué el sistema tomó esa decisión, Eficiencia: comprender la respuesta de forma rápida, Efectividad: recibir una explicación útil para realizar mejor la tarea, Detección de errores(Debugging): detectar fallos, errores o comportamientos inesperados del sistema","Transparencia: entender por qué el sistema tomó esa decisión, Detección de errores(Debugging): detectar fallos, errores o comportamientos inesperados del sistema, Educación: aprender más sobre la imagen, el problema o el funcionamiento del sistema, Escrutinio: evaluar críticamente si la decisión del sistema es adecuada, razonable o justa","Transparencia: entender por qué el sistema tomó esa decisión, Confianza: sentir mayor seguridad en la respuesta del sistema",False,False,0.3333333333333333,0.16666666666666666
C0240,U022,9,260,11,Opción F (Ninguna),Opción A,Opción B,False,False,Media: explicación breve con algo de detalle,Media: explicación breve con algo de detalle,Media: explicación breve con algo de detalle,True,True,"Intermedio: algunos términos técnicos, pero fáciles de seguir","Intermedio: algunos términos técnicos, pero fáciles de seguir","Intermedio: algunos términos técnicos, pero fáciles de seguir",True,True,Texto breve + imagen,Texto breve + imagen,Texto breve + imagen,True,True,Medio: el error podría causar cierta confusión o problema,Medio: el error podría causar cierta confusión o problema,Medio: el error podría causar cierta confusión o problema,True,True,Explicaciones visuales (zonas destacadas en la imagen),"Explicaciones con ejemplos similares, Explicaciones basadas en reglas o razonamientos paso a paso, Explicaciones visuales (zonas destacadas en la imagen)","Explicaciones centradas en atributos o características concretas, Explicaciones basadas en reglas o razonamientos paso a paso, Explicaciones visuales (zonas destacadas en la imagen)",False,False,0.3333333333333333,0.3333333333333333,"Eficiencia: comprender la respuesta de forma rápida, Efectividad: recibir una explicación útil para realizar mejor la tarea, Satisfacción: que la explicación resulte clara y útil para ti, Detección de errores(Debugging): detectar fallos, errores o comportamientos inesperados del sistema","Transparencia: entender por qué el sistema tomó esa decisión, Confianza: sentir mayor seguridad en la respuesta del sistema","Transparencia: entender por qué el sistema tomó esa decisión, Confianza: sentir mayor seguridad en la respuesta del sistema",False,False,0.0,0.0
C0251,U023,9,260,11,Opción F (Ninguna),Opción B,Opción B,False,False,Corta: solo lo esencial,Media: explicación breve con algo de detalle,Media: explicación breve con algo de detalle,False,False,Simple: lenguaje claro y sin tecnicismos,"Intermedio: algunos términos técnicos, pero fáciles de seguir","Intermedio: algunos términos técnicos, pero fáciles de seguir",False,False,Texto breve + imagen,Texto breve + imagen,Texto breve + imagen,True,True,Medio: el error podría causar cierta confusión o problema,Medio: el error podría causar cierta confusión o problema,Medio: el error podría causar cierta confusión o problema,True,True,"Explicaciones con ejemplos similares, Explicaciones con comparaciones o contraejemplos, Explicaciones basadas en reglas o razonamientos paso a paso, Explicaciones visuales (zonas destacadas en la imagen)","Explicaciones centradas en atributos o características concretas, Explicaciones basadas en reglas o razonamientos paso a paso, Explicaciones visuales (zonas destacadas en la imagen)","Explicaciones centradas en atributos o características concretas, Explicaciones basadas en reglas o razonamientos paso a paso, Explicaciones visuales (zonas destacadas en la imagen)",False,False,0.4,0.4,"Transparencia: entender por qué el sistema tomó esa decisión, Eficiencia: comprender la respuesta de forma rápida, Confianza: sentir mayor seguridad en la respuesta del sistema, Efectividad: recibir una explicación útil para realizar mejor la tarea, Satisfacción: que la explicación resulte clara y útil para ti, Persuasión: convencerte de que la decisión del sistema está justificada, Detección de errores(Debugging): detectar fallos, errores o comportamientos inesperados del sistema, Educación: aprender más sobre la imagen, el problema o el funcionamiento del sistema, Escrutinio: evaluar críticamente si la decisión del sistema es adecuada, razonable o justa","Transparencia: entender por qué el sistema tomó esa decisión, Confianza: sentir mayor seguridad en la respuesta del sistema","Transparencia: entender por qué el sistema tomó esa decisión, Confianza: sentir mayor seguridad en la respuesta del sistema",False,False,0.16666666666666666,0.16666666666666666
C0262,U024,9,260,11,Opción F (Ninguna),Opción A,Opción B,False,False,Media: explicación breve con algo de detalle,Media: explicación breve con algo de detalle,Media: explicación breve con algo de detalle,True,True,"Intermedio: algunos términos técnicos, pero fáciles de seguir","Intermedio: algunos términos técnicos, pero fáciles de seguir","Intermedio: algunos términos técnicos, pero fáciles de seguir",True,True,Texto breve + imagen,Texto breve + imagen,Texto breve + imagen,True,True,Medio: el error podría causar cierta confusión o problema,Medio: el error podría causar cierta confusión o problema,Medio: el error podría causar cierta confusión o problema,True,True,"Explicaciones con ejemplos similares, Explicaciones con comparaciones o contraejemplos, Explicaciones visuales (zonas destacadas en la imagen)","Explicaciones con comparaciones o contraejemplos, Explicaciones visuales (zonas destacadas en la imagen)","Explicaciones centradas en atributos o características concretas, Explicaciones basadas en reglas o razonamientos paso a paso, Explicaciones visuales (zonas destacadas en la imagen)",False,False,0.6666666666666666,0.2,"Eficiencia: comprender la respuesta de forma rápida, Satisfacción: que la explicación resulte clara y útil para ti, Detección de errores(Debugging): detectar fallos, errores o comportamientos inesperados del sistema","Transparencia: entender por qué el sistema tomó esa decisión, Eficiencia: comprender la respuesta de forma rápida, Efectividad: recibir una explicación útil para realizar mejor la tarea, Satisfacción: que la explicación resulte clara y útil para ti","Transparencia: entender por qué el sistema tomó esa decisión, Confianza: sentir mayor seguridad en la respuesta del sistema",False,False,0.3333333333333333,0.0
C0273,U025,9,260,11,Opción B,Opción B,Opción B,True,True,Media: explicación breve con algo de detalle,Media: explicación breve con algo de detalle,Media: explicación breve con algo de detalle,True,True,"Intermedio: algunos términos técnicos, pero fáciles de seguir","Intermedio: algunos términos técnicos, pero fáciles de seguir","Intermedio: algunos términos técnicos, pero fáciles de seguir",True,True,Texto breve + imagen,Texto breve + imagen,Texto breve + imagen,True,True,Medio: el error podría causar cierta confusión o problema,Alto: el error podría tener consecuencias importantes,Medio: el error podría causar cierta confusión o problema,False,True,"Explicaciones centradas en atributos o características concretas, Explicaciones basadas en reglas o razonamientos paso a paso, Explicaciones visuales (zonas destacadas en la imagen)","Explicaciones centradas en atributos o características concretas, Explicaciones basadas en reglas o razonamientos paso a paso","Explicaciones centradas en atributos o características concretas, Explicaciones basadas en reglas o razonamientos paso a paso, Explicaciones visuales (zonas destacadas en la imagen)",False,True,0.6666666666666666,1.0,"Transparencia: entender por qué el sistema tomó esa decisión, Detección de errores(Debugging): detectar fallos, errores o comportamientos inesperados del sistema, Escrutinio: evaluar críticamente si la decisión del sistema es adecuada, razonable o justa","Transparencia: entender por qué el sistema tomó esa decisión, Confianza: sentir mayor seguridad en la respuesta del sistema","Transparencia: entender por qué el sistema tomó esa decisión, Confianza: sentir mayor seguridad en la respuesta del sistema",False,False,0.16666666666666666,0.16666666666666666
C0284,U026,9,260,11,Opción E,Opción A,Opción B,False,False,Larga: explicación completa y detallada,Media: explicación breve con algo de detalle,Media: explicación breve con algo de detalle,False,False,"Intermedio: algunos términos técnicos, pero fáciles de seguir","Intermedio: algunos términos técnicos, pero fáciles de seguir","Intermedio: algunos términos técnicos, pero fáciles de seguir",True,True,Principalmente visual,Texto breve + imagen,Texto breve + imagen,False,False,Alto: el error podría tener consecuencias importantes,Medio: el error podría causar cierta confusión o problema,Medio: el error podría causar cierta confusión o problema,False,False,"Explicaciones con ejemplos similares, Explicaciones basadas en reglas o razonamientos paso a paso","Explicaciones centradas en atributos o características concretas, Explicaciones basadas en reglas o razonamientos paso a paso, Explicaciones visuales (zonas destacadas en la imagen)","Explicaciones centradas en atributos o características concretas, Explicaciones basadas en reglas o razonamientos paso a paso, Explicaciones visuales (zonas destacadas en la imagen)",False,False,0.25,0.25,"Transparencia: entender por qué el sistema tomó esa decisión, Confianza: sentir mayor seguridad en la respuesta del sistema, Detección de errores(Debugging): detectar fallos, errores o comportamientos inesperados del sistema, Escrutinio: evaluar críticamente si la decisión del sistema es adecuada, razonable o justa","Confianza: sentir mayor seguridad en la respuesta del sistema, Detección de errores(Debugging): detectar fallos, errores o comportamientos inesperados del sistema, Escrutinio: evaluar críticamente si la decisión del sistema es adecuada, razonable o justa","Transparencia: entender por qué el sistema tomó esa decisión, Confianza: sentir mayor seguridad en la respuesta del sistema",False,False,0.8333333333333334,0.3333333333333333
C0295,U027,9,260,11,Opción B,Opción A,Opción B,False,True,Media: explicación breve con algo de detalle,Media: explicación breve con algo de detalle,Media: explicación breve con algo de detalle,True,True,"Intermedio: algunos términos técnicos, pero fáciles de seguir","Intermedio: algunos términos técnicos, pero fáciles de seguir","Intermedio: algunos términos técnicos, pero fáciles de seguir",True,True,Texto breve + imagen,Texto breve + imagen,Texto breve + imagen,True,True,Alto: el error podría tener consecuencias importantes,Medio: el error podría causar cierta confusión o problema,Medio: el error podría causar cierta confusión o problema,False,False,"Explicaciones centradas en atributos o características concretas, Explicaciones basadas en reglas o razonamientos paso a paso, Explicaciones visuales (zonas destacadas en la imagen)","Explicaciones con comparaciones o contraejemplos, Explicaciones visuales (zonas destacadas en la imagen)","Explicaciones centradas en atributos o características concretas, Explicaciones basadas en reglas o razonamientos paso a paso, Explicaciones visuales (zonas destacadas en la imagen)",False,True,0.25,1.0,"Transparencia: entender por qué el sistema tomó esa decisión, Confianza: sentir mayor seguridad en la respuesta del sistema","Confianza: sentir mayor seguridad en la respuesta del sistema, Detección de errores(Debugging): detectar fallos, errores o comportamientos inesperados del sistema, Escrutinio: evaluar críticamente si la decisión del sistema es adecuada, razonable o justa","Confianza: sentir mayor seguridad en la respuesta del sistema, Detección de errores(Debugging): detectar fallos, errores o comportamientos inesperados del sistema, Escrutinio: evaluar críticamente si la decisión del sistema es adecuada, razonable o justa",False,False,0.16666666666666666,0.16666666666666666
C0010,U001,10,260,11,Opción E,Opción E,Opción B,True,False,Media: explicación breve con algo de detalle,Media: explicación breve con algo de detalle,Media: explicación breve con algo de detalle,True,True,"Intermedio: algunos términos técnicos, pero fáciles de seguir","Intermedio: algunos términos técnicos, pero fáciles de seguir","Intermedio: algunos términos técnicos, pero fáciles de seguir",True,True,Texto breve + imagen,Principalmente visual,Texto breve + imagen,False,True,Medio: el error podría causar cierta confusión o problema,Alto: el error podría tener consecuencias importantes,Medio: el error podría causar cierta confusión o problema,False,True,"Explicaciones basadas en reglas o razonamientos paso a paso, Explicaciones visuales (zonas destacadas en la imagen)","Explicaciones centradas en atributos o características concretas, Explicaciones basadas en reglas o razonamientos paso a paso, Explicaciones visuales (zonas destacadas en la imagen)","Explicaciones centradas en atributos o características concretas, Explicaciones basadas en reglas o razonamientos paso a paso, Explicaciones visuales (zonas destacadas en la imagen)",False,False,0.6666666666666666,0.6666666666666666,"Confianza: sentir mayor seguridad en la respuesta del sistema, Detección de errores(Debugging): detectar fallos, errores o comportamientos inesperados del sistema, Escrutinio: evaluar críticamente si la decisión del sistema es adecuada, razonable o justa","Transparencia: entender por qué el sistema tomó esa decisión, Confianza: sentir mayor seguridad en la respuesta del sistema","Transparencia: entender por qué el sistema tomó esa decisión, Confianza: sentir mayor seguridad en la respuesta del sistema",False,False,0.16666666666666666,0.16666666666666666
C0021,U002,10,260,11,Opción A,Opción E,Opción B,False,False,Media: explicación breve con algo de detalle,Media: explicación breve con algo de detalle,Media: explicación breve con algo de detalle,True,True,Simple: lenguaje claro y sin tecnicismos,"Intermedio: algunos términos técnicos, pero fáciles de seguir","Intermedio: algunos términos técnicos, pero fáciles de seguir",False,False,Texto detallado + imagen,Texto breve + imagen,Texto breve + imagen,False,False,Medio: el error podría causar cierta confusión o problema,Alto: el error podría tener consecuencias importantes,Medio: el error podría causar cierta confusión o problema,False,True,"Explicaciones con ejemplos similares, Explicaciones con comparaciones o contraejemplos, Explicaciones centradas en atributos o características concretas, Explicaciones basadas en reglas o razonamientos paso a paso, Explicaciones visuales (zonas destacadas en la imagen), No tengo preferencia / me da igual","Explicaciones con ejemplos similares, Explicaciones con comparaciones o contraejemplos, Explicaciones visuales (zonas destacadas en la imagen)","Explicaciones centradas en atributos o características concretas, Explicaciones basadas en reglas o razonamientos paso a paso, Explicaciones visuales (zonas destacadas en la imagen)",False,False,0.5,0.5,"Transparencia: entender por qué el sistema tomó esa decisión, Efectividad: recibir una explicación útil para realizar mejor la tarea, Satisfacción: que la explicación resulte clara y útil para ti, Educación: aprender más sobre la imagen, el problema o el funcionamiento del sistema, Escrutinio: evaluar críticamente si la decisión del sistema es adecuada, razonable o justa","Transparencia: entender por qué el sistema tomó esa decisión, Detección de errores(Debugging): detectar fallos, errores o comportamientos inesperados del sistema, Educación: aprender más sobre la imagen, el problema o el funcionamiento del sistema, Escrutinio: evaluar críticamente si la decisión del sistema es adecuada, razonable o justa","Transparencia: entender por qué el sistema tomó esa decisión, Confianza: sentir mayor seguridad en la respuesta del sistema",False,False,0.5555555555555556,0.125
C0032,U003,10,260,11,Opción C,Opción E,Opción B,False,False,Corta: solo lo esencial,Media: explicación breve con algo de detalle,Media: explicación breve con algo de detalle,False,False,Técnico: explicación más especializada y precisa,"Intermedio: algunos términos técnicos, pero fáciles de seguir","Intermedio: algunos términos técnicos, pero fáciles de seguir",False,False,Texto breve + imagen,Texto detallado + imagen,Texto breve + imagen,False,True,Alto: el error podría tener consecuencias importantes,Medio: el error podría causar cierta confusión o problema,Medio: el error podría causar cierta confusión o problema,False,False,"Explicaciones con ejemplos similares, Explicaciones con comparaciones o contraejemplos, Explicaciones visuales (zonas destacadas en la imagen)","Explicaciones con ejemplos similares, Explicaciones con comparaciones o contraejemplos, Explicaciones basadas en reglas o razonamientos paso a paso, Explicaciones visuales (zonas destacadas en la imagen)","Explicaciones centradas en atributos o características concretas, Explicaciones basadas en reglas o razonamientos paso a paso, Explicaciones visuales (zonas destacadas en la imagen)",False,False,0.75,0.2,"Transparencia: entender por qué el sistema tomó esa decisión, Satisfacción: que la explicación resulte clara y útil para ti, Detección de errores(Debugging): detectar fallos, errores o comportamientos inesperados del sistema, Educación: aprender más sobre la imagen, el problema o el funcionamiento del sistema","Transparencia: entender por qué el sistema tomó esa decisión, Eficiencia: comprender la respuesta de forma rápida, Efectividad: recibir una explicación útil para realizar mejor la tarea, Persuasión: convencerte de que la decisión del sistema está justificada, Detección de errores(Debugging): detectar fallos, errores o comportamientos inesperados del sistema, Escrutinio: evaluar críticamente si la decisión del sistema es adecuada, razonable o justa","Transparencia: entender por qué el sistema tomó esa decisión, Confianza: sentir mayor seguridad en la respuesta del sistema",False,False,0.2727272727272727,0.14285714285714285
C0043,U004,10,260,11,Opción B,Opción C,Opción B,False,True,Larga: explicación completa y detallada,Media: explicación breve con algo de detalle,Media: explicación breve con algo de detalle,False,False,"Intermedio: algunos términos técnicos, pero fáciles de seguir","Intermedio: algunos términos técnicos, pero fáciles de seguir","Intermedio: algunos términos técnicos, pero fáciles de seguir",True,True,Principalmente visual,Texto breve + imagen,Texto breve + imagen,False,False,Medio: el error podría causar cierta confusión o problema,Alto: el error podría tener consecuencias importantes,Medio: el error podría causar cierta confusión o problema,False,True,"Explicaciones centradas en atributos o características concretas, Explicaciones basadas en reglas o razonamientos paso a paso, Explicaciones visuales (zonas destacadas en la imagen)","Explicaciones con comparaciones o contraejemplos, Explicaciones visuales (zonas destacadas en la imagen)","Explicaciones centradas en atributos o características concretas, Explicaciones basadas en reglas o razonamientos paso a paso, Explicaciones visuales (zonas destacadas en la imagen)",False,True,0.25,1.0,"Transparencia: entender por qué el sistema tomó esa decisión, Eficiencia: comprender la respuesta de forma rápida, Satisfacción: que la explicación resulte clara y útil para ti","Transparencia: entender por qué el sistema tomó esa decisión, Detección de errores(Debugging): detectar fallos, errores o comportamientos inesperados del sistema, Educación: aprender más sobre la imagen, el problema o el funcionamiento del sistema, Escrutinio: evaluar críticamente si la decisión del sistema es adecuada, razonable o justa","Transparencia: entender por qué el sistema tomó esa decisión, Confianza: sentir mayor seguridad en la respuesta del sistema",False,False,0.1111111111111111,0.25
C0054,U005,10,260,11,Opción E,Opción C,Opción B,False,False,Media: explicación breve con algo de detalle,Corta: solo lo esencial,Media: explicación breve con algo de detalle,False,True,"Intermedio: algunos términos técnicos, pero fáciles de seguir","Intermedio: algunos términos técnicos, pero fáciles de seguir","Intermedio: algunos términos técnicos, pero fáciles de seguir",True,True,Texto breve + imagen,Texto breve + imagen,Texto breve + imagen,True,True,Medio: el error podría causar cierta confusión o problema,Medio: el error podría causar cierta confusión o problema,Medio: el error podría causar cierta confusión o problema,True,True,"Explicaciones con ejemplos similares, Explicaciones con comparaciones o contraejemplos, Explicaciones visuales (zonas destacadas en la imagen)","Explicaciones con comparaciones o contraejemplos, Explicaciones centradas en atributos o características concretas, Explicaciones visuales (zonas destacadas en la imagen)","Explicaciones centradas en atributos o características concretas, Explicaciones basadas en reglas o razonamientos paso a paso, Explicaciones visuales (zonas destacadas en la imagen)",False,False,0.5,0.2,"Transparencia: entender por qué el sistema tomó esa decisión, Eficiencia: comprender la respuesta de forma rápida, Confianza: sentir mayor seguridad en la respuesta del sistema","Eficiencia: comprender la respuesta de forma rápida, Satisfacción: que la explicación resulte clara y útil para ti, Detección de errores(Debugging): detectar fallos, errores o comportamientos inesperados del sistema","Transparencia: entender por qué el sistema tomó esa decisión, Confianza: sentir mayor seguridad en la respuesta del sistema",False,False,0.16666666666666666,0.6666666666666666
C0065,U006,10,260,11,Opción B,Opción C,Opción B,False,True,Corta: solo lo esencial,Media: explicación breve con algo de detalle,Media: explicación breve con algo de detalle,False,False,"Intermedio: algunos términos técnicos, pero fáciles de seguir","Intermedio: algunos términos técnicos, pero fáciles de seguir","Intermedio: algunos términos técnicos, pero fáciles de seguir",True,True,Texto breve + imagen,Texto breve + imagen,Texto breve + imagen,True,True,Medio: el error podría causar cierta confusión o problema,Medio: el error podría causar cierta confusión o problema,Medio: el error podría causar cierta confusión o problema,True,True,"Explicaciones centradas en atributos o características concretas, Explicaciones basadas en reglas o razonamientos paso a paso","Explicaciones con comparaciones o contraejemplos, Explicaciones centradas en atributos o características concretas, Explicaciones basadas en reglas o razonamientos paso a paso","Explicaciones centradas en atributos o características concretas, Explicaciones basadas en reglas o razonamientos paso a paso, Explicaciones visuales (zonas destacadas en la imagen)",False,False,0.6666666666666666,0.6666666666666666,"Transparencia: entender por qué el sistema tomó esa decisión, Confianza: sentir mayor seguridad en la respuesta del sistema","Transparencia: entender por qué el sistema tomó esa decisión, Confianza: sentir mayor seguridad en la respuesta del sistema, Efectividad: recibir una explicación útil para realizar mejor la tarea, Satisfacción: que la explicación resulte clara y útil para ti, Detección de errores(Debugging): detectar fallos, errores o comportamientos inesperados del sistema, Educación: aprender más sobre la imagen, el problema o el funcionamiento del sistema, Escrutinio: evaluar críticamente si la decisión del sistema es adecuada, razonable o justa","Confianza: sentir mayor seguridad en la respuesta del sistema, Detección de errores(Debugging): detectar fallos, errores o comportamientos inesperados del sistema, Escrutinio: evaluar críticamente si la decisión del sistema es adecuada, razonable o justa",False,False,0.2,0.16666666666666666
C0076,U007,10,260,11,Opción E,Opción C,Opción B,False,False,Corta: solo lo esencial,Media: explicación breve con algo de detalle,Media: explicación breve con algo de detalle,False,False,Simple: lenguaje claro y sin tecnicismos,"Intermedio: algunos términos técnicos, pero fáciles de seguir","Intermedio: algunos términos técnicos, pero fáciles de seguir",False,False,Texto breve + imagen,Texto breve + imagen,Texto breve + imagen,True,True,Bajo: el error apenas tendría consecuencias,Medio: el error podría causar cierta confusión o problema,Medio: el error podría causar cierta confusión o problema,False,False,"Explicaciones centradas en atributos o características concretas, Explicaciones basadas en reglas o razonamientos paso a paso","Explicaciones con ejemplos similares, Explicaciones con comparaciones o contraejemplos, Explicaciones visuales (zonas destacadas en la imagen)","Explicaciones centradas en atributos o características concretas, Explicaciones basadas en reglas o razonamientos paso a paso, Explicaciones visuales (zonas destacadas en la imagen)",False,False,0.0,0.6666666666666666,"Transparencia: entender por qué el sistema tomó esa decisión, Confianza: sentir mayor seguridad en la respuesta del sistema, Satisfacción: que la explicación resulte clara y útil para ti, Persuasión: convencerte de que la decisión del sistema está justificada, Detección de errores(Debugging): detectar fallos, errores o comportamientos inesperados del sistema","Transparencia: entender por qué el sistema tomó esa decisión, Eficiencia: comprender la respuesta de forma rápida, Confianza: sentir mayor seguridad en la respuesta del sistema","Transparencia: entender por qué el sistema tomó esa decisión, Confianza: sentir mayor seguridad en la respuesta del sistema",False,False,0.2857142857142857,0.3333333333333333
C0087,U008,10,260,11,Opción E,Opción C,Opción B,False,False,Media: explicación breve con algo de detalle,Media: explicación breve con algo de detalle,Media: explicación breve con algo de detalle,True,True,"Intermedio: algunos términos técnicos, pero fáciles de seguir","Intermedio: algunos términos técnicos, pero fáciles de seguir","Intermedio: algunos términos técnicos, pero fáciles de seguir",True,True,Texto breve + imagen,Texto breve + imagen,Texto breve + imagen,True,True,Medio: el error podría causar cierta confusión o problema,Medio: el error podría causar cierta confusión o problema,Medio: el error podría causar cierta confusión o problema,True,True,"Explicaciones con ejemplos similares, Explicaciones con comparaciones o contraejemplos","Explicaciones con ejemplos similares, Explicaciones con comparaciones o contraejemplos, Explicaciones visuales (zonas destacadas en la imagen)","Explicaciones centradas en atributos o características concretas, Explicaciones basadas en reglas o razonamientos paso a paso, Explicaciones visuales (zonas destacadas en la imagen)",False,False,0.6666666666666666,0.0,"Transparencia: entender por qué el sistema tomó esa decisión, Eficiencia: comprender la respuesta de forma rápida, Efectividad: recibir una explicación útil para realizar mejor la tarea, Satisfacción: que la explicación resulte clara y útil para ti","Eficiencia: comprender la respuesta de forma rápida, Satisfacción: que la explicación resulte clara y útil para ti, Detección de errores(Debugging): detectar fallos, errores o comportamientos inesperados del sistema","Transparencia: entender por qué el sistema tomó esa decisión, Confianza: sentir mayor seguridad en la respuesta del sistema",False,False,0.3333333333333333,0.2
C0098,U009,10,260,11,Opción E,Opción C,Opción B,False,False,Media: explicación breve con algo de detalle,Media: explicación breve con algo de detalle,Media: explicación breve con algo de detalle,True,True,Simple: lenguaje claro y sin tecnicismos,"Intermedio: algunos términos técnicos, pero fáciles de seguir","Intermedio: algunos términos técnicos, pero fáciles de seguir",False,False,Texto breve + imagen,Texto breve + imagen,Texto breve + imagen,True,True,Medio: el error podría causar cierta confusión o problema,Medio: el error podría causar cierta confusión o problema,Medio: el error podría causar cierta confusión o problema,True,True,"Explicaciones con ejemplos similares, Explicaciones basadas en reglas o razonamientos paso a paso, Explicaciones visuales (zonas destacadas en la imagen)","Explicaciones centradas en atributos o características concretas, Explicaciones basadas en reglas o razonamientos paso a paso","Explicaciones centradas en atributos o características concretas, Explicaciones basadas en reglas o razonamientos paso a paso, Explicaciones visuales (zonas destacadas en la imagen)",False,False,0.25,0.5,"Eficiencia: comprender la respuesta de forma rápida, Efectividad: recibir una explicación útil para realizar mejor la tarea","Transparencia: entender por qué el sistema tomó esa decisión, Confianza: sentir mayor seguridad en la respuesta del sistema","Transparencia: entender por qué el sistema tomó esa decisión, Confianza: sentir mayor seguridad en la respuesta del sistema",False,False,0.0,0.0
C0109,U010,10,260,11,Opción E,Opción C,Opción B,False,False,Corta: solo lo esencial,Media: explicación breve con algo de detalle,Media: explicación breve con algo de detalle,False,False,Simple: lenguaje claro y sin tecnicismos,"Intermedio: algunos términos técnicos, pero fáciles de seguir","Intermedio: algunos términos técnicos, pero fáciles de seguir",False,False,Me da igual,Texto breve + imagen,Texto breve + imagen,False,False,Medio: el error podría causar cierta confusión o problema,Medio: el error podría causar cierta confusión o problema,Medio: el error podría causar cierta confusión o problema,True,True,No tengo preferencia / me da igual,"Explicaciones con comparaciones o contraejemplos, Explicaciones visuales (zonas destacadas en la imagen)","Explicaciones centradas en atributos o características concretas, Explicaciones basadas en reglas o razonamientos paso a paso, Explicaciones visuales (zonas destacadas en la imagen)",False,False,0.0,0.0,"Eficiencia: comprender la respuesta de forma rápida, Confianza: sentir mayor seguridad en la respuesta del sistema","Transparencia: entender por qué el sistema tomó esa decisión, Detección de errores(Debugging): detectar fallos, errores o comportamientos inesperados del sistema, Educación: aprender más sobre la imagen, el problema o el funcionamiento del sistema","Transparencia: entender por qué el sistema tomó esa decisión, Confianza: sentir mayor seguridad en la respuesta del sistema",False,False,0.0,0.3333333333333333
C0120,U011,10,260,11,Opción B,Opción E,Opción B,False,True,Media: explicación breve con algo de detalle,Media: explicación breve con algo de detalle,Media: explicación breve con algo de detalle,True,True,"Intermedio: algunos términos técnicos, pero fáciles de seguir","Intermedio: algunos términos técnicos, pero fáciles de seguir","Intermedio: algunos términos técnicos, pero fáciles de seguir",True,True,Texto detallado + imagen,Texto breve + imagen,Texto breve + imagen,False,False,Medio: el error podría causar cierta confusión o problema,Medio: el error podría causar cierta confusión o problema,Medio: el error podría causar cierta confusión o problema,True,True,"Explicaciones con ejemplos similares, Explicaciones con comparaciones o contraejemplos, Explicaciones basadas en reglas o razonamientos paso a paso, Explicaciones visuales (zonas destacadas en la imagen)","Explicaciones con ejemplos similares, Explicaciones con comparaciones o contraejemplos, Explicaciones visuales (zonas destacadas en la imagen)","Explicaciones centradas en atributos o características concretas, Explicaciones basadas en reglas o razonamientos paso a paso, Explicaciones visuales (zonas destacadas en la imagen)",False,False,0.75,0.4,"Transparencia: entender por qué el sistema tomó esa decisión, Eficiencia: comprender la respuesta de forma rápida, Efectividad: recibir una explicación útil para realizar mejor la tarea, Persuasión: convencerte de que la decisión del sistema está justificada, Detección de errores(Debugging): detectar fallos, errores o comportamientos inesperados del sistema, Escrutinio: evaluar críticamente si la decisión del sistema es adecuada, razonable o justa","Transparencia: entender por qué el sistema tomó esa decisión, Satisfacción: que la explicación resulte clara y útil para ti, Detección de errores(Debugging): detectar fallos, errores o comportamientos inesperados del sistema, Educación: aprender más sobre la imagen, el problema o el funcionamiento del sistema","Transparencia: entender por qué el sistema tomó esa decisión, Confianza: sentir mayor seguridad en la respuesta del sistema",False,False,0.2727272727272727,0.1111111111111111
C0131,U012,10,260,11,Opción E,Opción C,Opción B,False,False,Corta: solo lo esencial,Media: explicación breve con algo de detalle,Media: explicación breve con algo de detalle,False,False,"Intermedio: algunos términos técnicos, pero fáciles de seguir","Intermedio: algunos términos técnicos, pero fáciles de seguir","Intermedio: algunos términos técnicos, pero fáciles de seguir",True,True,Texto breve + imagen,Texto breve + imagen,Texto breve + imagen,True,True,Alto: el error podría tener consecuencias importantes,Medio: el error podría causar cierta confusión o problema,Medio: el error podría causar cierta confusión o problema,False,False,"Explicaciones con comparaciones o contraejemplos, Explicaciones centradas en atributos o características concretas, Explicaciones visuales (zonas destacadas en la imagen)","Explicaciones con ejemplos similares, Explicaciones con comparaciones o contraejemplos, Explicaciones visuales (zonas destacadas en la imagen)","Explicaciones centradas en atributos o características concretas, Explicaciones basadas en reglas o razonamientos paso a paso, Explicaciones visuales (zonas destacadas en la imagen)",False,False,0.5,0.5,"Transparencia: entender por qué el sistema tomó esa decisión, Eficiencia: comprender la respuesta de forma rápida, Satisfacción: que la explicación resulte clara y útil para ti, Detección de errores(Debugging): detectar fallos, errores o comportamientos inesperados del sistema, Escrutinio: evaluar críticamente si la decisión del sistema es adecuada, razonable o justa","Confianza: sentir mayor seguridad en la respuesta del sistema, Efectividad: recibir una explicación útil para realizar mejor la tarea, Satisfacción: que la explicación resulte clara y útil para ti, Detección de errores(Debugging): detectar fallos, errores o comportamientos inesperados del sistema","Transparencia: entender por qué el sistema tomó esa decisión, Confianza: sentir mayor seguridad en la respuesta del sistema",False,False,0.3333333333333333,0.125
C0142,U013,10,260,11,Opción F (Ninguna),Opción C,Opción B,False,False,Corta: solo lo esencial,Media: explicación breve con algo de detalle,Media: explicación breve con algo de detalle,False,False,Simple: lenguaje claro y sin tecnicismos,"Intermedio: algunos términos técnicos, pero fáciles de seguir","Intermedio: algunos términos técnicos, pero fáciles de seguir",False,False,Me da igual,Texto breve + imagen,Texto breve + imagen,False,False,Medio: el error podría causar cierta confusión o problema,Medio: el error podría causar cierta confusión o problema,Medio: el error podría causar cierta confusión o problema,True,True,No tengo preferencia / me da igual,No tengo preferencia / me da igual,"Explicaciones centradas en atributos o características concretas, Explicaciones basadas en reglas o razonamientos paso a paso, Explicaciones visuales (zonas destacadas en la imagen)",True,False,1.0,0.0,"Educación: aprender más sobre la imagen, el problema o el funcionamiento del sistema","Eficiencia: comprender la respuesta de forma rápida, Confianza: sentir mayor seguridad en la respuesta del sistema","Transparencia: entender por qué el sistema tomó esa decisión, Confianza: sentir mayor seguridad en la respuesta del sistema",False,False,0.0,0.0
C0153,U014,10,260,11,Opción A,Opción C,Opción B,False,False,Larga: explicación completa y detallada,Media: explicación breve con algo de detalle,Media: explicación breve con algo de detalle,False,False,"Intermedio: algunos términos técnicos, pero fáciles de seguir","Intermedio: algunos términos técnicos, pero fáciles de seguir","Intermedio: algunos términos técnicos, pero fáciles de seguir",True,True,Texto detallado + imagen,Texto breve + imagen,Texto breve + imagen,False,False,Medio: el error podría causar cierta confusión o problema,Alto: el error podría tener consecuencias importantes,Medio: el error podría causar cierta confusión o problema,False,True,"Explicaciones con comparaciones o contraejemplos, Explicaciones centradas en atributos o características concretas, Explicaciones basadas en reglas o razonamientos paso a paso","Explicaciones centradas en atributos o características concretas, Explicaciones basadas en reglas o razonamientos paso a paso","Explicaciones centradas en atributos o características concretas, Explicaciones basadas en reglas o razonamientos paso a paso, Explicaciones visuales (zonas destacadas en la imagen)",False,False,0.6666666666666666,0.5,"Transparencia: entender por qué el sistema tomó esa decisión, Confianza: sentir mayor seguridad en la respuesta del sistema, Efectividad: recibir una explicación útil para realizar mejor la tarea, Satisfacción: que la explicación resulte clara y útil para ti, Detección de errores(Debugging): detectar fallos, errores o comportamientos inesperados del sistema, Educación: aprender más sobre la imagen, el problema o el funcionamiento del sistema, Escrutinio: evaluar críticamente si la decisión del sistema es adecuada, razonable o justa","Transparencia: entender por qué el sistema tomó esa decisión, Confianza: sentir mayor seguridad en la respuesta del sistema","Transparencia: entender por qué el sistema tomó esa decisión, Confianza: sentir mayor seguridad en la respuesta del sistema",False,False,0.2,0.2
C0164,U015,10,260,11,Opción B,Opción C,Opción B,False,True,Media: explicación breve con algo de detalle,Media: explicación breve con algo de detalle,Media: explicación breve con algo de detalle,True,True,"Intermedio: algunos términos técnicos, pero fáciles de seguir","Intermedio: algunos términos técnicos, pero fáciles de seguir","Intermedio: algunos términos técnicos, pero fáciles de seguir",True,True,Texto detallado + imagen,Texto breve + imagen,Texto breve + imagen,False,False,Alto: el error podría tener consecuencias importantes,Medio: el error podría causar cierta confusión o problema,Medio: el error podría causar cierta confusión o problema,False,False,"Explicaciones con comparaciones o contraejemplos, Explicaciones visuales (zonas destacadas en la imagen)","Explicaciones centradas en atributos o características concretas, Explicaciones basadas en reglas o razonamientos paso a paso, Explicaciones visuales (zonas destacadas en la imagen)","Explicaciones centradas en atributos o características concretas, Explicaciones basadas en reglas o razonamientos paso a paso, Explicaciones visuales (zonas destacadas en la imagen)",False,False,0.25,0.25,"Transparencia: entender por qué el sistema tomó esa decisión, Detección de errores(Debugging): detectar fallos, errores o comportamientos inesperados del sistema, Educación: aprender más sobre la imagen, el problema o el funcionamiento del sistema, Escrutinio: evaluar críticamente si la decisión del sistema es adecuada, razonable o justa","Confianza: sentir mayor seguridad en la respuesta del sistema, Detección de errores(Debugging): detectar fallos, errores o comportamientos inesperados del sistema, Escrutinio: evaluar críticamente si la decisión del sistema es adecuada, razonable o justa","Transparencia: entender por qué el sistema tomó esa decisión, Confianza: sentir mayor seguridad en la respuesta del sistema",False,False,0.5,0.125
C0175,U016,10,260,11,Opción E,Opción C,Opción B,False,False,Media: explicación breve con algo de detalle,Media: explicación breve con algo de detalle,Media: explicación breve con algo de detalle,True,True,"Intermedio: algunos términos técnicos, pero fáciles de seguir","Intermedio: algunos términos técnicos, pero fáciles de seguir","Intermedio: algunos términos técnicos, pero fáciles de seguir",True,True,Texto breve + imagen,Texto breve + imagen,Texto breve + imagen,True,True,Medio: el error podría causar cierta confusión o problema,Medio: el error podría causar cierta confusión o problema,Medio: el error podría causar cierta confusión o problema,True,True,"Explicaciones con ejemplos similares, Explicaciones basadas en reglas o razonamientos paso a paso, Explicaciones visuales (zonas destacadas en la imagen)",Explicaciones con comparaciones o contraejemplos,"Explicaciones centradas en atributos o características concretas, Explicaciones basadas en reglas o razonamientos paso a paso, Explicaciones visuales (zonas destacadas en la imagen)",False,False,0.0,0.5,"Confianza: sentir mayor seguridad en la respuesta del sistema, Efectividad: recibir una explicación útil para realizar mejor la tarea, Satisfacción: que la explicación resulte clara y útil para ti, Detección de errores(Debugging): detectar fallos, errores o comportamientos inesperados del sistema","Efectividad: recibir una explicación útil para realizar mejor la tarea, Satisfacción: que la explicación resulte clara y útil para ti","Transparencia: entender por qué el sistema tomó esa decisión, Confianza: sentir mayor seguridad en la respuesta del sistema",False,False,0.4,0.16666666666666666
C0186,U017,10,260,11,Opción C,Opción C,Opción B,True,False,Media: explicación breve con algo de detalle,Media: explicación breve con algo de detalle,Media: explicación breve con algo de detalle,True,True,"Intermedio: algunos términos técnicos, pero fáciles de seguir","Intermedio: algunos términos técnicos, pero fáciles de seguir","Intermedio: algunos términos técnicos, pero fáciles de seguir",True,True,Principalmente visual,Texto breve + imagen,Texto breve + imagen,False,False,Alto: el error podría tener consecuencias importantes,Medio: el error podría causar cierta confusión o problema,Medio: el error podría causar cierta confusión o problema,False,False,"Explicaciones con comparaciones o contraejemplos, Explicaciones visuales (zonas destacadas en la imagen)",No tengo preferencia / me da igual,"Explicaciones centradas en atributos o características concretas, Explicaciones basadas en reglas o razonamientos paso a paso, Explicaciones visuales (zonas destacadas en la imagen)",False,False,0.0,0.25,"Transparencia: entender por qué el sistema tomó esa decisión, Detección de errores(Debugging): detectar fallos, errores o comportamientos inesperados del sistema, Educación: aprender más sobre la imagen, el problema o el funcionamiento del sistema","Eficiencia: comprender la respuesta de forma rápida, Confianza: sentir mayor seguridad en la respuesta del sistema","Transparencia: entender por qué el sistema tomó esa decisión, Confianza: sentir mayor seguridad en la respuesta del sistema",False,False,0.0,0.16666666666666666
C0197,U018,10,260,11,Opción A,Opción A,Opción B,True,False,Media: explicación breve con algo de detalle,Media: explicación breve con algo de detalle,Media: explicación breve con algo de detalle,True,True,"Intermedio: algunos términos técnicos, pero fáciles de seguir","Intermedio: algunos términos técnicos, pero fáciles de seguir","Intermedio: algunos términos técnicos, pero fáciles de seguir",True,True,Texto breve + imagen,Texto breve + imagen,Texto breve + imagen,True,True,Medio: el error podría causar cierta confusión o problema,Medio: el error podría causar cierta confusión o problema,Medio: el error podría causar cierta confusión o problema,True,True,Explicaciones con comparaciones o contraejemplos,"Explicaciones con ejemplos similares, Explicaciones basadas en reglas o razonamientos paso a paso, Explicaciones visuales (zonas destacadas en la imagen)","Explicaciones centradas en atributos o características concretas, Explicaciones basadas en reglas o razonamientos paso a paso, Explicaciones visuales (zonas destacadas en la imagen)",False,False,0.0,0.0,"Efectividad: recibir una explicación útil para realizar mejor la tarea, Satisfacción: que la explicación resulte clara y útil para ti","Confianza: sentir mayor seguridad en la respuesta del sistema, Efectividad: recibir una explicación útil para realizar mejor la tarea, Satisfacción: que la explicación resulte clara y útil para ti, Detección de errores(Debugging): detectar fallos, errores o comportamientos inesperados del sistema","Transparencia: entender por qué el sistema tomó esa decisión, Confianza: sentir mayor seguridad en la respuesta del sistema",False,False,0.4,0.0
C0208,U019,10,260,11,Opción E,Opción E,Opción B,True,False,Media: explicación breve con algo de detalle,Media: explicación breve con algo de detalle,Media: explicación breve con algo de detalle,True,True,"Intermedio: algunos términos técnicos, pero fáciles de seguir","Intermedio: algunos términos técnicos, pero fáciles de seguir","Intermedio: algunos términos técnicos, pero fáciles de seguir",True,True,Texto detallado + imagen,Texto breve + imagen,Texto breve + imagen,False,False,Alto: el error podría tener consecuencias importantes,Medio: el error podría causar cierta confusión o problema,Medio: el error podría causar cierta confusión o problema,False,False,"Explicaciones con ejemplos similares, Explicaciones con comparaciones o contraejemplos, Explicaciones centradas en atributos o características concretas","Explicaciones centradas en atributos o características concretas, Explicaciones basadas en reglas o razonamientos paso a paso, Explicaciones visuales (zonas destacadas en la imagen)","Explicaciones centradas en atributos o características concretas, Explicaciones basadas en reglas o razonamientos paso a paso, Explicaciones visuales (zonas destacadas en la imagen)",False,False,0.2,0.2,"Transparencia: entender por qué el sistema tomó esa decisión, Confianza: sentir mayor seguridad en la respuesta del sistema, Efectividad: recibir una explicación útil para realizar mejor la tarea, Satisfacción: que la explicación resulte clara y útil para ti","Transparencia: entender por qué el sistema tomó esa decisión, Detección de errores(Debugging): detectar fallos, errores o comportamientos inesperados del sistema, Escrutinio: evaluar críticamente si la decisión del sistema es adecuada, razonable o justa","Transparencia: entender por qué el sistema tomó esa decisión, Confianza: sentir mayor seguridad en la respuesta del sistema",False,False,0.125,0.5
C0219,U020,10,260,11,Opción E,Opción C,Opción B,False,False,Media: explicación breve con algo de detalle,Media: explicación breve con algo de detalle,Media: explicación breve con algo de detalle,True,True,"Intermedio: algunos términos técnicos, pero fáciles de seguir","Intermedio: algunos términos técnicos, pero fáciles de seguir","Intermedio: algunos términos técnicos, pero fáciles de seguir",True,True,Texto detallado + imagen,Texto breve + imagen,Texto breve + imagen,False,False,Alto: el error podría tener consecuencias importantes,Medio: el error podría causar cierta confusión o problema,Medio: el error podría causar cierta confusión o problema,False,False,"Explicaciones centradas en atributos o características concretas, Explicaciones basadas en reglas o razonamientos paso a paso, Explicaciones visuales (zonas destacadas en la imagen)",No tengo preferencia / me da igual,"Explicaciones centradas en atributos o características concretas, Explicaciones basadas en reglas o razonamientos paso a paso, Explicaciones visuales (zonas destacadas en la imagen)",False,True,0.0,1.0,"Transparencia: entender por qué el sistema tomó esa decisión, Confianza: sentir mayor seguridad en la respuesta del sistema, Satisfacción: que la explicación resulte clara y útil para ti, Educación: aprender más sobre la imagen, el problema o el funcionamiento del sistema","Eficiencia: comprender la respuesta de forma rápida, Confianza: sentir mayor seguridad en la respuesta del sistema","Transparencia: entender por qué el sistema tomó esa decisión, Confianza: sentir mayor seguridad en la respuesta del sistema",False,False,0.16666666666666666,0.4
C0230,U021,10,260,11,Opción B,Opción E,Opción B,False,True,Media: explicación breve con algo de detalle,Media: explicación breve con algo de detalle,Media: explicación breve con algo de detalle,True,True,"Intermedio: algunos términos técnicos, pero fáciles de seguir","Intermedio: algunos términos técnicos, pero fáciles de seguir","Intermedio: algunos términos técnicos, pero fáciles de seguir",True,True,Texto breve + imagen,Texto detallado + imagen,Texto breve + imagen,False,True,Alto: el error podría tener consecuencias importantes,Medio: el error podría causar cierta confusión o problema,Medio: el error podría causar cierta confusión o problema,False,False,"Explicaciones centradas en atributos o características concretas, Explicaciones visuales (zonas destacadas en la imagen)","Explicaciones con comparaciones o contraejemplos, Explicaciones visuales (zonas destacadas en la imagen)","Explicaciones centradas en atributos o características concretas, Explicaciones basadas en reglas o razonamientos paso a paso, Explicaciones visuales (zonas destacadas en la imagen)",False,False,0.3333333333333333,0.6666666666666666,"Transparencia: entender por qué el sistema tomó esa decisión, Eficiencia: comprender la respuesta de forma rápida, Efectividad: recibir una explicación útil para realizar mejor la tarea, Detección de errores(Debugging): detectar fallos, errores o comportamientos inesperados del sistema","Transparencia: entender por qué el sistema tomó esa decisión, Detección de errores(Debugging): detectar fallos, errores o comportamientos inesperados del sistema, Educación: aprender más sobre la imagen, el problema o el funcionamiento del sistema, Escrutinio: evaluar críticamente si la decisión del sistema es adecuada, razonable o justa","Transparencia: entender por qué el sistema tomó esa decisión, Confianza: sentir mayor seguridad en la respuesta del sistema",False,False,0.3333333333333333,0.16666666666666666
C0241,U022,10,260,11,Opción E,Opción C,Opción B,False,False,Media: explicación breve con algo de detalle,Media: explicación breve con algo de detalle,Media: explicación breve con algo de detalle,True,True,"Intermedio: algunos términos técnicos, pero fáciles de seguir",Simple: lenguaje claro y sin tecnicismos,"Intermedio: algunos términos técnicos, pero fáciles de seguir",False,True,Texto breve + imagen,Texto breve + imagen,Texto breve + imagen,True,True,Medio: el error podría causar cierta confusión o problema,Medio: el error podría causar cierta confusión o problema,Medio: el error podría causar cierta confusión o problema,True,True,Explicaciones visuales (zonas destacadas en la imagen),"Explicaciones con ejemplos similares, Explicaciones basadas en reglas o razonamientos paso a paso, Explicaciones visuales (zonas destacadas en la imagen)","Explicaciones centradas en atributos o características concretas, Explicaciones basadas en reglas o razonamientos paso a paso, Explicaciones visuales (zonas destacadas en la imagen)",False,False,0.3333333333333333,0.3333333333333333,"Eficiencia: comprender la respuesta de forma rápida, Efectividad: recibir una explicación útil para realizar mejor la tarea, Satisfacción: que la explicación resulte clara y útil para ti, Detección de errores(Debugging): detectar fallos, errores o comportamientos inesperados del sistema","Eficiencia: comprender la respuesta de forma rápida, Efectividad: recibir una explicación útil para realizar mejor la tarea","Transparencia: entender por qué el sistema tomó esa decisión, Confianza: sentir mayor seguridad en la respuesta del sistema",False,False,0.4,0.0
C0252,U023,10,260,11,Opción E,Opción C,Opción B,False,False,Corta: solo lo esencial,Media: explicación breve con algo de detalle,Media: explicación breve con algo de detalle,False,False,Simple: lenguaje claro y sin tecnicismos,"Intermedio: algunos términos técnicos, pero fáciles de seguir","Intermedio: algunos términos técnicos, pero fáciles de seguir",False,False,Texto breve + imagen,Texto breve + imagen,Texto breve + imagen,True,True,Medio: el error podría causar cierta confusión o problema,Medio: el error podría causar cierta confusión o problema,Medio: el error podría causar cierta confusión o problema,True,True,"Explicaciones con ejemplos similares, Explicaciones con comparaciones o contraejemplos, Explicaciones basadas en reglas o razonamientos paso a paso, Explicaciones visuales (zonas destacadas en la imagen)","Explicaciones con comparaciones o contraejemplos, Explicaciones visuales (zonas destacadas en la imagen)","Explicaciones centradas en atributos o características concretas, Explicaciones basadas en reglas o razonamientos paso a paso, Explicaciones visuales (zonas destacadas en la imagen)",False,False,0.5,0.4,"Transparencia: entender por qué el sistema tomó esa decisión, Eficiencia: comprender la respuesta de forma rápida, Confianza: sentir mayor seguridad en la respuesta del sistema, Efectividad: recibir una explicación útil para realizar mejor la tarea, Satisfacción: que la explicación resulte clara y útil para ti, Persuasión: convencerte de que la decisión del sistema está justificada, Detección de errores(Debugging): detectar fallos, errores o comportamientos inesperados del sistema, Educación: aprender más sobre la imagen, el problema o el funcionamiento del sistema, Escrutinio: evaluar críticamente si la decisión del sistema es adecuada, razonable o justa","Transparencia: entender por qué el sistema tomó esa decisión, Detección de errores(Debugging): detectar fallos, errores o comportamientos inesperados del sistema, Educación: aprender más sobre la imagen, el problema o el funcionamiento del sistema, Escrutinio: evaluar críticamente si la decisión del sistema es adecuada, razonable o justa","Transparencia: entender por qué el sistema tomó esa decisión, Confianza: sentir mayor seguridad en la respuesta del sistema",False,False,0.5833333333333334,0.16666666666666666
C0263,U024,10,260,11,Opción E,Opción C,Opción B,False,False,Media: explicación breve con algo de detalle,Media: explicación breve con algo de detalle,Media: explicación breve con algo de detalle,True,True,"Intermedio: algunos términos técnicos, pero fáciles de seguir","Intermedio: algunos términos técnicos, pero fáciles de seguir","Intermedio: algunos términos técnicos, pero fáciles de seguir",True,True,Texto breve + imagen,Texto breve + imagen,Texto breve + imagen,True,True,Medio: el error podría causar cierta confusión o problema,Medio: el error podría causar cierta confusión o problema,Medio: el error podría causar cierta confusión o problema,True,True,"Explicaciones con ejemplos similares, Explicaciones con comparaciones o contraejemplos, Explicaciones visuales (zonas destacadas en la imagen)","Explicaciones con ejemplos similares, Explicaciones con comparaciones o contraejemplos","Explicaciones centradas en atributos o características concretas, Explicaciones basadas en reglas o razonamientos paso a paso, Explicaciones visuales (zonas destacadas en la imagen)",False,False,0.6666666666666666,0.2,"Eficiencia: comprender la respuesta de forma rápida, Satisfacción: que la explicación resulte clara y útil para ti, Detección de errores(Debugging): detectar fallos, errores o comportamientos inesperados del sistema","Transparencia: entender por qué el sistema tomó esa decisión, Eficiencia: comprender la respuesta de forma rápida, Efectividad: recibir una explicación útil para realizar mejor la tarea, Satisfacción: que la explicación resulte clara y útil para ti","Transparencia: entender por qué el sistema tomó esa decisión, Confianza: sentir mayor seguridad en la respuesta del sistema",False,False,0.3333333333333333,0.0
C0274,U025,10,260,11,Opción B,Opción D,Opción B,False,True,Media: explicación breve con algo de detalle,Media: explicación breve con algo de detalle,Media: explicación breve con algo de detalle,True,True,"Intermedio: algunos términos técnicos, pero fáciles de seguir","Intermedio: algunos términos técnicos, pero fáciles de seguir","Intermedio: algunos términos técnicos, pero fáciles de seguir",True,True,Texto breve + imagen,Texto breve + imagen,Texto breve + imagen,True,True,Medio: el error podría causar cierta confusión o problema,Alto: el error podría tener consecuencias importantes,Medio: el error podría causar cierta confusión o problema,False,True,"Explicaciones centradas en atributos o características concretas, Explicaciones basadas en reglas o razonamientos paso a paso, Explicaciones visuales (zonas destacadas en la imagen)","Explicaciones con ejemplos similares, Explicaciones con comparaciones o contraejemplos, Explicaciones centradas en atributos o características concretas","Explicaciones centradas en atributos o características concretas, Explicaciones basadas en reglas o razonamientos paso a paso, Explicaciones visuales (zonas destacadas en la imagen)",False,True,0.2,1.0,"Transparencia: entender por qué el sistema tomó esa decisión, Detección de errores(Debugging): detectar fallos, errores o comportamientos inesperados del sistema, Escrutinio: evaluar críticamente si la decisión del sistema es adecuada, razonable o justa","Transparencia: entender por qué el sistema tomó esa decisión, Confianza: sentir mayor seguridad en la respuesta del sistema, Efectividad: recibir una explicación útil para realizar mejor la tarea, Satisfacción: que la explicación resulte clara y útil para ti","Transparencia: entender por qué el sistema tomó esa decisión, Confianza: sentir mayor seguridad en la respuesta del sistema",False,False,0.125,0.16666666666666666
C0285,U026,10,260,11,Opción E,Opción C,Opción B,False,False,Larga: explicación completa y detallada,Media: explicación breve con algo de detalle,Media: explicación breve con algo de detalle,False,False,"Intermedio: algunos términos técnicos, pero fáciles de seguir","Intermedio: algunos términos técnicos, pero fáciles de seguir","Intermedio: algunos términos técnicos, pero fáciles de seguir",True,True,Principalmente visual,Texto breve + imagen,Texto breve + imagen,False,False,Alto: el error podría tener consecuencias importantes,Medio: el error podría causar cierta confusión o problema,Medio: el error podría causar cierta confusión o problema,False,False,"Explicaciones con ejemplos similares, Explicaciones basadas en reglas o razonamientos paso a paso","Explicaciones centradas en atributos o características concretas, Explicaciones basadas en reglas o razonamientos paso a paso, Explicaciones visuales (zonas destacadas en la imagen)","Explicaciones centradas en atributos o características concretas, Explicaciones basadas en reglas o razonamientos paso a paso, Explicaciones visuales (zonas destacadas en la imagen)",False,False,0.25,0.25,"Transparencia: entender por qué el sistema tomó esa decisión, Confianza: sentir mayor seguridad en la respuesta del sistema, Detección de errores(Debugging): detectar fallos, errores o comportamientos inesperados del sistema, Escrutinio: evaluar críticamente si la decisión del sistema es adecuada, razonable o justa","Confianza: sentir mayor seguridad en la respuesta del sistema, Detección de errores(Debugging): detectar fallos, errores o comportamientos inesperados del sistema, Escrutinio: evaluar críticamente si la decisión del sistema es adecuada, razonable o justa","Transparencia: entender por qué el sistema tomó esa decisión, Confianza: sentir mayor seguridad en la respuesta del sistema",False,False,0.8333333333333334,0.3333333333333333
C0296,U027,10,260,11,Opción B,Opción E,Opción B,False,True,Media: explicación breve con algo de detalle,Media: explicación breve con algo de detalle,Media: explicación breve con algo de detalle,True,True,"Intermedio: algunos términos técnicos, pero fáciles de seguir","Intermedio: algunos términos técnicos, pero fáciles de seguir","Intermedio: algunos términos técnicos, pero fáciles de seguir",True,True,Texto breve + imagen,Principalmente visual,Texto breve + imagen,False,True,Alto: el error podría tener consecuencias importantes,Medio: el error podría causar cierta confusión o problema,Medio: el error podría causar cierta confusión o problema,False,False,"Explicaciones centradas en atributos o características concretas, Explicaciones basadas en reglas o razonamientos paso a paso, Explicaciones visuales (zonas destacadas en la imagen)","Explicaciones basadas en reglas o razonamientos paso a paso, Explicaciones visuales (zonas destacadas en la imagen)","Explicaciones centradas en atributos o características concretas, Explicaciones basadas en reglas o razonamientos paso a paso, Explicaciones visuales (zonas destacadas en la imagen)",False,True,0.6666666666666666,1.0,"Transparencia: entender por qué el sistema tomó esa decisión, Confianza: sentir mayor seguridad en la respuesta del sistema","Confianza: sentir mayor seguridad en la respuesta del sistema, Detección de errores(Debugging): detectar fallos, errores o comportamientos inesperados del sistema, Escrutinio: evaluar críticamente si la decisión del sistema es adecuada, razonable o justa","Confianza: sentir mayor seguridad en la respuesta del sistema, Detección de errores(Debugging): detectar fallos, errores o comportamientos inesperados del sistema, Escrutinio: evaluar críticamente si la decisión del sistema es adecuada, razonable o justa",False,False,0.16666666666666666,0.16666666666666666
C0011,U001,11,260,11,Opción B,Opción F (Ninguna),Opción B,False,True,Media: explicación breve con algo de detalle,Media: explicación breve con algo de detalle,Media: explicación breve con algo de detalle,True,True,"Intermedio: algunos términos técnicos, pero fáciles de seguir","Intermedio: algunos términos técnicos, pero fáciles de seguir","Intermedio: algunos términos técnicos, pero fáciles de seguir",True,True,Texto breve + imagen,Texto breve + imagen,Texto breve + imagen,True,True,Medio: el error podría causar cierta confusión o problema,Medio: el error podría causar cierta confusión o problema,Medio: el error podría causar cierta confusión o problema,True,True,"Explicaciones basadas en reglas o razonamientos paso a paso, Explicaciones visuales (zonas destacadas en la imagen)","Explicaciones centradas en atributos o características concretas, Explicaciones basadas en reglas o razonamientos paso a paso, Explicaciones visuales (zonas destacadas en la imagen)","Explicaciones centradas en atributos o características concretas, Explicaciones basadas en reglas o razonamientos paso a paso, Explicaciones visuales (zonas destacadas en la imagen)",False,False,0.6666666666666666,0.6666666666666666,"Confianza: sentir mayor seguridad en la respuesta del sistema, Detección de errores(Debugging): detectar fallos, errores o comportamientos inesperados del sistema, Escrutinio: evaluar críticamente si la decisión del sistema es adecuada, razonable o justa","Transparencia: entender por qué el sistema tomó esa decisión, Confianza: sentir mayor seguridad en la respuesta del sistema","Transparencia: entender por qué el sistema tomó esa decisión, Confianza: sentir mayor seguridad en la respuesta del sistema",False,False,0.16666666666666666,0.16666666666666666
C0022,U002,11,260,11,Opción B,Opción F (Ninguna),Opción B,False,True,Media: explicación breve con algo de detalle,Media: explicación breve con algo de detalle,Media: explicación breve con algo de detalle,True,True,Simple: lenguaje claro y sin tecnicismos,"Intermedio: algunos términos técnicos, pero fáciles de seguir","Intermedio: algunos términos técnicos, pero fáciles de seguir",False,False,Texto detallado + imagen,Texto breve + imagen,Texto breve + imagen,False,False,Medio: el error podría causar cierta confusión o problema,Medio: el error podría causar cierta confusión o problema,Medio: el error podría causar cierta confusión o problema,True,True,"Explicaciones con ejemplos similares, Explicaciones con comparaciones o contraejemplos, Explicaciones centradas en atributos o características concretas, Explicaciones basadas en reglas o razonamientos paso a paso, Explicaciones visuales (zonas destacadas en la imagen), No tengo preferencia / me da igual","Explicaciones centradas en atributos o características concretas, Explicaciones basadas en reglas o razonamientos paso a paso, Explicaciones visuales (zonas destacadas en la imagen)","Explicaciones centradas en atributos o características concretas, Explicaciones basadas en reglas o razonamientos paso a paso, Explicaciones visuales (zonas destacadas en la imagen)",False,False,0.5,0.5,"Transparencia: entender por qué el sistema tomó esa decisión, Efectividad: recibir una explicación útil para realizar mejor la tarea, Satisfacción: que la explicación resulte clara y útil para ti, Educación: aprender más sobre la imagen, el problema o el funcionamiento del sistema, Escrutinio: evaluar críticamente si la decisión del sistema es adecuada, razonable o justa","Transparencia: entender por qué el sistema tomó esa decisión, Detección de errores(Debugging): detectar fallos, errores o comportamientos inesperados del sistema, Educación: aprender más sobre la imagen, el problema o el funcionamiento del sistema, Escrutinio: evaluar críticamente si la decisión del sistema es adecuada, razonable o justa","Transparencia: entender por qué el sistema tomó esa decisión, Confianza: sentir mayor seguridad en la respuesta del sistema",False,False,0.5555555555555556,0.125
C0033,U003,11,260,11,Opción D,Opción F (Ninguna),Opción B,False,False,Corta: solo lo esencial,Media: explicación breve con algo de detalle,Media: explicación breve con algo de detalle,False,False,Técnico: explicación más especializada y precisa,"Intermedio: algunos términos técnicos, pero fáciles de seguir","Intermedio: algunos términos técnicos, pero fáciles de seguir",False,False,Texto breve + imagen,Texto breve + imagen,Texto breve + imagen,True,True,Alto: el error podría tener consecuencias importantes,Medio: el error podría causar cierta confusión o problema,Medio: el error podría causar cierta confusión o problema,False,False,"Explicaciones con ejemplos similares, Explicaciones con comparaciones o contraejemplos, Explicaciones visuales (zonas destacadas en la imagen)","Explicaciones con ejemplos similares, Explicaciones con comparaciones o contraejemplos, Explicaciones basadas en reglas o razonamientos paso a paso, Explicaciones visuales (zonas destacadas en la imagen)","Explicaciones centradas en atributos o características concretas, Explicaciones basadas en reglas o razonamientos paso a paso, Explicaciones visuales (zonas destacadas en la imagen)",False,False,0.75,0.2,"Transparencia: entender por qué el sistema tomó esa decisión, Satisfacción: que la explicación resulte clara y útil para ti, Detección de errores(Debugging): detectar fallos, errores o comportamientos inesperados del sistema, Educación: aprender más sobre la imagen, el problema o el funcionamiento del sistema","Transparencia: entender por qué el sistema tomó esa decisión, Eficiencia: comprender la respuesta de forma rápida, Efectividad: recibir una explicación útil para realizar mejor la tarea, Persuasión: convencerte de que la decisión del sistema está justificada, Detección de errores(Debugging): detectar fallos, errores o comportamientos inesperados del sistema, Escrutinio: evaluar críticamente si la decisión del sistema es adecuada, razonable o justa","Transparencia: entender por qué el sistema tomó esa decisión, Confianza: sentir mayor seguridad en la respuesta del sistema",False,False,0.2727272727272727,0.14285714285714285
C0044,U004,11,260,11,Opción E,Opción F (Ninguna),Opción A,False,False,Larga: explicación completa y detallada,Media: explicación breve con algo de detalle,Media: explicación breve con algo de detalle,False,False,"Intermedio: algunos términos técnicos, pero fáciles de seguir","Intermedio: algunos términos técnicos, pero fáciles de seguir","Intermedio: algunos términos técnicos, pero fáciles de seguir",True,True,Principalmente visual,Texto breve + imagen,Texto breve + imagen,False,False,Medio: el error podría causar cierta confusión o problema,Medio: el error podría causar cierta confusión o problema,Medio: el error podría causar cierta confusión o problema,True,True,"Explicaciones centradas en atributos o características concretas, Explicaciones basadas en reglas o razonamientos paso a paso, Explicaciones visuales (zonas destacadas en la imagen)","Explicaciones con ejemplos similares, Explicaciones con comparaciones o contraejemplos, Explicaciones visuales (zonas destacadas en la imagen)","Explicaciones centradas en atributos o características concretas, Explicaciones basadas en reglas o razonamientos paso a paso, Explicaciones visuales (zonas destacadas en la imagen)",False,True,0.2,1.0,"Transparencia: entender por qué el sistema tomó esa decisión, Eficiencia: comprender la respuesta de forma rápida, Satisfacción: que la explicación resulte clara y útil para ti","Transparencia: entender por qué el sistema tomó esa decisión, Detección de errores(Debugging): detectar fallos, errores o comportamientos inesperados del sistema, Educación: aprender más sobre la imagen, el problema o el funcionamiento del sistema, Escrutinio: evaluar críticamente si la decisión del sistema es adecuada, razonable o justa","Transparencia: entender por qué el sistema tomó esa decisión, Confianza: sentir mayor seguridad en la respuesta del sistema",False,False,0.1111111111111111,0.25
C0055,U005,11,260,11,Opción B,Opción F (Ninguna),Opción B,False,True,Media: explicación breve con algo de detalle,Media: explicación breve con algo de detalle,Media: explicación breve con algo de detalle,True,True,"Intermedio: algunos términos técnicos, pero fáciles de seguir","Intermedio: algunos términos técnicos, pero fáciles de seguir","Intermedio: algunos términos técnicos, pero fáciles de seguir",True,True,Texto breve + imagen,Texto breve + imagen,Texto breve + imagen,True,True,Medio: el error podría causar cierta confusión o problema,Medio: el error podría causar cierta confusión o problema,Medio: el error podría causar cierta confusión o problema,True,True,"Explicaciones con ejemplos similares, Explicaciones con comparaciones o contraejemplos, Explicaciones visuales (zonas destacadas en la imagen)","Explicaciones con comparaciones o contraejemplos, Explicaciones centradas en atributos o características concretas, Explicaciones visuales (zonas destacadas en la imagen)","Explicaciones centradas en atributos o características concretas, Explicaciones basadas en reglas o razonamientos paso a paso, Explicaciones visuales (zonas destacadas en la imagen)",False,False,0.5,0.2,"Transparencia: entender por qué el sistema tomó esa decisión, Eficiencia: comprender la respuesta de forma rápida, Confianza: sentir mayor seguridad en la respuesta del sistema","Eficiencia: comprender la respuesta de forma rápida, Satisfacción: que la explicación resulte clara y útil para ti, Detección de errores(Debugging): detectar fallos, errores o comportamientos inesperados del sistema","Transparencia: entender por qué el sistema tomó esa decisión, Confianza: sentir mayor seguridad en la respuesta del sistema",False,False,0.16666666666666666,0.6666666666666666
C0066,U006,11,260,11,Opción B,Opción F (Ninguna),Opción A,False,False,Corta: solo lo esencial,Media: explicación breve con algo de detalle,Media: explicación breve con algo de detalle,False,False,"Intermedio: algunos términos técnicos, pero fáciles de seguir","Intermedio: algunos términos técnicos, pero fáciles de seguir","Intermedio: algunos términos técnicos, pero fáciles de seguir",True,True,Texto breve + imagen,Texto breve + imagen,Texto breve + imagen,True,True,Medio: el error podría causar cierta confusión o problema,Medio: el error podría causar cierta confusión o problema,Medio: el error podría causar cierta confusión o problema,True,True,"Explicaciones centradas en atributos o características concretas, Explicaciones basadas en reglas o razonamientos paso a paso","Explicaciones centradas en atributos o características concretas, Explicaciones basadas en reglas o razonamientos paso a paso, Explicaciones visuales (zonas destacadas en la imagen)","Explicaciones centradas en atributos o características concretas, Explicaciones basadas en reglas o razonamientos paso a paso, Explicaciones visuales (zonas destacadas en la imagen)",False,False,0.6666666666666666,0.6666666666666666,"Transparencia: entender por qué el sistema tomó esa decisión, Confianza: sentir mayor seguridad en la respuesta del sistema","Transparencia: entender por qué el sistema tomó esa decisión, Confianza: sentir mayor seguridad en la respuesta del sistema, Efectividad: recibir una explicación útil para realizar mejor la tarea, Satisfacción: que la explicación resulte clara y útil para ti, Detección de errores(Debugging): detectar fallos, errores o comportamientos inesperados del sistema, Educación: aprender más sobre la imagen, el problema o el funcionamiento del sistema, Escrutinio: evaluar críticamente si la decisión del sistema es adecuada, razonable o justa","Confianza: sentir mayor seguridad en la respuesta del sistema, Detección de errores(Debugging): detectar fallos, errores o comportamientos inesperados del sistema, Escrutinio: evaluar críticamente si la decisión del sistema es adecuada, razonable o justa",False,False,0.2,0.16666666666666666
C0077,U007,11,260,11,Opción B,Opción F (Ninguna),Opción A,False,False,Corta: solo lo esencial,Media: explicación breve con algo de detalle,Media: explicación breve con algo de detalle,False,False,Simple: lenguaje claro y sin tecnicismos,"Intermedio: algunos términos técnicos, pero fáciles de seguir","Intermedio: algunos términos técnicos, pero fáciles de seguir",False,False,Texto breve + imagen,Texto breve + imagen,Texto breve + imagen,True,True,Bajo: el error apenas tendría consecuencias,Medio: el error podría causar cierta confusión o problema,Medio: el error podría causar cierta confusión o problema,False,False,"Explicaciones centradas en atributos o características concretas, Explicaciones basadas en reglas o razonamientos paso a paso","Explicaciones centradas en atributos o características concretas, Explicaciones basadas en reglas o razonamientos paso a paso, Explicaciones visuales (zonas destacadas en la imagen)","Explicaciones centradas en atributos o características concretas, Explicaciones basadas en reglas o razonamientos paso a paso, Explicaciones visuales (zonas destacadas en la imagen)",False,False,0.6666666666666666,0.6666666666666666,"Transparencia: entender por qué el sistema tomó esa decisión, Confianza: sentir mayor seguridad en la respuesta del sistema, Satisfacción: que la explicación resulte clara y útil para ti, Persuasión: convencerte de que la decisión del sistema está justificada, Detección de errores(Debugging): detectar fallos, errores o comportamientos inesperados del sistema","Transparencia: entender por qué el sistema tomó esa decisión, Eficiencia: comprender la respuesta de forma rápida, Confianza: sentir mayor seguridad en la respuesta del sistema","Transparencia: entender por qué el sistema tomó esa decisión, Confianza: sentir mayor seguridad en la respuesta del sistema",False,False,0.2857142857142857,0.3333333333333333
C0088,U008,11,260,11,Opción B,Opción F (Ninguna),Opción B,False,True,Media: explicación breve con algo de detalle,Media: explicación breve con algo de detalle,Media: explicación breve con algo de detalle,True,True,"Intermedio: algunos términos técnicos, pero fáciles de seguir","Intermedio: algunos términos técnicos, pero fáciles de seguir","Intermedio: algunos términos técnicos, pero fáciles de seguir",True,True,Texto breve + imagen,Texto breve + imagen,Texto breve + imagen,True,True,Medio: el error podría causar cierta confusión o problema,Medio: el error podría causar cierta confusión o problema,Medio: el error podría causar cierta confusión o problema,True,True,"Explicaciones con ejemplos similares, Explicaciones con comparaciones o contraejemplos","Explicaciones con ejemplos similares, Explicaciones con comparaciones o contraejemplos, Explicaciones visuales (zonas destacadas en la imagen)","Explicaciones centradas en atributos o características concretas, Explicaciones basadas en reglas o razonamientos paso a paso, Explicaciones visuales (zonas destacadas en la imagen)",False,False,0.6666666666666666,0.0,"Transparencia: entender por qué el sistema tomó esa decisión, Eficiencia: comprender la respuesta de forma rápida, Efectividad: recibir una explicación útil para realizar mejor la tarea, Satisfacción: que la explicación resulte clara y útil para ti","Eficiencia: comprender la respuesta de forma rápida, Satisfacción: que la explicación resulte clara y útil para ti, Detección de errores(Debugging): detectar fallos, errores o comportamientos inesperados del sistema","Transparencia: entender por qué el sistema tomó esa decisión, Confianza: sentir mayor seguridad en la respuesta del sistema",False,False,0.3333333333333333,0.2
C0099,U009,11,260,11,Opción B,Opción F (Ninguna),Opción B,False,True,Media: explicación breve con algo de detalle,Media: explicación breve con algo de detalle,Media: explicación breve con algo de detalle,True,True,Simple: lenguaje claro y sin tecnicismos,"Intermedio: algunos términos técnicos, pero fáciles de seguir","Intermedio: algunos términos técnicos, pero fáciles de seguir",False,False,Texto breve + imagen,Texto breve + imagen,Texto breve + imagen,True,True,Medio: el error podría causar cierta confusión o problema,Medio: el error podría causar cierta confusión o problema,Medio: el error podría causar cierta confusión o problema,True,True,"Explicaciones con ejemplos similares, Explicaciones basadas en reglas o razonamientos paso a paso, Explicaciones visuales (zonas destacadas en la imagen)","Explicaciones centradas en atributos o características concretas, Explicaciones basadas en reglas o razonamientos paso a paso, Explicaciones visuales (zonas destacadas en la imagen)","Explicaciones centradas en atributos o características concretas, Explicaciones basadas en reglas o razonamientos paso a paso, Explicaciones visuales (zonas destacadas en la imagen)",False,False,0.5,0.5,"Eficiencia: comprender la respuesta de forma rápida, Efectividad: recibir una explicación útil para realizar mejor la tarea","Transparencia: entender por qué el sistema tomó esa decisión, Confianza: sentir mayor seguridad en la respuesta del sistema","Transparencia: entender por qué el sistema tomó esa decisión, Confianza: sentir mayor seguridad en la respuesta del sistema",False,False,0.0,0.0
C0110,U010,11,260,11,Opción E,Opción F (Ninguna),Opción B,False,False,Corta: solo lo esencial,Media: explicación breve con algo de detalle,Media: explicación breve con algo de detalle,False,False,Simple: lenguaje claro y sin tecnicismos,"Intermedio: algunos términos técnicos, pero fáciles de seguir","Intermedio: algunos términos técnicos, pero fáciles de seguir",False,False,Me da igual,Texto breve + imagen,Texto breve + imagen,False,False,Medio: el error podría causar cierta confusión o problema,Medio: el error podría causar cierta confusión o problema,Medio: el error podría causar cierta confusión o problema,True,True,No tengo preferencia / me da igual,"Explicaciones con ejemplos similares, Explicaciones con comparaciones o contraejemplos, Explicaciones visuales (zonas destacadas en la imagen)","Explicaciones centradas en atributos o características concretas, Explicaciones basadas en reglas o razonamientos paso a paso, Explicaciones visuales (zonas destacadas en la imagen)",False,False,0.0,0.0,"Eficiencia: comprender la respuesta de forma rápida, Confianza: sentir mayor seguridad en la respuesta del sistema","Transparencia: entender por qué el sistema tomó esa decisión, Detección de errores(Debugging): detectar fallos, errores o comportamientos inesperados del sistema, Educación: aprender más sobre la imagen, el problema o el funcionamiento del sistema","Transparencia: entender por qué el sistema tomó esa decisión, Confianza: sentir mayor seguridad en la respuesta del sistema",False,False,0.0,0.3333333333333333
C0121,U011,11,260,11,Opción B,Opción F (Ninguna),Opción A,False,False,Media: explicación breve con algo de detalle,Media: explicación breve con algo de detalle,Media: explicación breve con algo de detalle,True,True,"Intermedio: algunos términos técnicos, pero fáciles de seguir","Intermedio: algunos términos técnicos, pero fáciles de seguir","Intermedio: algunos términos técnicos, pero fáciles de seguir",True,True,Texto detallado + imagen,Texto breve + imagen,Texto breve + imagen,False,False,Medio: el error podría causar cierta confusión o problema,Medio: el error podría causar cierta confusión o problema,Medio: el error podría causar cierta confusión o problema,True,True,"Explicaciones con ejemplos similares, Explicaciones con comparaciones o contraejemplos, Explicaciones basadas en reglas o razonamientos paso a paso, Explicaciones visuales (zonas destacadas en la imagen)","Explicaciones con ejemplos similares, Explicaciones con comparaciones o contraejemplos, Explicaciones visuales (zonas destacadas en la imagen)","Explicaciones centradas en atributos o características concretas, Explicaciones basadas en reglas o razonamientos paso a paso, Explicaciones visuales (zonas destacadas en la imagen)",False,False,0.75,0.4,"Transparencia: entender por qué el sistema tomó esa decisión, Eficiencia: comprender la respuesta de forma rápida, Efectividad: recibir una explicación útil para realizar mejor la tarea, Persuasión: convencerte de que la decisión del sistema está justificada, Detección de errores(Debugging): detectar fallos, errores o comportamientos inesperados del sistema, Escrutinio: evaluar críticamente si la decisión del sistema es adecuada, razonable o justa","Transparencia: entender por qué el sistema tomó esa decisión, Satisfacción: que la explicación resulte clara y útil para ti, Detección de errores(Debugging): detectar fallos, errores o comportamientos inesperados del sistema, Educación: aprender más sobre la imagen, el problema o el funcionamiento del sistema","Transparencia: entender por qué el sistema tomó esa decisión, Confianza: sentir mayor seguridad en la respuesta del sistema",False,False,0.2727272727272727,0.1111111111111111
C0132,U012,11,260,11,Opción B,Opción F (Ninguna),Opción B,False,True,Corta: solo lo esencial,Media: explicación breve con algo de detalle,Media: explicación breve con algo de detalle,False,False,"Intermedio: algunos términos técnicos, pero fáciles de seguir","Intermedio: algunos términos técnicos, pero fáciles de seguir","Intermedio: algunos términos técnicos, pero fáciles de seguir",True,True,Texto breve + imagen,Texto breve + imagen,Texto breve + imagen,True,True,Alto: el error podría tener consecuencias importantes,Medio: el error podría causar cierta confusión o problema,Medio: el error podría causar cierta confusión o problema,False,False,"Explicaciones con comparaciones o contraejemplos, Explicaciones centradas en atributos o características concretas, Explicaciones visuales (zonas destacadas en la imagen)","Explicaciones con ejemplos similares, Explicaciones con comparaciones o contraejemplos, Explicaciones visuales (zonas destacadas en la imagen)","Explicaciones centradas en atributos o características concretas, Explicaciones basadas en reglas o razonamientos paso a paso, Explicaciones visuales (zonas destacadas en la imagen)",False,False,0.5,0.5,"Transparencia: entender por qué el sistema tomó esa decisión, Eficiencia: comprender la respuesta de forma rápida, Satisfacción: que la explicación resulte clara y útil para ti, Detección de errores(Debugging): detectar fallos, errores o comportamientos inesperados del sistema, Escrutinio: evaluar críticamente si la decisión del sistema es adecuada, razonable o justa","Confianza: sentir mayor seguridad en la respuesta del sistema, Efectividad: recibir una explicación útil para realizar mejor la tarea, Satisfacción: que la explicación resulte clara y útil para ti, Detección de errores(Debugging): detectar fallos, errores o comportamientos inesperados del sistema","Transparencia: entender por qué el sistema tomó esa decisión, Confianza: sentir mayor seguridad en la respuesta del sistema",False,False,0.3333333333333333,0.125
C0143,U013,11,260,11,Opción B,Opción F (Ninguna),Opción B,False,True,Corta: solo lo esencial,Media: explicación breve con algo de detalle,Media: explicación breve con algo de detalle,False,False,Simple: lenguaje claro y sin tecnicismos,"Intermedio: algunos términos técnicos, pero fáciles de seguir","Intermedio: algunos términos técnicos, pero fáciles de seguir",False,False,Me da igual,Texto breve + imagen,Texto breve + imagen,False,False,Medio: el error podría causar cierta confusión o problema,Medio: el error podría causar cierta confusión o problema,Medio: el error podría causar cierta confusión o problema,True,True,No tengo preferencia / me da igual,No tengo preferencia / me da igual,"Explicaciones centradas en atributos o características concretas, Explicaciones basadas en reglas o razonamientos paso a paso, Explicaciones visuales (zonas destacadas en la imagen)",True,False,1.0,0.0,"Educación: aprender más sobre la imagen, el problema o el funcionamiento del sistema","Eficiencia: comprender la respuesta de forma rápida, Confianza: sentir mayor seguridad en la respuesta del sistema","Transparencia: entender por qué el sistema tomó esa decisión, Confianza: sentir mayor seguridad en la respuesta del sistema",False,False,0.0,0.0
C0154,U014,11,260,11,Opción B,Opción F (Ninguna),Opción B,False,True,Larga: explicación completa y detallada,Media: explicación breve con algo de detalle,Media: explicación breve con algo de detalle,False,False,"Intermedio: algunos términos técnicos, pero fáciles de seguir","Intermedio: algunos términos técnicos, pero fáciles de seguir","Intermedio: algunos términos técnicos, pero fáciles de seguir",True,True,Texto detallado + imagen,Texto breve + imagen,Texto breve + imagen,False,False,Medio: el error podría causar cierta confusión o problema,Medio: el error podría causar cierta confusión o problema,Medio: el error podría causar cierta confusión o problema,True,True,"Explicaciones con comparaciones o contraejemplos, Explicaciones centradas en atributos o características concretas, Explicaciones basadas en reglas o razonamientos paso a paso","Explicaciones con comparaciones o contraejemplos, Explicaciones visuales (zonas destacadas en la imagen)","Explicaciones centradas en atributos o características concretas, Explicaciones basadas en reglas o razonamientos paso a paso, Explicaciones visuales (zonas destacadas en la imagen)",False,False,0.25,0.5,"Transparencia: entender por qué el sistema tomó esa decisión, Confianza: sentir mayor seguridad en la respuesta del sistema, Efectividad: recibir una explicación útil para realizar mejor la tarea, Satisfacción: que la explicación resulte clara y útil para ti, Detección de errores(Debugging): detectar fallos, errores o comportamientos inesperados del sistema, Educación: aprender más sobre la imagen, el problema o el funcionamiento del sistema, Escrutinio: evaluar críticamente si la decisión del sistema es adecuada, razonable o justa","Transparencia: entender por qué el sistema tomó esa decisión, Confianza: sentir mayor seguridad en la respuesta del sistema","Transparencia: entender por qué el sistema tomó esa decisión, Confianza: sentir mayor seguridad en la respuesta del sistema",False,False,0.2,0.2
C0165,U015,11,260,11,Opción B,Opción F (Ninguna),Opción B,False,True,Media: explicación breve con algo de detalle,Media: explicación breve con algo de detalle,Media: explicación breve con algo de detalle,True,True,"Intermedio: algunos términos técnicos, pero fáciles de seguir","Intermedio: algunos términos técnicos, pero fáciles de seguir","Intermedio: algunos términos técnicos, pero fáciles de seguir",True,True,Texto detallado + imagen,Texto breve + imagen,Texto breve + imagen,False,False,Alto: el error podría tener consecuencias importantes,Medio: el error podría causar cierta confusión o problema,Medio: el error podría causar cierta confusión o problema,False,False,"Explicaciones con comparaciones o contraejemplos, Explicaciones visuales (zonas destacadas en la imagen)","Explicaciones centradas en atributos o características concretas, Explicaciones basadas en reglas o razonamientos paso a paso, Explicaciones visuales (zonas destacadas en la imagen)","Explicaciones centradas en atributos o características concretas, Explicaciones basadas en reglas o razonamientos paso a paso, Explicaciones visuales (zonas destacadas en la imagen)",False,False,0.25,0.25,"Transparencia: entender por qué el sistema tomó esa decisión, Detección de errores(Debugging): detectar fallos, errores o comportamientos inesperados del sistema, Educación: aprender más sobre la imagen, el problema o el funcionamiento del sistema, Escrutinio: evaluar críticamente si la decisión del sistema es adecuada, razonable o justa","Confianza: sentir mayor seguridad en la respuesta del sistema, Detección de errores(Debugging): detectar fallos, errores o comportamientos inesperados del sistema, Escrutinio: evaluar críticamente si la decisión del sistema es adecuada, razonable o justa","Transparencia: entender por qué el sistema tomó esa decisión, Confianza: sentir mayor seguridad en la respuesta del sistema",False,False,0.5,0.125
C0176,U016,11,260,11,Opción B,Opción F (Ninguna),Opción B,False,True,Media: explicación breve con algo de detalle,Media: explicación breve con algo de detalle,Media: explicación breve con algo de detalle,True,True,"Intermedio: algunos términos técnicos, pero fáciles de seguir","Intermedio: algunos términos técnicos, pero fáciles de seguir","Intermedio: algunos términos técnicos, pero fáciles de seguir",True,True,Texto breve + imagen,Texto breve + imagen,Texto breve + imagen,True,True,Medio: el error podría causar cierta confusión o problema,Medio: el error podría causar cierta confusión o problema,Medio: el error podría causar cierta confusión o problema,True,True,"Explicaciones con ejemplos similares, Explicaciones basadas en reglas o razonamientos paso a paso, Explicaciones visuales (zonas destacadas en la imagen)","Explicaciones con ejemplos similares, Explicaciones con comparaciones o contraejemplos, Explicaciones visuales (zonas destacadas en la imagen)","Explicaciones centradas en atributos o características concretas, Explicaciones basadas en reglas o razonamientos paso a paso, Explicaciones visuales (zonas destacadas en la imagen)",False,False,0.5,0.5,"Confianza: sentir mayor seguridad en la respuesta del sistema, Efectividad: recibir una explicación útil para realizar mejor la tarea, Satisfacción: que la explicación resulte clara y útil para ti, Detección de errores(Debugging): detectar fallos, errores o comportamientos inesperados del sistema","Efectividad: recibir una explicación útil para realizar mejor la tarea, Satisfacción: que la explicación resulte clara y útil para ti","Transparencia: entender por qué el sistema tomó esa decisión, Confianza: sentir mayor seguridad en la respuesta del sistema",False,False,0.4,0.16666666666666666
C0187,U017,11,260,11,Opción B,Opción F (Ninguna),Opción A,False,False,Media: explicación breve con algo de detalle,Media: explicación breve con algo de detalle,Media: explicación breve con algo de detalle,True,True,"Intermedio: algunos términos técnicos, pero fáciles de seguir","Intermedio: algunos términos técnicos, pero fáciles de seguir","Intermedio: algunos términos técnicos, pero fáciles de seguir",True,True,Principalmente visual,Texto breve + imagen,Texto breve + imagen,False,False,Alto: el error podría tener consecuencias importantes,Medio: el error podría causar cierta confusión o problema,Medio: el error podría causar cierta confusión o problema,False,False,"Explicaciones con comparaciones o contraejemplos, Explicaciones visuales (zonas destacadas en la imagen)","Explicaciones con ejemplos similares, Explicaciones con comparaciones o contraejemplos, Explicaciones visuales (zonas destacadas en la imagen)","Explicaciones centradas en atributos o características concretas, Explicaciones basadas en reglas o razonamientos paso a paso, Explicaciones visuales (zonas destacadas en la imagen)",False,False,0.6666666666666666,0.25,"Transparencia: entender por qué el sistema tomó esa decisión, Detección de errores(Debugging): detectar fallos, errores o comportamientos inesperados del sistema, Educación: aprender más sobre la imagen, el problema o el funcionamiento del sistema","Eficiencia: comprender la respuesta de forma rápida, Confianza: sentir mayor seguridad en la respuesta del sistema","Transparencia: entender por qué el sistema tomó esa decisión, Confianza: sentir mayor seguridad en la respuesta del sistema",False,False,0.0,0.16666666666666666
C0198,U018,11,260,11,Opción E,Opción F (Ninguna),Opción B,False,False,Media: explicación breve con algo de detalle,Media: explicación breve con algo de detalle,Media: explicación breve con algo de detalle,True,True,"Intermedio: algunos términos técnicos, pero fáciles de seguir","Intermedio: algunos términos técnicos, pero fáciles de seguir","Intermedio: algunos términos técnicos, pero fáciles de seguir",True,True,Texto breve + imagen,Texto breve + imagen,Texto breve + imagen,True,True,Medio: el error podría causar cierta confusión o problema,Medio: el error podría causar cierta confusión o problema,Medio: el error podría causar cierta confusión o problema,True,True,Explicaciones con comparaciones o contraejemplos,"Explicaciones con ejemplos similares, Explicaciones basadas en reglas o razonamientos paso a paso, Explicaciones visuales (zonas destacadas en la imagen)","Explicaciones centradas en atributos o características concretas, Explicaciones basadas en reglas o razonamientos paso a paso, Explicaciones visuales (zonas destacadas en la imagen)",False,False,0.0,0.0,"Efectividad: recibir una explicación útil para realizar mejor la tarea, Satisfacción: que la explicación resulte clara y útil para ti","Confianza: sentir mayor seguridad en la respuesta del sistema, Efectividad: recibir una explicación útil para realizar mejor la tarea, Satisfacción: que la explicación resulte clara y útil para ti, Detección de errores(Debugging): detectar fallos, errores o comportamientos inesperados del sistema","Transparencia: entender por qué el sistema tomó esa decisión, Confianza: sentir mayor seguridad en la respuesta del sistema",False,False,0.4,0.0
C0209,U019,11,260,11,Opción B,Opción F (Ninguna),Opción B,False,True,Media: explicación breve con algo de detalle,Media: explicación breve con algo de detalle,Media: explicación breve con algo de detalle,True,True,"Intermedio: algunos términos técnicos, pero fáciles de seguir","Intermedio: algunos términos técnicos, pero fáciles de seguir","Intermedio: algunos términos técnicos, pero fáciles de seguir",True,True,Texto detallado + imagen,Texto breve + imagen,Texto breve + imagen,False,False,Alto: el error podría tener consecuencias importantes,Medio: el error podría causar cierta confusión o problema,Medio: el error podría causar cierta confusión o problema,False,False,"Explicaciones con ejemplos similares, Explicaciones con comparaciones o contraejemplos, Explicaciones centradas en atributos o características concretas","Explicaciones centradas en atributos o características concretas, Explicaciones basadas en reglas o razonamientos paso a paso, Explicaciones visuales (zonas destacadas en la imagen)","Explicaciones centradas en atributos o características concretas, Explicaciones basadas en reglas o razonamientos paso a paso, Explicaciones visuales (zonas destacadas en la imagen)",False,False,0.2,0.2,"Transparencia: entender por qué el sistema tomó esa decisión, Confianza: sentir mayor seguridad en la respuesta del sistema, Efectividad: recibir una explicación útil para realizar mejor la tarea, Satisfacción: que la explicación resulte clara y útil para ti","Transparencia: entender por qué el sistema tomó esa decisión, Detección de errores(Debugging): detectar fallos, errores o comportamientos inesperados del sistema, Escrutinio: evaluar críticamente si la decisión del sistema es adecuada, razonable o justa","Transparencia: entender por qué el sistema tomó esa decisión, Confianza: sentir mayor seguridad en la respuesta del sistema",False,False,0.125,0.5
C0220,U020,11,260,11,Opción E,Opción F (Ninguna),Opción B,False,False,Media: explicación breve con algo de detalle,Media: explicación breve con algo de detalle,Media: explicación breve con algo de detalle,True,True,"Intermedio: algunos términos técnicos, pero fáciles de seguir","Intermedio: algunos términos técnicos, pero fáciles de seguir","Intermedio: algunos términos técnicos, pero fáciles de seguir",True,True,Texto detallado + imagen,Texto breve + imagen,Texto breve + imagen,False,False,Alto: el error podría tener consecuencias importantes,Medio: el error podría causar cierta confusión o problema,Medio: el error podría causar cierta confusión o problema,False,False,"Explicaciones centradas en atributos o características concretas, Explicaciones basadas en reglas o razonamientos paso a paso, Explicaciones visuales (zonas destacadas en la imagen)","Explicaciones centradas en atributos o características concretas, Explicaciones basadas en reglas o razonamientos paso a paso, Explicaciones visuales (zonas destacadas en la imagen)","Explicaciones centradas en atributos o características concretas, Explicaciones basadas en reglas o razonamientos paso a paso, Explicaciones visuales (zonas destacadas en la imagen)",True,True,1.0,1.0,"Transparencia: entender por qué el sistema tomó esa decisión, Confianza: sentir mayor seguridad en la respuesta del sistema, Satisfacción: que la explicación resulte clara y útil para ti, Educación: aprender más sobre la imagen, el problema o el funcionamiento del sistema","Eficiencia: comprender la respuesta de forma rápida, Confianza: sentir mayor seguridad en la respuesta del sistema","Transparencia: entender por qué el sistema tomó esa decisión, Confianza: sentir mayor seguridad en la respuesta del sistema",False,False,0.16666666666666666,0.4
C0231,U021,11,260,11,Opción B,Opción F (Ninguna),Opción A,False,False,Media: explicación breve con algo de detalle,Media: explicación breve con algo de detalle,Media: explicación breve con algo de detalle,True,True,"Intermedio: algunos términos técnicos, pero fáciles de seguir","Intermedio: algunos términos técnicos, pero fáciles de seguir","Intermedio: algunos términos técnicos, pero fáciles de seguir",True,True,Texto breve + imagen,Texto breve + imagen,Texto breve + imagen,True,True,Alto: el error podría tener consecuencias importantes,Medio: el error podría causar cierta confusión o problema,Medio: el error podría causar cierta confusión o problema,False,False,"Explicaciones centradas en atributos o características concretas, Explicaciones visuales (zonas destacadas en la imagen)","Explicaciones centradas en atributos o características concretas, Explicaciones basadas en reglas o razonamientos paso a paso, Explicaciones visuales (zonas destacadas en la imagen)","Explicaciones centradas en atributos o características concretas, Explicaciones basadas en reglas o razonamientos paso a paso, Explicaciones visuales (zonas destacadas en la imagen)",False,False,0.6666666666666666,0.6666666666666666,"Transparencia: entender por qué el sistema tomó esa decisión, Eficiencia: comprender la respuesta de forma rápida, Efectividad: recibir una explicación útil para realizar mejor la tarea, Detección de errores(Debugging): detectar fallos, errores o comportamientos inesperados del sistema","Transparencia: entender por qué el sistema tomó esa decisión, Detección de errores(Debugging): detectar fallos, errores o comportamientos inesperados del sistema, Educación: aprender más sobre la imagen, el problema o el funcionamiento del sistema, Escrutinio: evaluar críticamente si la decisión del sistema es adecuada, razonable o justa","Transparencia: entender por qué el sistema tomó esa decisión, Confianza: sentir mayor seguridad en la respuesta del sistema",False,False,0.3333333333333333,0.16666666666666666
C0242,U022,11,260,11,Opción B,Opción F (Ninguna),Opción B,False,True,Media: explicación breve con algo de detalle,Media: explicación breve con algo de detalle,Media: explicación breve con algo de detalle,True,True,"Intermedio: algunos términos técnicos, pero fáciles de seguir","Intermedio: algunos términos técnicos, pero fáciles de seguir","Intermedio: algunos términos técnicos, pero fáciles de seguir",True,True,Texto breve + imagen,Texto breve + imagen,Texto breve + imagen,True,True,Medio: el error podría causar cierta confusión o problema,Medio: el error podría causar cierta confusión o problema,Medio: el error podría causar cierta confusión o problema,True,True,Explicaciones visuales (zonas destacadas en la imagen),"Explicaciones con ejemplos similares, Explicaciones basadas en reglas o razonamientos paso a paso, Explicaciones visuales (zonas destacadas en la imagen)","Explicaciones centradas en atributos o características concretas, Explicaciones basadas en reglas o razonamientos paso a paso, Explicaciones visuales (zonas destacadas en la imagen)",False,False,0.3333333333333333,0.3333333333333333,"Eficiencia: comprender la respuesta de forma rápida, Efectividad: recibir una explicación útil para realizar mejor la tarea, Satisfacción: que la explicación resulte clara y útil para ti, Detección de errores(Debugging): detectar fallos, errores o comportamientos inesperados del sistema","Transparencia: entender por qué el sistema tomó esa decisión, Confianza: sentir mayor seguridad en la respuesta del sistema","Transparencia: entender por qué el sistema tomó esa decisión, Confianza: sentir mayor seguridad en la respuesta del sistema",False,False,0.0,0.0
C0253,U023,11,260,11,Opción A,Opción F (Ninguna),Opción B,False,False,Corta: solo lo esencial,Media: explicación breve con algo de detalle,Media: explicación breve con algo de detalle,False,False,Simple: lenguaje claro y sin tecnicismos,"Intermedio: algunos términos técnicos, pero fáciles de seguir","Intermedio: algunos términos técnicos, pero fáciles de seguir",False,False,Texto breve + imagen,Texto breve + imagen,Texto breve + imagen,True,True,Medio: el error podría causar cierta confusión o problema,Medio: el error podría causar cierta confusión o problema,Medio: el error podría causar cierta confusión o problema,True,True,"Explicaciones con ejemplos similares, Explicaciones con comparaciones o contraejemplos, Explicaciones basadas en reglas o razonamientos paso a paso, Explicaciones visuales (zonas destacadas en la imagen)","Explicaciones con ejemplos similares, Explicaciones con comparaciones o contraejemplos, Explicaciones visuales (zonas destacadas en la imagen)","Explicaciones centradas en atributos o características concretas, Explicaciones basadas en reglas o razonamientos paso a paso, Explicaciones visuales (zonas destacadas en la imagen)",False,False,0.75,0.4,"Transparencia: entender por qué el sistema tomó esa decisión, Eficiencia: comprender la respuesta de forma rápida, Confianza: sentir mayor seguridad en la respuesta del sistema, Efectividad: recibir una explicación útil para realizar mejor la tarea, Satisfacción: que la explicación resulte clara y útil para ti, Persuasión: convencerte de que la decisión del sistema está justificada, Detección de errores(Debugging): detectar fallos, errores o comportamientos inesperados del sistema, Educación: aprender más sobre la imagen, el problema o el funcionamiento del sistema, Escrutinio: evaluar críticamente si la decisión del sistema es adecuada, razonable o justa","Transparencia: entender por qué el sistema tomó esa decisión, Confianza: sentir mayor seguridad en la respuesta del sistema","Transparencia: entender por qué el sistema tomó esa decisión, Confianza: sentir mayor seguridad en la respuesta del sistema",False,False,0.16666666666666666,0.16666666666666666
C0264,U024,11,260,11,Opción F (Ninguna),Opción F (Ninguna),Opción B,True,False,Media: explicación breve con algo de detalle,Media: explicación breve con algo de detalle,Media: explicación breve con algo de detalle,True,True,"Intermedio: algunos términos técnicos, pero fáciles de seguir","Intermedio: algunos términos técnicos, pero fáciles de seguir","Intermedio: algunos términos técnicos, pero fáciles de seguir",True,True,Texto breve + imagen,Texto breve + imagen,Texto breve + imagen,True,True,Medio: el error podría causar cierta confusión o problema,Medio: el error podría causar cierta confusión o problema,Medio: el error podría causar cierta confusión o problema,True,True,"Explicaciones con ejemplos similares, Explicaciones con comparaciones o contraejemplos, Explicaciones visuales (zonas destacadas en la imagen)","Explicaciones con comparaciones o contraejemplos, Explicaciones visuales (zonas destacadas en la imagen)","Explicaciones centradas en atributos o características concretas, Explicaciones basadas en reglas o razonamientos paso a paso, Explicaciones visuales (zonas destacadas en la imagen)",False,False,0.6666666666666666,0.2,"Eficiencia: comprender la respuesta de forma rápida, Satisfacción: que la explicación resulte clara y útil para ti, Detección de errores(Debugging): detectar fallos, errores o comportamientos inesperados del sistema","Transparencia: entender por qué el sistema tomó esa decisión, Eficiencia: comprender la respuesta de forma rápida, Efectividad: recibir una explicación útil para realizar mejor la tarea, Satisfacción: que la explicación resulte clara y útil para ti","Transparencia: entender por qué el sistema tomó esa decisión, Confianza: sentir mayor seguridad en la respuesta del sistema",False,False,0.3333333333333333,0.0
C0275,U025,11,260,11,Opción B,Opción F (Ninguna),Opción A,False,False,Media: explicación breve con algo de detalle,Media: explicación breve con algo de detalle,Media: explicación breve con algo de detalle,True,True,"Intermedio: algunos términos técnicos, pero fáciles de seguir","Intermedio: algunos términos técnicos, pero fáciles de seguir","Intermedio: algunos términos técnicos, pero fáciles de seguir",True,True,Texto breve + imagen,Texto breve + imagen,Texto breve + imagen,True,True,Medio: el error podría causar cierta confusión o problema,Alto: el error podría tener consecuencias importantes,Medio: el error podría causar cierta confusión o problema,False,True,"Explicaciones centradas en atributos o características concretas, Explicaciones basadas en reglas o razonamientos paso a paso, Explicaciones visuales (zonas destacadas en la imagen)","Explicaciones centradas en atributos o características concretas, Explicaciones basadas en reglas o razonamientos paso a paso","Explicaciones centradas en atributos o características concretas, Explicaciones basadas en reglas o razonamientos paso a paso, Explicaciones visuales (zonas destacadas en la imagen)",False,True,0.6666666666666666,1.0,"Transparencia: entender por qué el sistema tomó esa decisión, Detección de errores(Debugging): detectar fallos, errores o comportamientos inesperados del sistema, Escrutinio: evaluar críticamente si la decisión del sistema es adecuada, razonable o justa","Transparencia: entender por qué el sistema tomó esa decisión, Confianza: sentir mayor seguridad en la respuesta del sistema","Transparencia: entender por qué el sistema tomó esa decisión, Confianza: sentir mayor seguridad en la respuesta del sistema",False,False,0.16666666666666666,0.16666666666666666
C0286,U026,11,260,11,Opción B,Opción F (Ninguna),Opción B,False,True,Larga: explicación completa y detallada,Media: explicación breve con algo de detalle,Media: explicación breve con algo de detalle,False,False,"Intermedio: algunos términos técnicos, pero fáciles de seguir","Intermedio: algunos términos técnicos, pero fáciles de seguir","Intermedio: algunos términos técnicos, pero fáciles de seguir",True,True,Principalmente visual,Texto breve + imagen,Texto breve + imagen,False,False,Alto: el error podría tener consecuencias importantes,Medio: el error podría causar cierta confusión o problema,Medio: el error podría causar cierta confusión o problema,False,False,"Explicaciones con ejemplos similares, Explicaciones basadas en reglas o razonamientos paso a paso","Explicaciones centradas en atributos o características concretas, Explicaciones basadas en reglas o razonamientos paso a paso, Explicaciones visuales (zonas destacadas en la imagen)","Explicaciones centradas en atributos o características concretas, Explicaciones basadas en reglas o razonamientos paso a paso, Explicaciones visuales (zonas destacadas en la imagen)",False,False,0.25,0.25,"Transparencia: entender por qué el sistema tomó esa decisión, Confianza: sentir mayor seguridad en la respuesta del sistema, Detección de errores(Debugging): detectar fallos, errores o comportamientos inesperados del sistema, Escrutinio: evaluar críticamente si la decisión del sistema es adecuada, razonable o justa","Confianza: sentir mayor seguridad en la respuesta del sistema, Detección de errores(Debugging): detectar fallos, errores o comportamientos inesperados del sistema, Escrutinio: evaluar críticamente si la decisión del sistema es adecuada, razonable o justa","Transparencia: entender por qué el sistema tomó esa decisión, Confianza: sentir mayor seguridad en la respuesta del sistema",False,False,0.8333333333333334,0.3333333333333333
C0297,U027,11,260,11,Opción B,Opción F (Ninguna),Opción A,False,False,Media: explicación breve con algo de detalle,Media: explicación breve con algo de detalle,Media: explicación breve con algo de detalle,True,True,"Intermedio: algunos términos técnicos, pero fáciles de seguir","Intermedio: algunos términos técnicos, pero fáciles de seguir","Intermedio: algunos términos técnicos, pero fáciles de seguir",True,True,Texto breve + imagen,Texto breve + imagen,Texto breve + imagen,True,True,Alto: el error podría tener consecuencias importantes,Medio: el error podría causar cierta confusión o problema,Medio: el error podría causar cierta confusión o problema,False,False,"Explicaciones centradas en atributos o características concretas, Explicaciones basadas en reglas o razonamientos paso a paso, Explicaciones visuales (zonas destacadas en la imagen)","Explicaciones con comparaciones o contraejemplos, Explicaciones visuales (zonas destacadas en la imagen)","Explicaciones centradas en atributos o características concretas, Explicaciones basadas en reglas o razonamientos paso a paso, Explicaciones visuales (zonas destacadas en la imagen)",False,True,0.25,1.0,"Transparencia: entender por qué el sistema tomó esa decisión, Confianza: sentir mayor seguridad en la respuesta del sistema","Confianza: sentir mayor seguridad en la respuesta del sistema, Detección de errores(Debugging): detectar fallos, errores o comportamientos inesperados del sistema, Escrutinio: evaluar críticamente si la decisión del sistema es adecuada, razonable o justa","Confianza: sentir mayor seguridad en la respuesta del sistema, Detección de errores(Debugging): detectar fallos, errores o comportamientos inesperados del sistema, Escrutinio: evaluar críticamente si la decisión del sistema es adecuada, razonable o justa",False,False,0.16666666666666666,0.16666666666666666
