case_id,user_id,image_id,image_label,selected_option,satisfaction,confidence,understanding,mean_helpfulness,age_range,education_level,occupation_raw,ai_knowledge_level,domain_knowledge_level,preferred_response_length,preferred_technical_level,preferred_format,perceived_error_impact,preferred_explanation_types_raw,main_goals_raw,case_local_id,timestamp,occupation_list,ai_knowledge_raw,ai_knowledge_desc,domain_knowledge_raw,domain_knowledge_desc,preferred_explanation_types_list,main_goals_list,free_comment,original_image_path,domain,model_predicted_class,model_confidence,initial_description,vqa_support_description,option_A_type,option_B_type,option_C_type,option_D_type,option_E_type,option_F_type
C0001,U001,1,img_01,Opción B,4,5,4,4.333333333333333,18–24,Grado,"Estudiante, Investigador/a (académico)",4,3,Media: explicación breve con algo de detalle,"Intermedio: algunos términos técnicos, pero fáciles de seguir",Texto breve + imagen,Medio: el error podría causar cierta confusión o problema,"Explicaciones basadas en reglas o razonamientos paso a paso, Explicaciones visuales (zonas destacadas en la imagen)","Confianza: sentir mayor seguridad en la respuesta del sistema, Detección de errores(Debugging): detectar fallos, errores o comportamientos inesperados del sistema, Escrutinio: evaluar críticamente si la decisión del sistema es adecuada, razonable o justa",1,2026-03-24 12:11:51.041,"[""Estudiante"", ""Investigador/a (académico)""]","4 Nivel técnico: he estudiado IA/ML o he hecho proyectos; entiendo métricas, redes neuronales, overfitting, etc.","Nivel técnico: he estudiado IA/ML o he hecho proyectos; entiendo métricas, redes neuronales, overfitting, etc.",3 Intermedio: suelo identificar bastantes y entiendo rasgos/hábitats generales.,Intermedio: suelo identificar bastantes y entiendo rasgos/hábitats generales.,"[""Explicaciones basadas en reglas o razonamientos paso a paso"", ""Explicaciones visuales (zonas destacadas en la imagen)""]","[""Confianza: sentir mayor seguridad en la respuesta del sistema"", ""Detección de errores(Debugging): detectar fallos"", ""errores o comportamientos inesperados del sistema"", ""Escrutinio: evaluar críticamente si la decisión del sistema es adecuada"", ""razonable o justa""]","Igual para gente más inexperta explicación breve de los diferentes tipos de detección, para saber como funciona y poder contestar mejor las preguntas.",,Animales salvajes,,,,,Anchor,Grad-CAM,IG,LIME,Saliency,
C0002,U001,2,img_02,Opción A,4,5,4,4.333333333333333,18–24,Grado,"Estudiante, Investigador/a (académico)",4,3,Media: explicación breve con algo de detalle,"Intermedio: algunos términos técnicos, pero fáciles de seguir",Texto breve + imagen,Medio: el error podría causar cierta confusión o problema,"Explicaciones basadas en reglas o razonamientos paso a paso, Explicaciones visuales (zonas destacadas en la imagen)","Confianza: sentir mayor seguridad en la respuesta del sistema, Detección de errores(Debugging): detectar fallos, errores o comportamientos inesperados del sistema, Escrutinio: evaluar críticamente si la decisión del sistema es adecuada, razonable o justa",2,2026-03-24 12:11:51.041,"[""Estudiante"", ""Investigador/a (académico)""]","4 Nivel técnico: he estudiado IA/ML o he hecho proyectos; entiendo métricas, redes neuronales, overfitting, etc.","Nivel técnico: he estudiado IA/ML o he hecho proyectos; entiendo métricas, redes neuronales, overfitting, etc.",3 Intermedio: suelo identificar bastantes y entiendo rasgos/hábitats generales.,Intermedio: suelo identificar bastantes y entiendo rasgos/hábitats generales.,"[""Explicaciones basadas en reglas o razonamientos paso a paso"", ""Explicaciones visuales (zonas destacadas en la imagen)""]","[""Confianza: sentir mayor seguridad en la respuesta del sistema"", ""Detección de errores(Debugging): detectar fallos"", ""errores o comportamientos inesperados del sistema"", ""Escrutinio: evaluar críticamente si la decisión del sistema es adecuada"", ""razonable o justa""]","Igual para gente más inexperta explicación breve de los diferentes tipos de detección, para saber como funciona y poder contestar mejor las preguntas.",,Animales salvajes,,,,,Anchor,Grad-CAM,IG,LIME,Saliency,
C0003,U001,3,img_03,Opción E,4,3,4,3.6666666666666665,18–24,Grado,"Estudiante, Investigador/a (académico)",4,3,Media: explicación breve con algo de detalle,"Intermedio: algunos términos técnicos, pero fáciles de seguir",Texto breve + imagen,Medio: el error podría causar cierta confusión o problema,"Explicaciones basadas en reglas o razonamientos paso a paso, Explicaciones visuales (zonas destacadas en la imagen)","Confianza: sentir mayor seguridad en la respuesta del sistema, Detección de errores(Debugging): detectar fallos, errores o comportamientos inesperados del sistema, Escrutinio: evaluar críticamente si la decisión del sistema es adecuada, razonable o justa",3,2026-03-24 12:11:51.041,"[""Estudiante"", ""Investigador/a (académico)""]","4 Nivel técnico: he estudiado IA/ML o he hecho proyectos; entiendo métricas, redes neuronales, overfitting, etc.","Nivel técnico: he estudiado IA/ML o he hecho proyectos; entiendo métricas, redes neuronales, overfitting, etc.",3 Intermedio: suelo identificar bastantes y entiendo rasgos/hábitats generales.,Intermedio: suelo identificar bastantes y entiendo rasgos/hábitats generales.,"[""Explicaciones basadas en reglas o razonamientos paso a paso"", ""Explicaciones visuales (zonas destacadas en la imagen)""]","[""Confianza: sentir mayor seguridad en la respuesta del sistema"", ""Detección de errores(Debugging): detectar fallos"", ""errores o comportamientos inesperados del sistema"", ""Escrutinio: evaluar críticamente si la decisión del sistema es adecuada"", ""razonable o justa""]","Igual para gente más inexperta explicación breve de los diferentes tipos de detección, para saber como funciona y poder contestar mejor las preguntas.",,Animales salvajes,,,,,Anchor,Grad-CAM,IG,LIME,Saliency,
C0004,U001,4,img_04,Opción C,4,4,4,4.0,18–24,Grado,"Estudiante, Investigador/a (académico)",4,3,Media: explicación breve con algo de detalle,"Intermedio: algunos términos técnicos, pero fáciles de seguir",Texto breve + imagen,Medio: el error podría causar cierta confusión o problema,"Explicaciones basadas en reglas o razonamientos paso a paso, Explicaciones visuales (zonas destacadas en la imagen)","Confianza: sentir mayor seguridad en la respuesta del sistema, Detección de errores(Debugging): detectar fallos, errores o comportamientos inesperados del sistema, Escrutinio: evaluar críticamente si la decisión del sistema es adecuada, razonable o justa",4,2026-03-24 12:11:51.041,"[""Estudiante"", ""Investigador/a (académico)""]","4 Nivel técnico: he estudiado IA/ML o he hecho proyectos; entiendo métricas, redes neuronales, overfitting, etc.","Nivel técnico: he estudiado IA/ML o he hecho proyectos; entiendo métricas, redes neuronales, overfitting, etc.",3 Intermedio: suelo identificar bastantes y entiendo rasgos/hábitats generales.,Intermedio: suelo identificar bastantes y entiendo rasgos/hábitats generales.,"[""Explicaciones basadas en reglas o razonamientos paso a paso"", ""Explicaciones visuales (zonas destacadas en la imagen)""]","[""Confianza: sentir mayor seguridad en la respuesta del sistema"", ""Detección de errores(Debugging): detectar fallos"", ""errores o comportamientos inesperados del sistema"", ""Escrutinio: evaluar críticamente si la decisión del sistema es adecuada"", ""razonable o justa""]","Igual para gente más inexperta explicación breve de los diferentes tipos de detección, para saber como funciona y poder contestar mejor las preguntas.",,Animales salvajes,,,,,Anchor,Grad-CAM,IG,LIME,Saliency,
C0005,U001,5,img_05,Opción F (Ninguna),2,2,4,2.6666666666666665,18–24,Grado,"Estudiante, Investigador/a (académico)",4,3,Media: explicación breve con algo de detalle,"Intermedio: algunos términos técnicos, pero fáciles de seguir",Texto breve + imagen,Medio: el error podría causar cierta confusión o problema,"Explicaciones basadas en reglas o razonamientos paso a paso, Explicaciones visuales (zonas destacadas en la imagen)","Confianza: sentir mayor seguridad en la respuesta del sistema, Detección de errores(Debugging): detectar fallos, errores o comportamientos inesperados del sistema, Escrutinio: evaluar críticamente si la decisión del sistema es adecuada, razonable o justa",5,2026-03-24 12:11:51.041,"[""Estudiante"", ""Investigador/a (académico)""]","4 Nivel técnico: he estudiado IA/ML o he hecho proyectos; entiendo métricas, redes neuronales, overfitting, etc.","Nivel técnico: he estudiado IA/ML o he hecho proyectos; entiendo métricas, redes neuronales, overfitting, etc.",3 Intermedio: suelo identificar bastantes y entiendo rasgos/hábitats generales.,Intermedio: suelo identificar bastantes y entiendo rasgos/hábitats generales.,"[""Explicaciones basadas en reglas o razonamientos paso a paso"", ""Explicaciones visuales (zonas destacadas en la imagen)""]","[""Confianza: sentir mayor seguridad en la respuesta del sistema"", ""Detección de errores(Debugging): detectar fallos"", ""errores o comportamientos inesperados del sistema"", ""Escrutinio: evaluar críticamente si la decisión del sistema es adecuada"", ""razonable o justa""]","Igual para gente más inexperta explicación breve de los diferentes tipos de detección, para saber como funciona y poder contestar mejor las preguntas.",,Animales salvajes,,,,,Anchor,Grad-CAM,IG,LIME,Saliency,
C0006,U001,6,img_06,Opción D,4,3,4,3.6666666666666665,18–24,Grado,"Estudiante, Investigador/a (académico)",4,3,Media: explicación breve con algo de detalle,"Intermedio: algunos términos técnicos, pero fáciles de seguir",Texto breve + imagen,Medio: el error podría causar cierta confusión o problema,"Explicaciones basadas en reglas o razonamientos paso a paso, Explicaciones visuales (zonas destacadas en la imagen)","Confianza: sentir mayor seguridad en la respuesta del sistema, Detección de errores(Debugging): detectar fallos, errores o comportamientos inesperados del sistema, Escrutinio: evaluar críticamente si la decisión del sistema es adecuada, razonable o justa",6,2026-03-24 12:11:51.041,"[""Estudiante"", ""Investigador/a (académico)""]","4 Nivel técnico: he estudiado IA/ML o he hecho proyectos; entiendo métricas, redes neuronales, overfitting, etc.","Nivel técnico: he estudiado IA/ML o he hecho proyectos; entiendo métricas, redes neuronales, overfitting, etc.",3 Intermedio: suelo identificar bastantes y entiendo rasgos/hábitats generales.,Intermedio: suelo identificar bastantes y entiendo rasgos/hábitats generales.,"[""Explicaciones basadas en reglas o razonamientos paso a paso"", ""Explicaciones visuales (zonas destacadas en la imagen)""]","[""Confianza: sentir mayor seguridad en la respuesta del sistema"", ""Detección de errores(Debugging): detectar fallos"", ""errores o comportamientos inesperados del sistema"", ""Escrutinio: evaluar críticamente si la decisión del sistema es adecuada"", ""razonable o justa""]","Igual para gente más inexperta explicación breve de los diferentes tipos de detección, para saber como funciona y poder contestar mejor las preguntas.",,Animales salvajes,,,,,Anchor,Grad-CAM,IG,LIME,Saliency,
C0007,U001,7,img_07,Opción C,3,2,4,3.0,18–24,Grado,"Estudiante, Investigador/a (académico)",4,3,Media: explicación breve con algo de detalle,"Intermedio: algunos términos técnicos, pero fáciles de seguir",Texto breve + imagen,Medio: el error podría causar cierta confusión o problema,"Explicaciones basadas en reglas o razonamientos paso a paso, Explicaciones visuales (zonas destacadas en la imagen)","Confianza: sentir mayor seguridad en la respuesta del sistema, Detección de errores(Debugging): detectar fallos, errores o comportamientos inesperados del sistema, Escrutinio: evaluar críticamente si la decisión del sistema es adecuada, razonable o justa",7,2026-03-24 12:11:51.041,"[""Estudiante"", ""Investigador/a (académico)""]","4 Nivel técnico: he estudiado IA/ML o he hecho proyectos; entiendo métricas, redes neuronales, overfitting, etc.","Nivel técnico: he estudiado IA/ML o he hecho proyectos; entiendo métricas, redes neuronales, overfitting, etc.",3 Intermedio: suelo identificar bastantes y entiendo rasgos/hábitats generales.,Intermedio: suelo identificar bastantes y entiendo rasgos/hábitats generales.,"[""Explicaciones basadas en reglas o razonamientos paso a paso"", ""Explicaciones visuales (zonas destacadas en la imagen)""]","[""Confianza: sentir mayor seguridad en la respuesta del sistema"", ""Detección de errores(Debugging): detectar fallos"", ""errores o comportamientos inesperados del sistema"", ""Escrutinio: evaluar críticamente si la decisión del sistema es adecuada"", ""razonable o justa""]","Igual para gente más inexperta explicación breve de los diferentes tipos de detección, para saber como funciona y poder contestar mejor las preguntas.",,Animales salvajes,,,,,Anchor,Grad-CAM,IG,LIME,Saliency,
C0008,U001,8,img_08,Opción B,4,4,4,4.0,18–24,Grado,"Estudiante, Investigador/a (académico)",4,3,Media: explicación breve con algo de detalle,"Intermedio: algunos términos técnicos, pero fáciles de seguir",Texto breve + imagen,Medio: el error podría causar cierta confusión o problema,"Explicaciones basadas en reglas o razonamientos paso a paso, Explicaciones visuales (zonas destacadas en la imagen)","Confianza: sentir mayor seguridad en la respuesta del sistema, Detección de errores(Debugging): detectar fallos, errores o comportamientos inesperados del sistema, Escrutinio: evaluar críticamente si la decisión del sistema es adecuada, razonable o justa",8,2026-03-24 12:11:51.041,"[""Estudiante"", ""Investigador/a (académico)""]","4 Nivel técnico: he estudiado IA/ML o he hecho proyectos; entiendo métricas, redes neuronales, overfitting, etc.","Nivel técnico: he estudiado IA/ML o he hecho proyectos; entiendo métricas, redes neuronales, overfitting, etc.",3 Intermedio: suelo identificar bastantes y entiendo rasgos/hábitats generales.,Intermedio: suelo identificar bastantes y entiendo rasgos/hábitats generales.,"[""Explicaciones basadas en reglas o razonamientos paso a paso"", ""Explicaciones visuales (zonas destacadas en la imagen)""]","[""Confianza: sentir mayor seguridad en la respuesta del sistema"", ""Detección de errores(Debugging): detectar fallos"", ""errores o comportamientos inesperados del sistema"", ""Escrutinio: evaluar críticamente si la decisión del sistema es adecuada"", ""razonable o justa""]","Igual para gente más inexperta explicación breve de los diferentes tipos de detección, para saber como funciona y poder contestar mejor las preguntas.",,Animales salvajes,,,,,Anchor,Grad-CAM,IG,LIME,Saliency,
C0009,U001,9,img_09,Opción E,4,4,4,4.0,18–24,Grado,"Estudiante, Investigador/a (académico)",4,3,Media: explicación breve con algo de detalle,"Intermedio: algunos términos técnicos, pero fáciles de seguir",Texto breve + imagen,Medio: el error podría causar cierta confusión o problema,"Explicaciones basadas en reglas o razonamientos paso a paso, Explicaciones visuales (zonas destacadas en la imagen)","Confianza: sentir mayor seguridad en la respuesta del sistema, Detección de errores(Debugging): detectar fallos, errores o comportamientos inesperados del sistema, Escrutinio: evaluar críticamente si la decisión del sistema es adecuada, razonable o justa",9,2026-03-24 12:11:51.041,"[""Estudiante"", ""Investigador/a (académico)""]","4 Nivel técnico: he estudiado IA/ML o he hecho proyectos; entiendo métricas, redes neuronales, overfitting, etc.","Nivel técnico: he estudiado IA/ML o he hecho proyectos; entiendo métricas, redes neuronales, overfitting, etc.",3 Intermedio: suelo identificar bastantes y entiendo rasgos/hábitats generales.,Intermedio: suelo identificar bastantes y entiendo rasgos/hábitats generales.,"[""Explicaciones basadas en reglas o razonamientos paso a paso"", ""Explicaciones visuales (zonas destacadas en la imagen)""]","[""Confianza: sentir mayor seguridad en la respuesta del sistema"", ""Detección de errores(Debugging): detectar fallos"", ""errores o comportamientos inesperados del sistema"", ""Escrutinio: evaluar críticamente si la decisión del sistema es adecuada"", ""razonable o justa""]","Igual para gente más inexperta explicación breve de los diferentes tipos de detección, para saber como funciona y poder contestar mejor las preguntas.",,Animales salvajes,,,,,Anchor,Grad-CAM,IG,LIME,Saliency,
C0010,U001,10,img_10,Opción E,4,4,4,4.0,18–24,Grado,"Estudiante, Investigador/a (académico)",4,3,Media: explicación breve con algo de detalle,"Intermedio: algunos términos técnicos, pero fáciles de seguir",Texto breve + imagen,Medio: el error podría causar cierta confusión o problema,"Explicaciones basadas en reglas o razonamientos paso a paso, Explicaciones visuales (zonas destacadas en la imagen)","Confianza: sentir mayor seguridad en la respuesta del sistema, Detección de errores(Debugging): detectar fallos, errores o comportamientos inesperados del sistema, Escrutinio: evaluar críticamente si la decisión del sistema es adecuada, razonable o justa",10,2026-03-24 12:11:51.041,"[""Estudiante"", ""Investigador/a (académico)""]","4 Nivel técnico: he estudiado IA/ML o he hecho proyectos; entiendo métricas, redes neuronales, overfitting, etc.","Nivel técnico: he estudiado IA/ML o he hecho proyectos; entiendo métricas, redes neuronales, overfitting, etc.",3 Intermedio: suelo identificar bastantes y entiendo rasgos/hábitats generales.,Intermedio: suelo identificar bastantes y entiendo rasgos/hábitats generales.,"[""Explicaciones basadas en reglas o razonamientos paso a paso"", ""Explicaciones visuales (zonas destacadas en la imagen)""]","[""Confianza: sentir mayor seguridad en la respuesta del sistema"", ""Detección de errores(Debugging): detectar fallos"", ""errores o comportamientos inesperados del sistema"", ""Escrutinio: evaluar críticamente si la decisión del sistema es adecuada"", ""razonable o justa""]","Igual para gente más inexperta explicación breve de los diferentes tipos de detección, para saber como funciona y poder contestar mejor las preguntas.",,Animales salvajes,,,,,Anchor,Grad-CAM,IG,LIME,Saliency,
C0011,U001,11,img_11,Opción B,4,4,4,4.0,18–24,Grado,"Estudiante, Investigador/a (académico)",4,3,Media: explicación breve con algo de detalle,"Intermedio: algunos términos técnicos, pero fáciles de seguir",Texto breve + imagen,Medio: el error podría causar cierta confusión o problema,"Explicaciones basadas en reglas o razonamientos paso a paso, Explicaciones visuales (zonas destacadas en la imagen)","Confianza: sentir mayor seguridad en la respuesta del sistema, Detección de errores(Debugging): detectar fallos, errores o comportamientos inesperados del sistema, Escrutinio: evaluar críticamente si la decisión del sistema es adecuada, razonable o justa",11,2026-03-24 12:11:51.041,"[""Estudiante"", ""Investigador/a (académico)""]","4 Nivel técnico: he estudiado IA/ML o he hecho proyectos; entiendo métricas, redes neuronales, overfitting, etc.","Nivel técnico: he estudiado IA/ML o he hecho proyectos; entiendo métricas, redes neuronales, overfitting, etc.",3 Intermedio: suelo identificar bastantes y entiendo rasgos/hábitats generales.,Intermedio: suelo identificar bastantes y entiendo rasgos/hábitats generales.,"[""Explicaciones basadas en reglas o razonamientos paso a paso"", ""Explicaciones visuales (zonas destacadas en la imagen)""]","[""Confianza: sentir mayor seguridad en la respuesta del sistema"", ""Detección de errores(Debugging): detectar fallos"", ""errores o comportamientos inesperados del sistema"", ""Escrutinio: evaluar críticamente si la decisión del sistema es adecuada"", ""razonable o justa""]","Igual para gente más inexperta explicación breve de los diferentes tipos de detección, para saber como funciona y poder contestar mejor las preguntas.",,Animales salvajes,,,,,Anchor,Grad-CAM,IG,LIME,Saliency,
C0012,U002,1,img_01,Opción A,3,2,3,2.6666666666666665,18–24,Grado,Profesional de otro sector,4,2,Media: explicación breve con algo de detalle,Simple: lenguaje claro y sin tecnicismos,Texto detallado + imagen,Medio: el error podría causar cierta confusión o problema,"Explicaciones con ejemplos similares, Explicaciones con comparaciones o contraejemplos, Explicaciones centradas en atributos o características concretas, Explicaciones basadas en reglas o razonamientos paso a paso, Explicaciones visuales (zonas destacadas en la imagen), No tengo preferencia / me da igual","Transparencia: entender por qué el sistema tomó esa decisión, Efectividad: recibir una explicación útil para realizar mejor la tarea, Satisfacción: que la explicación resulte clara y útil para ti, Educación: aprender más sobre la imagen, el problema o el funcionamiento del sistema, Escrutinio: evaluar críticamente si la decisión del sistema es adecuada, razonable o justa",1,2026-03-26 17:14:42.568,"[""Profesional de otro sector""]","4 Nivel técnico: he estudiado IA/ML o he hecho proyectos; entiendo métricas, redes neuronales, overfitting, etc.","Nivel técnico: he estudiado IA/ML o he hecho proyectos; entiendo métricas, redes neuronales, overfitting, etc.","2 Básico: reconozco animales comunes (león, elefante…), poco más.","Básico: reconozco animales comunes (león, elefante…), poco más.","[""Explicaciones con ejemplos similares"", ""Explicaciones con comparaciones o contraejemplos"", ""Explicaciones centradas en atributos o características concretas"", ""Explicaciones basadas en reglas o razonamientos paso a paso"", ""Explicaciones visuales (zonas destacadas en la imagen)"", ""No tengo preferencia / me da igual""]","[""Transparencia: entender por qué el sistema tomó esa decisión"", ""Efectividad: recibir una explicación útil para realizar mejor la tarea"", ""Satisfacción: que la explicación resulte clara y útil para ti"", ""Educación: aprender más sobre la imagen"", ""el problema o el funcionamiento del sistema"", ""Escrutinio: evaluar críticamente si la decisión del sistema es adecuada"", ""razonable o justa""]",,,Animales salvajes,,,,,Anchor,Grad-CAM,IG,LIME,Saliency,
C0013,U002,2,img_02,Opción A,3,4,4,3.6666666666666665,18–24,Grado,Profesional de otro sector,4,2,Media: explicación breve con algo de detalle,Simple: lenguaje claro y sin tecnicismos,Texto detallado + imagen,Medio: el error podría causar cierta confusión o problema,"Explicaciones con ejemplos similares, Explicaciones con comparaciones o contraejemplos, Explicaciones centradas en atributos o características concretas, Explicaciones basadas en reglas o razonamientos paso a paso, Explicaciones visuales (zonas destacadas en la imagen), No tengo preferencia / me da igual","Transparencia: entender por qué el sistema tomó esa decisión, Efectividad: recibir una explicación útil para realizar mejor la tarea, Satisfacción: que la explicación resulte clara y útil para ti, Educación: aprender más sobre la imagen, el problema o el funcionamiento del sistema, Escrutinio: evaluar críticamente si la decisión del sistema es adecuada, razonable o justa",2,2026-03-26 17:14:42.568,"[""Profesional de otro sector""]","4 Nivel técnico: he estudiado IA/ML o he hecho proyectos; entiendo métricas, redes neuronales, overfitting, etc.","Nivel técnico: he estudiado IA/ML o he hecho proyectos; entiendo métricas, redes neuronales, overfitting, etc.","2 Básico: reconozco animales comunes (león, elefante…), poco más.","Básico: reconozco animales comunes (león, elefante…), poco más.","[""Explicaciones con ejemplos similares"", ""Explicaciones con comparaciones o contraejemplos"", ""Explicaciones centradas en atributos o características concretas"", ""Explicaciones basadas en reglas o razonamientos paso a paso"", ""Explicaciones visuales (zonas destacadas en la imagen)"", ""No tengo preferencia / me da igual""]","[""Transparencia: entender por qué el sistema tomó esa decisión"", ""Efectividad: recibir una explicación útil para realizar mejor la tarea"", ""Satisfacción: que la explicación resulte clara y útil para ti"", ""Educación: aprender más sobre la imagen"", ""el problema o el funcionamiento del sistema"", ""Escrutinio: evaluar críticamente si la decisión del sistema es adecuada"", ""razonable o justa""]",,,Animales salvajes,,,,,Anchor,Grad-CAM,IG,LIME,Saliency,
C0014,U002,3,img_03,Opción A,2,2,2,2.0,18–24,Grado,Profesional de otro sector,4,2,Media: explicación breve con algo de detalle,Simple: lenguaje claro y sin tecnicismos,Texto detallado + imagen,Medio: el error podría causar cierta confusión o problema,"Explicaciones con ejemplos similares, Explicaciones con comparaciones o contraejemplos, Explicaciones centradas en atributos o características concretas, Explicaciones basadas en reglas o razonamientos paso a paso, Explicaciones visuales (zonas destacadas en la imagen), No tengo preferencia / me da igual","Transparencia: entender por qué el sistema tomó esa decisión, Efectividad: recibir una explicación útil para realizar mejor la tarea, Satisfacción: que la explicación resulte clara y útil para ti, Educación: aprender más sobre la imagen, el problema o el funcionamiento del sistema, Escrutinio: evaluar críticamente si la decisión del sistema es adecuada, razonable o justa",3,2026-03-26 17:14:42.568,"[""Profesional de otro sector""]","4 Nivel técnico: he estudiado IA/ML o he hecho proyectos; entiendo métricas, redes neuronales, overfitting, etc.","Nivel técnico: he estudiado IA/ML o he hecho proyectos; entiendo métricas, redes neuronales, overfitting, etc.","2 Básico: reconozco animales comunes (león, elefante…), poco más.","Básico: reconozco animales comunes (león, elefante…), poco más.","[""Explicaciones con ejemplos similares"", ""Explicaciones con comparaciones o contraejemplos"", ""Explicaciones centradas en atributos o características concretas"", ""Explicaciones basadas en reglas o razonamientos paso a paso"", ""Explicaciones visuales (zonas destacadas en la imagen)"", ""No tengo preferencia / me da igual""]","[""Transparencia: entender por qué el sistema tomó esa decisión"", ""Efectividad: recibir una explicación útil para realizar mejor la tarea"", ""Satisfacción: que la explicación resulte clara y útil para ti"", ""Educación: aprender más sobre la imagen"", ""el problema o el funcionamiento del sistema"", ""Escrutinio: evaluar críticamente si la decisión del sistema es adecuada"", ""razonable o justa""]",,,Animales salvajes,,,,,Anchor,Grad-CAM,IG,LIME,Saliency,
C0015,U002,4,img_04,Opción C,3,4,3,3.3333333333333335,18–24,Grado,Profesional de otro sector,4,2,Media: explicación breve con algo de detalle,Simple: lenguaje claro y sin tecnicismos,Texto detallado + imagen,Medio: el error podría causar cierta confusión o problema,"Explicaciones con ejemplos similares, Explicaciones con comparaciones o contraejemplos, Explicaciones centradas en atributos o características concretas, Explicaciones basadas en reglas o razonamientos paso a paso, Explicaciones visuales (zonas destacadas en la imagen), No tengo preferencia / me da igual","Transparencia: entender por qué el sistema tomó esa decisión, Efectividad: recibir una explicación útil para realizar mejor la tarea, Satisfacción: que la explicación resulte clara y útil para ti, Educación: aprender más sobre la imagen, el problema o el funcionamiento del sistema, Escrutinio: evaluar críticamente si la decisión del sistema es adecuada, razonable o justa",4,2026-03-26 17:14:42.568,"[""Profesional de otro sector""]","4 Nivel técnico: he estudiado IA/ML o he hecho proyectos; entiendo métricas, redes neuronales, overfitting, etc.","Nivel técnico: he estudiado IA/ML o he hecho proyectos; entiendo métricas, redes neuronales, overfitting, etc.","2 Básico: reconozco animales comunes (león, elefante…), poco más.","Básico: reconozco animales comunes (león, elefante…), poco más.","[""Explicaciones con ejemplos similares"", ""Explicaciones con comparaciones o contraejemplos"", ""Explicaciones centradas en atributos o características concretas"", ""Explicaciones basadas en reglas o razonamientos paso a paso"", ""Explicaciones visuales (zonas destacadas en la imagen)"", ""No tengo preferencia / me da igual""]","[""Transparencia: entender por qué el sistema tomó esa decisión"", ""Efectividad: recibir una explicación útil para realizar mejor la tarea"", ""Satisfacción: que la explicación resulte clara y útil para ti"", ""Educación: aprender más sobre la imagen"", ""el problema o el funcionamiento del sistema"", ""Escrutinio: evaluar críticamente si la decisión del sistema es adecuada"", ""razonable o justa""]",,,Animales salvajes,,,,,Anchor,Grad-CAM,IG,LIME,Saliency,
C0016,U002,5,img_05,Opción A,1,1,1,1.0,18–24,Grado,Profesional de otro sector,4,2,Media: explicación breve con algo de detalle,Simple: lenguaje claro y sin tecnicismos,Texto detallado + imagen,Medio: el error podría causar cierta confusión o problema,"Explicaciones con ejemplos similares, Explicaciones con comparaciones o contraejemplos, Explicaciones centradas en atributos o características concretas, Explicaciones basadas en reglas o razonamientos paso a paso, Explicaciones visuales (zonas destacadas en la imagen), No tengo preferencia / me da igual","Transparencia: entender por qué el sistema tomó esa decisión, Efectividad: recibir una explicación útil para realizar mejor la tarea, Satisfacción: que la explicación resulte clara y útil para ti, Educación: aprender más sobre la imagen, el problema o el funcionamiento del sistema, Escrutinio: evaluar críticamente si la decisión del sistema es adecuada, razonable o justa",5,2026-03-26 17:14:42.568,"[""Profesional de otro sector""]","4 Nivel técnico: he estudiado IA/ML o he hecho proyectos; entiendo métricas, redes neuronales, overfitting, etc.","Nivel técnico: he estudiado IA/ML o he hecho proyectos; entiendo métricas, redes neuronales, overfitting, etc.","2 Básico: reconozco animales comunes (león, elefante…), poco más.","Básico: reconozco animales comunes (león, elefante…), poco más.","[""Explicaciones con ejemplos similares"", ""Explicaciones con comparaciones o contraejemplos"", ""Explicaciones centradas en atributos o características concretas"", ""Explicaciones basadas en reglas o razonamientos paso a paso"", ""Explicaciones visuales (zonas destacadas en la imagen)"", ""No tengo preferencia / me da igual""]","[""Transparencia: entender por qué el sistema tomó esa decisión"", ""Efectividad: recibir una explicación útil para realizar mejor la tarea"", ""Satisfacción: que la explicación resulte clara y útil para ti"", ""Educación: aprender más sobre la imagen"", ""el problema o el funcionamiento del sistema"", ""Escrutinio: evaluar críticamente si la decisión del sistema es adecuada"", ""razonable o justa""]",,,Animales salvajes,,,,,Anchor,Grad-CAM,IG,LIME,Saliency,
C0017,U002,6,img_06,Opción A,4,4,3,3.6666666666666665,18–24,Grado,Profesional de otro sector,4,2,Media: explicación breve con algo de detalle,Simple: lenguaje claro y sin tecnicismos,Texto detallado + imagen,Medio: el error podría causar cierta confusión o problema,"Explicaciones con ejemplos similares, Explicaciones con comparaciones o contraejemplos, Explicaciones centradas en atributos o características concretas, Explicaciones basadas en reglas o razonamientos paso a paso, Explicaciones visuales (zonas destacadas en la imagen), No tengo preferencia / me da igual","Transparencia: entender por qué el sistema tomó esa decisión, Efectividad: recibir una explicación útil para realizar mejor la tarea, Satisfacción: que la explicación resulte clara y útil para ti, Educación: aprender más sobre la imagen, el problema o el funcionamiento del sistema, Escrutinio: evaluar críticamente si la decisión del sistema es adecuada, razonable o justa",6,2026-03-26 17:14:42.568,"[""Profesional de otro sector""]","4 Nivel técnico: he estudiado IA/ML o he hecho proyectos; entiendo métricas, redes neuronales, overfitting, etc.","Nivel técnico: he estudiado IA/ML o he hecho proyectos; entiendo métricas, redes neuronales, overfitting, etc.","2 Básico: reconozco animales comunes (león, elefante…), poco más.","Básico: reconozco animales comunes (león, elefante…), poco más.","[""Explicaciones con ejemplos similares"", ""Explicaciones con comparaciones o contraejemplos"", ""Explicaciones centradas en atributos o características concretas"", ""Explicaciones basadas en reglas o razonamientos paso a paso"", ""Explicaciones visuales (zonas destacadas en la imagen)"", ""No tengo preferencia / me da igual""]","[""Transparencia: entender por qué el sistema tomó esa decisión"", ""Efectividad: recibir una explicación útil para realizar mejor la tarea"", ""Satisfacción: que la explicación resulte clara y útil para ti"", ""Educación: aprender más sobre la imagen"", ""el problema o el funcionamiento del sistema"", ""Escrutinio: evaluar críticamente si la decisión del sistema es adecuada"", ""razonable o justa""]",,,Animales salvajes,,,,,Anchor,Grad-CAM,IG,LIME,Saliency,
C0018,U002,7,img_07,Opción A,3,4,3,3.3333333333333335,18–24,Grado,Profesional de otro sector,4,2,Media: explicación breve con algo de detalle,Simple: lenguaje claro y sin tecnicismos,Texto detallado + imagen,Medio: el error podría causar cierta confusión o problema,"Explicaciones con ejemplos similares, Explicaciones con comparaciones o contraejemplos, Explicaciones centradas en atributos o características concretas, Explicaciones basadas en reglas o razonamientos paso a paso, Explicaciones visuales (zonas destacadas en la imagen), No tengo preferencia / me da igual","Transparencia: entender por qué el sistema tomó esa decisión, Efectividad: recibir una explicación útil para realizar mejor la tarea, Satisfacción: que la explicación resulte clara y útil para ti, Educación: aprender más sobre la imagen, el problema o el funcionamiento del sistema, Escrutinio: evaluar críticamente si la decisión del sistema es adecuada, razonable o justa",7,2026-03-26 17:14:42.568,"[""Profesional de otro sector""]","4 Nivel técnico: he estudiado IA/ML o he hecho proyectos; entiendo métricas, redes neuronales, overfitting, etc.","Nivel técnico: he estudiado IA/ML o he hecho proyectos; entiendo métricas, redes neuronales, overfitting, etc.","2 Básico: reconozco animales comunes (león, elefante…), poco más.","Básico: reconozco animales comunes (león, elefante…), poco más.","[""Explicaciones con ejemplos similares"", ""Explicaciones con comparaciones o contraejemplos"", ""Explicaciones centradas en atributos o características concretas"", ""Explicaciones basadas en reglas o razonamientos paso a paso"", ""Explicaciones visuales (zonas destacadas en la imagen)"", ""No tengo preferencia / me da igual""]","[""Transparencia: entender por qué el sistema tomó esa decisión"", ""Efectividad: recibir una explicación útil para realizar mejor la tarea"", ""Satisfacción: que la explicación resulte clara y útil para ti"", ""Educación: aprender más sobre la imagen"", ""el problema o el funcionamiento del sistema"", ""Escrutinio: evaluar críticamente si la decisión del sistema es adecuada"", ""razonable o justa""]",,,Animales salvajes,,,,,Anchor,Grad-CAM,IG,LIME,Saliency,
C0019,U002,8,img_08,Opción A,3,5,3,3.6666666666666665,18–24,Grado,Profesional de otro sector,4,2,Media: explicación breve con algo de detalle,Simple: lenguaje claro y sin tecnicismos,Texto detallado + imagen,Medio: el error podría causar cierta confusión o problema,"Explicaciones con ejemplos similares, Explicaciones con comparaciones o contraejemplos, Explicaciones centradas en atributos o características concretas, Explicaciones basadas en reglas o razonamientos paso a paso, Explicaciones visuales (zonas destacadas en la imagen), No tengo preferencia / me da igual","Transparencia: entender por qué el sistema tomó esa decisión, Efectividad: recibir una explicación útil para realizar mejor la tarea, Satisfacción: que la explicación resulte clara y útil para ti, Educación: aprender más sobre la imagen, el problema o el funcionamiento del sistema, Escrutinio: evaluar críticamente si la decisión del sistema es adecuada, razonable o justa",8,2026-03-26 17:14:42.568,"[""Profesional de otro sector""]","4 Nivel técnico: he estudiado IA/ML o he hecho proyectos; entiendo métricas, redes neuronales, overfitting, etc.","Nivel técnico: he estudiado IA/ML o he hecho proyectos; entiendo métricas, redes neuronales, overfitting, etc.","2 Básico: reconozco animales comunes (león, elefante…), poco más.","Básico: reconozco animales comunes (león, elefante…), poco más.","[""Explicaciones con ejemplos similares"", ""Explicaciones con comparaciones o contraejemplos"", ""Explicaciones centradas en atributos o características concretas"", ""Explicaciones basadas en reglas o razonamientos paso a paso"", ""Explicaciones visuales (zonas destacadas en la imagen)"", ""No tengo preferencia / me da igual""]","[""Transparencia: entender por qué el sistema tomó esa decisión"", ""Efectividad: recibir una explicación útil para realizar mejor la tarea"", ""Satisfacción: que la explicación resulte clara y útil para ti"", ""Educación: aprender más sobre la imagen"", ""el problema o el funcionamiento del sistema"", ""Escrutinio: evaluar críticamente si la decisión del sistema es adecuada"", ""razonable o justa""]",,,Animales salvajes,,,,,Anchor,Grad-CAM,IG,LIME,Saliency,
C0020,U002,9,img_09,Opción B,3,4,3,3.3333333333333335,18–24,Grado,Profesional de otro sector,4,2,Media: explicación breve con algo de detalle,Simple: lenguaje claro y sin tecnicismos,Texto detallado + imagen,Medio: el error podría causar cierta confusión o problema,"Explicaciones con ejemplos similares, Explicaciones con comparaciones o contraejemplos, Explicaciones centradas en atributos o características concretas, Explicaciones basadas en reglas o razonamientos paso a paso, Explicaciones visuales (zonas destacadas en la imagen), No tengo preferencia / me da igual","Transparencia: entender por qué el sistema tomó esa decisión, Efectividad: recibir una explicación útil para realizar mejor la tarea, Satisfacción: que la explicación resulte clara y útil para ti, Educación: aprender más sobre la imagen, el problema o el funcionamiento del sistema, Escrutinio: evaluar críticamente si la decisión del sistema es adecuada, razonable o justa",9,2026-03-26 17:14:42.568,"[""Profesional de otro sector""]","4 Nivel técnico: he estudiado IA/ML o he hecho proyectos; entiendo métricas, redes neuronales, overfitting, etc.","Nivel técnico: he estudiado IA/ML o he hecho proyectos; entiendo métricas, redes neuronales, overfitting, etc.","2 Básico: reconozco animales comunes (león, elefante…), poco más.","Básico: reconozco animales comunes (león, elefante…), poco más.","[""Explicaciones con ejemplos similares"", ""Explicaciones con comparaciones o contraejemplos"", ""Explicaciones centradas en atributos o características concretas"", ""Explicaciones basadas en reglas o razonamientos paso a paso"", ""Explicaciones visuales (zonas destacadas en la imagen)"", ""No tengo preferencia / me da igual""]","[""Transparencia: entender por qué el sistema tomó esa decisión"", ""Efectividad: recibir una explicación útil para realizar mejor la tarea"", ""Satisfacción: que la explicación resulte clara y útil para ti"", ""Educación: aprender más sobre la imagen"", ""el problema o el funcionamiento del sistema"", ""Escrutinio: evaluar críticamente si la decisión del sistema es adecuada"", ""razonable o justa""]",,,Animales salvajes,,,,,Anchor,Grad-CAM,IG,LIME,Saliency,
C0021,U002,10,img_10,Opción A,4,4,3,3.6666666666666665,18–24,Grado,Profesional de otro sector,4,2,Media: explicación breve con algo de detalle,Simple: lenguaje claro y sin tecnicismos,Texto detallado + imagen,Medio: el error podría causar cierta confusión o problema,"Explicaciones con ejemplos similares, Explicaciones con comparaciones o contraejemplos, Explicaciones centradas en atributos o características concretas, Explicaciones basadas en reglas o razonamientos paso a paso, Explicaciones visuales (zonas destacadas en la imagen), No tengo preferencia / me da igual","Transparencia: entender por qué el sistema tomó esa decisión, Efectividad: recibir una explicación útil para realizar mejor la tarea, Satisfacción: que la explicación resulte clara y útil para ti, Educación: aprender más sobre la imagen, el problema o el funcionamiento del sistema, Escrutinio: evaluar críticamente si la decisión del sistema es adecuada, razonable o justa",10,2026-03-26 17:14:42.568,"[""Profesional de otro sector""]","4 Nivel técnico: he estudiado IA/ML o he hecho proyectos; entiendo métricas, redes neuronales, overfitting, etc.","Nivel técnico: he estudiado IA/ML o he hecho proyectos; entiendo métricas, redes neuronales, overfitting, etc.","2 Básico: reconozco animales comunes (león, elefante…), poco más.","Básico: reconozco animales comunes (león, elefante…), poco más.","[""Explicaciones con ejemplos similares"", ""Explicaciones con comparaciones o contraejemplos"", ""Explicaciones centradas en atributos o características concretas"", ""Explicaciones basadas en reglas o razonamientos paso a paso"", ""Explicaciones visuales (zonas destacadas en la imagen)"", ""No tengo preferencia / me da igual""]","[""Transparencia: entender por qué el sistema tomó esa decisión"", ""Efectividad: recibir una explicación útil para realizar mejor la tarea"", ""Satisfacción: que la explicación resulte clara y útil para ti"", ""Educación: aprender más sobre la imagen"", ""el problema o el funcionamiento del sistema"", ""Escrutinio: evaluar críticamente si la decisión del sistema es adecuada"", ""razonable o justa""]",,,Animales salvajes,,,,,Anchor,Grad-CAM,IG,LIME,Saliency,
C0022,U002,11,img_11,Opción B,3,4,4,3.6666666666666665,18–24,Grado,Profesional de otro sector,4,2,Media: explicación breve con algo de detalle,Simple: lenguaje claro y sin tecnicismos,Texto detallado + imagen,Medio: el error podría causar cierta confusión o problema,"Explicaciones con ejemplos similares, Explicaciones con comparaciones o contraejemplos, Explicaciones centradas en atributos o características concretas, Explicaciones basadas en reglas o razonamientos paso a paso, Explicaciones visuales (zonas destacadas en la imagen), No tengo preferencia / me da igual","Transparencia: entender por qué el sistema tomó esa decisión, Efectividad: recibir una explicación útil para realizar mejor la tarea, Satisfacción: que la explicación resulte clara y útil para ti, Educación: aprender más sobre la imagen, el problema o el funcionamiento del sistema, Escrutinio: evaluar críticamente si la decisión del sistema es adecuada, razonable o justa",11,2026-03-26 17:14:42.568,"[""Profesional de otro sector""]","4 Nivel técnico: he estudiado IA/ML o he hecho proyectos; entiendo métricas, redes neuronales, overfitting, etc.","Nivel técnico: he estudiado IA/ML o he hecho proyectos; entiendo métricas, redes neuronales, overfitting, etc.","2 Básico: reconozco animales comunes (león, elefante…), poco más.","Básico: reconozco animales comunes (león, elefante…), poco más.","[""Explicaciones con ejemplos similares"", ""Explicaciones con comparaciones o contraejemplos"", ""Explicaciones centradas en atributos o características concretas"", ""Explicaciones basadas en reglas o razonamientos paso a paso"", ""Explicaciones visuales (zonas destacadas en la imagen)"", ""No tengo preferencia / me da igual""]","[""Transparencia: entender por qué el sistema tomó esa decisión"", ""Efectividad: recibir una explicación útil para realizar mejor la tarea"", ""Satisfacción: que la explicación resulte clara y útil para ti"", ""Educación: aprender más sobre la imagen"", ""el problema o el funcionamiento del sistema"", ""Escrutinio: evaluar críticamente si la decisión del sistema es adecuada"", ""razonable o justa""]",,,Animales salvajes,,,,,Anchor,Grad-CAM,IG,LIME,Saliency,
C0023,U003,1,img_01,Opción D,2,2,2,2.0,18–24,Grado,"Estudiante, Desarrolladora",5,2,Corta: solo lo esencial,Técnico: explicación más especializada y precisa,Texto breve + imagen,Alto: el error podría tener consecuencias importantes,"Explicaciones con ejemplos similares, Explicaciones con comparaciones o contraejemplos, Explicaciones visuales (zonas destacadas en la imagen)","Transparencia: entender por qué el sistema tomó esa decisión, Satisfacción: que la explicación resulte clara y útil para ti, Detección de errores(Debugging): detectar fallos, errores o comportamientos inesperados del sistema, Educación: aprender más sobre la imagen, el problema o el funcionamiento del sistema",1,2026-03-26 18:02:08.412,"[""Estudiante"", ""Desarrolladora""]","5 Experto: trabajo/investigo en IA; implemento, entreno y evalúo modelos con regularidad.","Experto: trabajo/investigo en IA; implemento, entreno y evalúo modelos con regularidad.","2 Básico: reconozco animales comunes (león, elefante…), poco más.","Básico: reconozco animales comunes (león, elefante…), poco más.","[""Explicaciones con ejemplos similares"", ""Explicaciones con comparaciones o contraejemplos"", ""Explicaciones visuales (zonas destacadas en la imagen)""]","[""Transparencia: entender por qué el sistema tomó esa decisión"", ""Satisfacción: que la explicación resulte clara y útil para ti"", ""Detección de errores(Debugging): detectar fallos"", ""errores o comportamientos inesperados del sistema"", ""Educación: aprender más sobre la imagen"", ""el problema o el funcionamiento del sistema""]",,,Animales salvajes,,,,,Anchor,Grad-CAM,IG,LIME,Saliency,
C0024,U003,2,img_02,Opción B,4,4,4,4.0,18–24,Grado,"Estudiante, Desarrolladora",5,2,Corta: solo lo esencial,Técnico: explicación más especializada y precisa,Texto breve + imagen,Alto: el error podría tener consecuencias importantes,"Explicaciones con ejemplos similares, Explicaciones con comparaciones o contraejemplos, Explicaciones visuales (zonas destacadas en la imagen)","Transparencia: entender por qué el sistema tomó esa decisión, Satisfacción: que la explicación resulte clara y útil para ti, Detección de errores(Debugging): detectar fallos, errores o comportamientos inesperados del sistema, Educación: aprender más sobre la imagen, el problema o el funcionamiento del sistema",2,2026-03-26 18:02:08.412,"[""Estudiante"", ""Desarrolladora""]","5 Experto: trabajo/investigo en IA; implemento, entreno y evalúo modelos con regularidad.","Experto: trabajo/investigo en IA; implemento, entreno y evalúo modelos con regularidad.","2 Básico: reconozco animales comunes (león, elefante…), poco más.","Básico: reconozco animales comunes (león, elefante…), poco más.","[""Explicaciones con ejemplos similares"", ""Explicaciones con comparaciones o contraejemplos"", ""Explicaciones visuales (zonas destacadas en la imagen)""]","[""Transparencia: entender por qué el sistema tomó esa decisión"", ""Satisfacción: que la explicación resulte clara y útil para ti"", ""Detección de errores(Debugging): detectar fallos"", ""errores o comportamientos inesperados del sistema"", ""Educación: aprender más sobre la imagen"", ""el problema o el funcionamiento del sistema""]",,,Animales salvajes,,,,,Anchor,Grad-CAM,IG,LIME,Saliency,
C0025,U003,3,img_03,Opción A,3,3,3,3.0,18–24,Grado,"Estudiante, Desarrolladora",5,2,Corta: solo lo esencial,Técnico: explicación más especializada y precisa,Texto breve + imagen,Alto: el error podría tener consecuencias importantes,"Explicaciones con ejemplos similares, Explicaciones con comparaciones o contraejemplos, Explicaciones visuales (zonas destacadas en la imagen)","Transparencia: entender por qué el sistema tomó esa decisión, Satisfacción: que la explicación resulte clara y útil para ti, Detección de errores(Debugging): detectar fallos, errores o comportamientos inesperados del sistema, Educación: aprender más sobre la imagen, el problema o el funcionamiento del sistema",3,2026-03-26 18:02:08.412,"[""Estudiante"", ""Desarrolladora""]","5 Experto: trabajo/investigo en IA; implemento, entreno y evalúo modelos con regularidad.","Experto: trabajo/investigo en IA; implemento, entreno y evalúo modelos con regularidad.","2 Básico: reconozco animales comunes (león, elefante…), poco más.","Básico: reconozco animales comunes (león, elefante…), poco más.","[""Explicaciones con ejemplos similares"", ""Explicaciones con comparaciones o contraejemplos"", ""Explicaciones visuales (zonas destacadas en la imagen)""]","[""Transparencia: entender por qué el sistema tomó esa decisión"", ""Satisfacción: que la explicación resulte clara y útil para ti"", ""Detección de errores(Debugging): detectar fallos"", ""errores o comportamientos inesperados del sistema"", ""Educación: aprender más sobre la imagen"", ""el problema o el funcionamiento del sistema""]",,,Animales salvajes,,,,,Anchor,Grad-CAM,IG,LIME,Saliency,
C0026,U003,4,img_04,Opción E,2,2,2,2.0,18–24,Grado,"Estudiante, Desarrolladora",5,2,Corta: solo lo esencial,Técnico: explicación más especializada y precisa,Texto breve + imagen,Alto: el error podría tener consecuencias importantes,"Explicaciones con ejemplos similares, Explicaciones con comparaciones o contraejemplos, Explicaciones visuales (zonas destacadas en la imagen)","Transparencia: entender por qué el sistema tomó esa decisión, Satisfacción: que la explicación resulte clara y útil para ti, Detección de errores(Debugging): detectar fallos, errores o comportamientos inesperados del sistema, Educación: aprender más sobre la imagen, el problema o el funcionamiento del sistema",4,2026-03-26 18:02:08.412,"[""Estudiante"", ""Desarrolladora""]","5 Experto: trabajo/investigo en IA; implemento, entreno y evalúo modelos con regularidad.","Experto: trabajo/investigo en IA; implemento, entreno y evalúo modelos con regularidad.","2 Básico: reconozco animales comunes (león, elefante…), poco más.","Básico: reconozco animales comunes (león, elefante…), poco más.","[""Explicaciones con ejemplos similares"", ""Explicaciones con comparaciones o contraejemplos"", ""Explicaciones visuales (zonas destacadas en la imagen)""]","[""Transparencia: entender por qué el sistema tomó esa decisión"", ""Satisfacción: que la explicación resulte clara y útil para ti"", ""Detección de errores(Debugging): detectar fallos"", ""errores o comportamientos inesperados del sistema"", ""Educación: aprender más sobre la imagen"", ""el problema o el funcionamiento del sistema""]",,,Animales salvajes,,,,,Anchor,Grad-CAM,IG,LIME,Saliency,
C0027,U003,5,img_05,Opción A,3,3,3,3.0,18–24,Grado,"Estudiante, Desarrolladora",5,2,Corta: solo lo esencial,Técnico: explicación más especializada y precisa,Texto breve + imagen,Alto: el error podría tener consecuencias importantes,"Explicaciones con ejemplos similares, Explicaciones con comparaciones o contraejemplos, Explicaciones visuales (zonas destacadas en la imagen)","Transparencia: entender por qué el sistema tomó esa decisión, Satisfacción: que la explicación resulte clara y útil para ti, Detección de errores(Debugging): detectar fallos, errores o comportamientos inesperados del sistema, Educación: aprender más sobre la imagen, el problema o el funcionamiento del sistema",5,2026-03-26 18:02:08.412,"[""Estudiante"", ""Desarrolladora""]","5 Experto: trabajo/investigo en IA; implemento, entreno y evalúo modelos con regularidad.","Experto: trabajo/investigo en IA; implemento, entreno y evalúo modelos con regularidad.","2 Básico: reconozco animales comunes (león, elefante…), poco más.","Básico: reconozco animales comunes (león, elefante…), poco más.","[""Explicaciones con ejemplos similares"", ""Explicaciones con comparaciones o contraejemplos"", ""Explicaciones visuales (zonas destacadas en la imagen)""]","[""Transparencia: entender por qué el sistema tomó esa decisión"", ""Satisfacción: que la explicación resulte clara y útil para ti"", ""Detección de errores(Debugging): detectar fallos"", ""errores o comportamientos inesperados del sistema"", ""Educación: aprender más sobre la imagen"", ""el problema o el funcionamiento del sistema""]",,,Animales salvajes,,,,,Anchor,Grad-CAM,IG,LIME,Saliency,
C0028,U003,6,img_06,Opción A,2,3,3,2.6666666666666665,18–24,Grado,"Estudiante, Desarrolladora",5,2,Corta: solo lo esencial,Técnico: explicación más especializada y precisa,Texto breve + imagen,Alto: el error podría tener consecuencias importantes,"Explicaciones con ejemplos similares, Explicaciones con comparaciones o contraejemplos, Explicaciones visuales (zonas destacadas en la imagen)","Transparencia: entender por qué el sistema tomó esa decisión, Satisfacción: que la explicación resulte clara y útil para ti, Detección de errores(Debugging): detectar fallos, errores o comportamientos inesperados del sistema, Educación: aprender más sobre la imagen, el problema o el funcionamiento del sistema",6,2026-03-26 18:02:08.412,"[""Estudiante"", ""Desarrolladora""]","5 Experto: trabajo/investigo en IA; implemento, entreno y evalúo modelos con regularidad.","Experto: trabajo/investigo en IA; implemento, entreno y evalúo modelos con regularidad.","2 Básico: reconozco animales comunes (león, elefante…), poco más.","Básico: reconozco animales comunes (león, elefante…), poco más.","[""Explicaciones con ejemplos similares"", ""Explicaciones con comparaciones o contraejemplos"", ""Explicaciones visuales (zonas destacadas en la imagen)""]","[""Transparencia: entender por qué el sistema tomó esa decisión"", ""Satisfacción: que la explicación resulte clara y útil para ti"", ""Detección de errores(Debugging): detectar fallos"", ""errores o comportamientos inesperados del sistema"", ""Educación: aprender más sobre la imagen"", ""el problema o el funcionamiento del sistema""]",,,Animales salvajes,,,,,Anchor,Grad-CAM,IG,LIME,Saliency,
C0029,U003,7,img_07,Opción D,4,4,4,4.0,18–24,Grado,"Estudiante, Desarrolladora",5,2,Corta: solo lo esencial,Técnico: explicación más especializada y precisa,Texto breve + imagen,Alto: el error podría tener consecuencias importantes,"Explicaciones con ejemplos similares, Explicaciones con comparaciones o contraejemplos, Explicaciones visuales (zonas destacadas en la imagen)","Transparencia: entender por qué el sistema tomó esa decisión, Satisfacción: que la explicación resulte clara y útil para ti, Detección de errores(Debugging): detectar fallos, errores o comportamientos inesperados del sistema, Educación: aprender más sobre la imagen, el problema o el funcionamiento del sistema",7,2026-03-26 18:02:08.412,"[""Estudiante"", ""Desarrolladora""]","5 Experto: trabajo/investigo en IA; implemento, entreno y evalúo modelos con regularidad.","Experto: trabajo/investigo en IA; implemento, entreno y evalúo modelos con regularidad.","2 Básico: reconozco animales comunes (león, elefante…), poco más.","Básico: reconozco animales comunes (león, elefante…), poco más.","[""Explicaciones con ejemplos similares"", ""Explicaciones con comparaciones o contraejemplos"", ""Explicaciones visuales (zonas destacadas en la imagen)""]","[""Transparencia: entender por qué el sistema tomó esa decisión"", ""Satisfacción: que la explicación resulte clara y útil para ti"", ""Detección de errores(Debugging): detectar fallos"", ""errores o comportamientos inesperados del sistema"", ""Educación: aprender más sobre la imagen"", ""el problema o el funcionamiento del sistema""]",,,Animales salvajes,,,,,Anchor,Grad-CAM,IG,LIME,Saliency,
C0030,U003,8,img_08,Opción C,2,2,3,2.3333333333333335,18–24,Grado,"Estudiante, Desarrolladora",5,2,Corta: solo lo esencial,Técnico: explicación más especializada y precisa,Texto breve + imagen,Alto: el error podría tener consecuencias importantes,"Explicaciones con ejemplos similares, Explicaciones con comparaciones o contraejemplos, Explicaciones visuales (zonas destacadas en la imagen)","Transparencia: entender por qué el sistema tomó esa decisión, Satisfacción: que la explicación resulte clara y útil para ti, Detección de errores(Debugging): detectar fallos, errores o comportamientos inesperados del sistema, Educación: aprender más sobre la imagen, el problema o el funcionamiento del sistema",8,2026-03-26 18:02:08.412,"[""Estudiante"", ""Desarrolladora""]","5 Experto: trabajo/investigo en IA; implemento, entreno y evalúo modelos con regularidad.","Experto: trabajo/investigo en IA; implemento, entreno y evalúo modelos con regularidad.","2 Básico: reconozco animales comunes (león, elefante…), poco más.","Básico: reconozco animales comunes (león, elefante…), poco más.","[""Explicaciones con ejemplos similares"", ""Explicaciones con comparaciones o contraejemplos"", ""Explicaciones visuales (zonas destacadas en la imagen)""]","[""Transparencia: entender por qué el sistema tomó esa decisión"", ""Satisfacción: que la explicación resulte clara y útil para ti"", ""Detección de errores(Debugging): detectar fallos"", ""errores o comportamientos inesperados del sistema"", ""Educación: aprender más sobre la imagen"", ""el problema o el funcionamiento del sistema""]",,,Animales salvajes,,,,,Anchor,Grad-CAM,IG,LIME,Saliency,
C0031,U003,9,img_09,Opción F (Ninguna),1,1,1,1.0,18–24,Grado,"Estudiante, Desarrolladora",5,2,Corta: solo lo esencial,Técnico: explicación más especializada y precisa,Texto breve + imagen,Alto: el error podría tener consecuencias importantes,"Explicaciones con ejemplos similares, Explicaciones con comparaciones o contraejemplos, Explicaciones visuales (zonas destacadas en la imagen)","Transparencia: entender por qué el sistema tomó esa decisión, Satisfacción: que la explicación resulte clara y útil para ti, Detección de errores(Debugging): detectar fallos, errores o comportamientos inesperados del sistema, Educación: aprender más sobre la imagen, el problema o el funcionamiento del sistema",9,2026-03-26 18:02:08.412,"[""Estudiante"", ""Desarrolladora""]","5 Experto: trabajo/investigo en IA; implemento, entreno y evalúo modelos con regularidad.","Experto: trabajo/investigo en IA; implemento, entreno y evalúo modelos con regularidad.","2 Básico: reconozco animales comunes (león, elefante…), poco más.","Básico: reconozco animales comunes (león, elefante…), poco más.","[""Explicaciones con ejemplos similares"", ""Explicaciones con comparaciones o contraejemplos"", ""Explicaciones visuales (zonas destacadas en la imagen)""]","[""Transparencia: entender por qué el sistema tomó esa decisión"", ""Satisfacción: que la explicación resulte clara y útil para ti"", ""Detección de errores(Debugging): detectar fallos"", ""errores o comportamientos inesperados del sistema"", ""Educación: aprender más sobre la imagen"", ""el problema o el funcionamiento del sistema""]",,,Animales salvajes,,,,,Anchor,Grad-CAM,IG,LIME,Saliency,
C0032,U003,10,img_10,Opción C,3,3,3,3.0,18–24,Grado,"Estudiante, Desarrolladora",5,2,Corta: solo lo esencial,Técnico: explicación más especializada y precisa,Texto breve + imagen,Alto: el error podría tener consecuencias importantes,"Explicaciones con ejemplos similares, Explicaciones con comparaciones o contraejemplos, Explicaciones visuales (zonas destacadas en la imagen)","Transparencia: entender por qué el sistema tomó esa decisión, Satisfacción: que la explicación resulte clara y útil para ti, Detección de errores(Debugging): detectar fallos, errores o comportamientos inesperados del sistema, Educación: aprender más sobre la imagen, el problema o el funcionamiento del sistema",10,2026-03-26 18:02:08.412,"[""Estudiante"", ""Desarrolladora""]","5 Experto: trabajo/investigo en IA; implemento, entreno y evalúo modelos con regularidad.","Experto: trabajo/investigo en IA; implemento, entreno y evalúo modelos con regularidad.","2 Básico: reconozco animales comunes (león, elefante…), poco más.","Básico: reconozco animales comunes (león, elefante…), poco más.","[""Explicaciones con ejemplos similares"", ""Explicaciones con comparaciones o contraejemplos"", ""Explicaciones visuales (zonas destacadas en la imagen)""]","[""Transparencia: entender por qué el sistema tomó esa decisión"", ""Satisfacción: que la explicación resulte clara y útil para ti"", ""Detección de errores(Debugging): detectar fallos"", ""errores o comportamientos inesperados del sistema"", ""Educación: aprender más sobre la imagen"", ""el problema o el funcionamiento del sistema""]",,,Animales salvajes,,,,,Anchor,Grad-CAM,IG,LIME,Saliency,
C0033,U003,11,img_11,Opción D,4,4,4,4.0,18–24,Grado,"Estudiante, Desarrolladora",5,2,Corta: solo lo esencial,Técnico: explicación más especializada y precisa,Texto breve + imagen,Alto: el error podría tener consecuencias importantes,"Explicaciones con ejemplos similares, Explicaciones con comparaciones o contraejemplos, Explicaciones visuales (zonas destacadas en la imagen)","Transparencia: entender por qué el sistema tomó esa decisión, Satisfacción: que la explicación resulte clara y útil para ti, Detección de errores(Debugging): detectar fallos, errores o comportamientos inesperados del sistema, Educación: aprender más sobre la imagen, el problema o el funcionamiento del sistema",11,2026-03-26 18:02:08.412,"[""Estudiante"", ""Desarrolladora""]","5 Experto: trabajo/investigo en IA; implemento, entreno y evalúo modelos con regularidad.","Experto: trabajo/investigo en IA; implemento, entreno y evalúo modelos con regularidad.","2 Básico: reconozco animales comunes (león, elefante…), poco más.","Básico: reconozco animales comunes (león, elefante…), poco más.","[""Explicaciones con ejemplos similares"", ""Explicaciones con comparaciones o contraejemplos"", ""Explicaciones visuales (zonas destacadas en la imagen)""]","[""Transparencia: entender por qué el sistema tomó esa decisión"", ""Satisfacción: que la explicación resulte clara y útil para ti"", ""Detección de errores(Debugging): detectar fallos"", ""errores o comportamientos inesperados del sistema"", ""Educación: aprender más sobre la imagen"", ""el problema o el funcionamiento del sistema""]",,,Animales salvajes,,,,,Anchor,Grad-CAM,IG,LIME,Saliency,
C0034,U004,1,img_01,Opción B,3,4,2,3.0,18–24,Grado,"Estudiante, Investigador/a (académico)",4,2,Larga: explicación completa y detallada,"Intermedio: algunos términos técnicos, pero fáciles de seguir",Principalmente visual,Medio: el error podría causar cierta confusión o problema,"Explicaciones centradas en atributos o características concretas, Explicaciones basadas en reglas o razonamientos paso a paso, Explicaciones visuales (zonas destacadas en la imagen)","Transparencia: entender por qué el sistema tomó esa decisión, Eficiencia: comprender la respuesta de forma rápida, Satisfacción: que la explicación resulte clara y útil para ti",1,2026-03-27 09:17:32.518,"[""Estudiante"", ""Investigador/a (académico)""]","4 Nivel técnico: he estudiado IA/ML o he hecho proyectos; entiendo métricas, redes neuronales, overfitting, etc.","Nivel técnico: he estudiado IA/ML o he hecho proyectos; entiendo métricas, redes neuronales, overfitting, etc.","2 Básico: reconozco animales comunes (león, elefante…), poco más.","Básico: reconozco animales comunes (león, elefante…), poco más.","[""Explicaciones centradas en atributos o características concretas"", ""Explicaciones basadas en reglas o razonamientos paso a paso"", ""Explicaciones visuales (zonas destacadas en la imagen)""]","[""Transparencia: entender por qué el sistema tomó esa decisión"", ""Eficiencia: comprender la respuesta de forma rápida"", ""Satisfacción: que la explicación resulte clara y útil para ti""]",,,Animales salvajes,,,,,Anchor,Grad-CAM,IG,LIME,Saliency,
C0035,U004,2,img_02,Opción A,4,4,4,4.0,18–24,Grado,"Estudiante, Investigador/a (académico)",4,2,Larga: explicación completa y detallada,"Intermedio: algunos términos técnicos, pero fáciles de seguir",Principalmente visual,Medio: el error podría causar cierta confusión o problema,"Explicaciones centradas en atributos o características concretas, Explicaciones basadas en reglas o razonamientos paso a paso, Explicaciones visuales (zonas destacadas en la imagen)","Transparencia: entender por qué el sistema tomó esa decisión, Eficiencia: comprender la respuesta de forma rápida, Satisfacción: que la explicación resulte clara y útil para ti",2,2026-03-27 09:17:32.518,"[""Estudiante"", ""Investigador/a (académico)""]","4 Nivel técnico: he estudiado IA/ML o he hecho proyectos; entiendo métricas, redes neuronales, overfitting, etc.","Nivel técnico: he estudiado IA/ML o he hecho proyectos; entiendo métricas, redes neuronales, overfitting, etc.","2 Básico: reconozco animales comunes (león, elefante…), poco más.","Básico: reconozco animales comunes (león, elefante…), poco más.","[""Explicaciones centradas en atributos o características concretas"", ""Explicaciones basadas en reglas o razonamientos paso a paso"", ""Explicaciones visuales (zonas destacadas en la imagen)""]","[""Transparencia: entender por qué el sistema tomó esa decisión"", ""Eficiencia: comprender la respuesta de forma rápida"", ""Satisfacción: que la explicación resulte clara y útil para ti""]",,,Animales salvajes,,,,,Anchor,Grad-CAM,IG,LIME,Saliency,
C0036,U004,3,img_03,Opción A,4,4,5,4.333333333333333,18–24,Grado,"Estudiante, Investigador/a (académico)",4,2,Larga: explicación completa y detallada,"Intermedio: algunos términos técnicos, pero fáciles de seguir",Principalmente visual,Medio: el error podría causar cierta confusión o problema,"Explicaciones centradas en atributos o características concretas, Explicaciones basadas en reglas o razonamientos paso a paso, Explicaciones visuales (zonas destacadas en la imagen)","Transparencia: entender por qué el sistema tomó esa decisión, Eficiencia: comprender la respuesta de forma rápida, Satisfacción: que la explicación resulte clara y útil para ti",3,2026-03-27 09:17:32.518,"[""Estudiante"", ""Investigador/a (académico)""]","4 Nivel técnico: he estudiado IA/ML o he hecho proyectos; entiendo métricas, redes neuronales, overfitting, etc.","Nivel técnico: he estudiado IA/ML o he hecho proyectos; entiendo métricas, redes neuronales, overfitting, etc.","2 Básico: reconozco animales comunes (león, elefante…), poco más.","Básico: reconozco animales comunes (león, elefante…), poco más.","[""Explicaciones centradas en atributos o características concretas"", ""Explicaciones basadas en reglas o razonamientos paso a paso"", ""Explicaciones visuales (zonas destacadas en la imagen)""]","[""Transparencia: entender por qué el sistema tomó esa decisión"", ""Eficiencia: comprender la respuesta de forma rápida"", ""Satisfacción: que la explicación resulte clara y útil para ti""]",,,Animales salvajes,,,,,Anchor,Grad-CAM,IG,LIME,Saliency,
C0037,U004,4,img_04,Opción D,4,3,4,3.6666666666666665,18–24,Grado,"Estudiante, Investigador/a (académico)",4,2,Larga: explicación completa y detallada,"Intermedio: algunos términos técnicos, pero fáciles de seguir",Principalmente visual,Medio: el error podría causar cierta confusión o problema,"Explicaciones centradas en atributos o características concretas, Explicaciones basadas en reglas o razonamientos paso a paso, Explicaciones visuales (zonas destacadas en la imagen)","Transparencia: entender por qué el sistema tomó esa decisión, Eficiencia: comprender la respuesta de forma rápida, Satisfacción: que la explicación resulte clara y útil para ti",4,2026-03-27 09:17:32.518,"[""Estudiante"", ""Investigador/a (académico)""]","4 Nivel técnico: he estudiado IA/ML o he hecho proyectos; entiendo métricas, redes neuronales, overfitting, etc.","Nivel técnico: he estudiado IA/ML o he hecho proyectos; entiendo métricas, redes neuronales, overfitting, etc.","2 Básico: reconozco animales comunes (león, elefante…), poco más.","Básico: reconozco animales comunes (león, elefante…), poco más.","[""Explicaciones centradas en atributos o características concretas"", ""Explicaciones basadas en reglas o razonamientos paso a paso"", ""Explicaciones visuales (zonas destacadas en la imagen)""]","[""Transparencia: entender por qué el sistema tomó esa decisión"", ""Eficiencia: comprender la respuesta de forma rápida"", ""Satisfacción: que la explicación resulte clara y útil para ti""]",,,Animales salvajes,,,,,Anchor,Grad-CAM,IG,LIME,Saliency,
C0038,U004,5,img_05,Opción D,4,3,4,3.6666666666666665,18–24,Grado,"Estudiante, Investigador/a (académico)",4,2,Larga: explicación completa y detallada,"Intermedio: algunos términos técnicos, pero fáciles de seguir",Principalmente visual,Medio: el error podría causar cierta confusión o problema,"Explicaciones centradas en atributos o características concretas, Explicaciones basadas en reglas o razonamientos paso a paso, Explicaciones visuales (zonas destacadas en la imagen)","Transparencia: entender por qué el sistema tomó esa decisión, Eficiencia: comprender la respuesta de forma rápida, Satisfacción: que la explicación resulte clara y útil para ti",5,2026-03-27 09:17:32.518,"[""Estudiante"", ""Investigador/a (académico)""]","4 Nivel técnico: he estudiado IA/ML o he hecho proyectos; entiendo métricas, redes neuronales, overfitting, etc.","Nivel técnico: he estudiado IA/ML o he hecho proyectos; entiendo métricas, redes neuronales, overfitting, etc.","2 Básico: reconozco animales comunes (león, elefante…), poco más.","Básico: reconozco animales comunes (león, elefante…), poco más.","[""Explicaciones centradas en atributos o características concretas"", ""Explicaciones basadas en reglas o razonamientos paso a paso"", ""Explicaciones visuales (zonas destacadas en la imagen)""]","[""Transparencia: entender por qué el sistema tomó esa decisión"", ""Eficiencia: comprender la respuesta de forma rápida"", ""Satisfacción: que la explicación resulte clara y útil para ti""]",,,Animales salvajes,,,,,Anchor,Grad-CAM,IG,LIME,Saliency,
C0039,U004,6,img_06,Opción C,3,2,4,3.0,18–24,Grado,"Estudiante, Investigador/a (académico)",4,2,Larga: explicación completa y detallada,"Intermedio: algunos términos técnicos, pero fáciles de seguir",Principalmente visual,Medio: el error podría causar cierta confusión o problema,"Explicaciones centradas en atributos o características concretas, Explicaciones basadas en reglas o razonamientos paso a paso, Explicaciones visuales (zonas destacadas en la imagen)","Transparencia: entender por qué el sistema tomó esa decisión, Eficiencia: comprender la respuesta de forma rápida, Satisfacción: que la explicación resulte clara y útil para ti",6,2026-03-27 09:17:32.518,"[""Estudiante"", ""Investigador/a (académico)""]","4 Nivel técnico: he estudiado IA/ML o he hecho proyectos; entiendo métricas, redes neuronales, overfitting, etc.","Nivel técnico: he estudiado IA/ML o he hecho proyectos; entiendo métricas, redes neuronales, overfitting, etc.","2 Básico: reconozco animales comunes (león, elefante…), poco más.","Básico: reconozco animales comunes (león, elefante…), poco más.","[""Explicaciones centradas en atributos o características concretas"", ""Explicaciones basadas en reglas o razonamientos paso a paso"", ""Explicaciones visuales (zonas destacadas en la imagen)""]","[""Transparencia: entender por qué el sistema tomó esa decisión"", ""Eficiencia: comprender la respuesta de forma rápida"", ""Satisfacción: que la explicación resulte clara y útil para ti""]",,,Animales salvajes,,,,,Anchor,Grad-CAM,IG,LIME,Saliency,
C0040,U004,7,img_07,Opción E,4,4,5,4.333333333333333,18–24,Grado,"Estudiante, Investigador/a (académico)",4,2,Larga: explicación completa y detallada,"Intermedio: algunos términos técnicos, pero fáciles de seguir",Principalmente visual,Medio: el error podría causar cierta confusión o problema,"Explicaciones centradas en atributos o características concretas, Explicaciones basadas en reglas o razonamientos paso a paso, Explicaciones visuales (zonas destacadas en la imagen)","Transparencia: entender por qué el sistema tomó esa decisión, Eficiencia: comprender la respuesta de forma rápida, Satisfacción: que la explicación resulte clara y útil para ti",7,2026-03-27 09:17:32.518,"[""Estudiante"", ""Investigador/a (académico)""]","4 Nivel técnico: he estudiado IA/ML o he hecho proyectos; entiendo métricas, redes neuronales, overfitting, etc.","Nivel técnico: he estudiado IA/ML o he hecho proyectos; entiendo métricas, redes neuronales, overfitting, etc.","2 Básico: reconozco animales comunes (león, elefante…), poco más.","Básico: reconozco animales comunes (león, elefante…), poco más.","[""Explicaciones centradas en atributos o características concretas"", ""Explicaciones basadas en reglas o razonamientos paso a paso"", ""Explicaciones visuales (zonas destacadas en la imagen)""]","[""Transparencia: entender por qué el sistema tomó esa decisión"", ""Eficiencia: comprender la respuesta de forma rápida"", ""Satisfacción: que la explicación resulte clara y útil para ti""]",,,Animales salvajes,,,,,Anchor,Grad-CAM,IG,LIME,Saliency,
C0041,U004,8,img_08,Opción B,4,5,4,4.333333333333333,18–24,Grado,"Estudiante, Investigador/a (académico)",4,2,Larga: explicación completa y detallada,"Intermedio: algunos términos técnicos, pero fáciles de seguir",Principalmente visual,Medio: el error podría causar cierta confusión o problema,"Explicaciones centradas en atributos o características concretas, Explicaciones basadas en reglas o razonamientos paso a paso, Explicaciones visuales (zonas destacadas en la imagen)","Transparencia: entender por qué el sistema tomó esa decisión, Eficiencia: comprender la respuesta de forma rápida, Satisfacción: que la explicación resulte clara y útil para ti",8,2026-03-27 09:17:32.518,"[""Estudiante"", ""Investigador/a (académico)""]","4 Nivel técnico: he estudiado IA/ML o he hecho proyectos; entiendo métricas, redes neuronales, overfitting, etc.","Nivel técnico: he estudiado IA/ML o he hecho proyectos; entiendo métricas, redes neuronales, overfitting, etc.","2 Básico: reconozco animales comunes (león, elefante…), poco más.","Básico: reconozco animales comunes (león, elefante…), poco más.","[""Explicaciones centradas en atributos o características concretas"", ""Explicaciones basadas en reglas o razonamientos paso a paso"", ""Explicaciones visuales (zonas destacadas en la imagen)""]","[""Transparencia: entender por qué el sistema tomó esa decisión"", ""Eficiencia: comprender la respuesta de forma rápida"", ""Satisfacción: que la explicación resulte clara y útil para ti""]",,,Animales salvajes,,,,,Anchor,Grad-CAM,IG,LIME,Saliency,
C0042,U004,9,img_09,Opción B,3,4,2,3.0,18–24,Grado,"Estudiante, Investigador/a (académico)",4,2,Larga: explicación completa y detallada,"Intermedio: algunos términos técnicos, pero fáciles de seguir",Principalmente visual,Medio: el error podría causar cierta confusión o problema,"Explicaciones centradas en atributos o características concretas, Explicaciones basadas en reglas o razonamientos paso a paso, Explicaciones visuales (zonas destacadas en la imagen)","Transparencia: entender por qué el sistema tomó esa decisión, Eficiencia: comprender la respuesta de forma rápida, Satisfacción: que la explicación resulte clara y útil para ti",9,2026-03-27 09:17:32.518,"[""Estudiante"", ""Investigador/a (académico)""]","4 Nivel técnico: he estudiado IA/ML o he hecho proyectos; entiendo métricas, redes neuronales, overfitting, etc.","Nivel técnico: he estudiado IA/ML o he hecho proyectos; entiendo métricas, redes neuronales, overfitting, etc.","2 Básico: reconozco animales comunes (león, elefante…), poco más.","Básico: reconozco animales comunes (león, elefante…), poco más.","[""Explicaciones centradas en atributos o características concretas"", ""Explicaciones basadas en reglas o razonamientos paso a paso"", ""Explicaciones visuales (zonas destacadas en la imagen)""]","[""Transparencia: entender por qué el sistema tomó esa decisión"", ""Eficiencia: comprender la respuesta de forma rápida"", ""Satisfacción: que la explicación resulte clara y útil para ti""]",,,Animales salvajes,,,,,Anchor,Grad-CAM,IG,LIME,Saliency,
C0043,U004,10,img_10,Opción B,4,4,4,4.0,18–24,Grado,"Estudiante, Investigador/a (académico)",4,2,Larga: explicación completa y detallada,"Intermedio: algunos términos técnicos, pero fáciles de seguir",Principalmente visual,Medio: el error podría causar cierta confusión o problema,"Explicaciones centradas en atributos o características concretas, Explicaciones basadas en reglas o razonamientos paso a paso, Explicaciones visuales (zonas destacadas en la imagen)","Transparencia: entender por qué el sistema tomó esa decisión, Eficiencia: comprender la respuesta de forma rápida, Satisfacción: que la explicación resulte clara y útil para ti",10,2026-03-27 09:17:32.518,"[""Estudiante"", ""Investigador/a (académico)""]","4 Nivel técnico: he estudiado IA/ML o he hecho proyectos; entiendo métricas, redes neuronales, overfitting, etc.","Nivel técnico: he estudiado IA/ML o he hecho proyectos; entiendo métricas, redes neuronales, overfitting, etc.","2 Básico: reconozco animales comunes (león, elefante…), poco más.","Básico: reconozco animales comunes (león, elefante…), poco más.","[""Explicaciones centradas en atributos o características concretas"", ""Explicaciones basadas en reglas o razonamientos paso a paso"", ""Explicaciones visuales (zonas destacadas en la imagen)""]","[""Transparencia: entender por qué el sistema tomó esa decisión"", ""Eficiencia: comprender la respuesta de forma rápida"", ""Satisfacción: que la explicación resulte clara y útil para ti""]",,,Animales salvajes,,,,,Anchor,Grad-CAM,IG,LIME,Saliency,
C0044,U004,11,img_11,Opción E,4,3,5,4.0,18–24,Grado,"Estudiante, Investigador/a (académico)",4,2,Larga: explicación completa y detallada,"Intermedio: algunos términos técnicos, pero fáciles de seguir",Principalmente visual,Medio: el error podría causar cierta confusión o problema,"Explicaciones centradas en atributos o características concretas, Explicaciones basadas en reglas o razonamientos paso a paso, Explicaciones visuales (zonas destacadas en la imagen)","Transparencia: entender por qué el sistema tomó esa decisión, Eficiencia: comprender la respuesta de forma rápida, Satisfacción: que la explicación resulte clara y útil para ti",11,2026-03-27 09:17:32.518,"[""Estudiante"", ""Investigador/a (académico)""]","4 Nivel técnico: he estudiado IA/ML o he hecho proyectos; entiendo métricas, redes neuronales, overfitting, etc.","Nivel técnico: he estudiado IA/ML o he hecho proyectos; entiendo métricas, redes neuronales, overfitting, etc.","2 Básico: reconozco animales comunes (león, elefante…), poco más.","Básico: reconozco animales comunes (león, elefante…), poco más.","[""Explicaciones centradas en atributos o características concretas"", ""Explicaciones basadas en reglas o razonamientos paso a paso"", ""Explicaciones visuales (zonas destacadas en la imagen)""]","[""Transparencia: entender por qué el sistema tomó esa decisión"", ""Eficiencia: comprender la respuesta de forma rápida"", ""Satisfacción: que la explicación resulte clara y útil para ti""]",,,Animales salvajes,,,,,Anchor,Grad-CAM,IG,LIME,Saliency,
C0045,U005,1,img_01,Opción A,4,5,4,4.333333333333333,18–24,Master,Estudiante,4,3,Media: explicación breve con algo de detalle,"Intermedio: algunos términos técnicos, pero fáciles de seguir",Texto breve + imagen,Medio: el error podría causar cierta confusión o problema,"Explicaciones con ejemplos similares, Explicaciones con comparaciones o contraejemplos, Explicaciones visuales (zonas destacadas en la imagen)","Transparencia: entender por qué el sistema tomó esa decisión, Eficiencia: comprender la respuesta de forma rápida, Confianza: sentir mayor seguridad en la respuesta del sistema",1,2026-03-27 10:36:15.410,"[""Estudiante""]","4 Nivel técnico: he estudiado IA/ML o he hecho proyectos; entiendo métricas, redes neuronales, overfitting, etc.","Nivel técnico: he estudiado IA/ML o he hecho proyectos; entiendo métricas, redes neuronales, overfitting, etc.",3 Intermedio: suelo identificar bastantes y entiendo rasgos/hábitats generales.,Intermedio: suelo identificar bastantes y entiendo rasgos/hábitats generales.,"[""Explicaciones con ejemplos similares"", ""Explicaciones con comparaciones o contraejemplos"", ""Explicaciones visuales (zonas destacadas en la imagen)""]","[""Transparencia: entender por qué el sistema tomó esa decisión"", ""Eficiencia: comprender la respuesta de forma rápida"", ""Confianza: sentir mayor seguridad en la respuesta del sistema""]",,,Animales salvajes,,,,,Anchor,Grad-CAM,IG,LIME,Saliency,
C0046,U005,2,img_02,Opción B,4,5,5,4.666666666666667,18–24,Master,Estudiante,4,3,Media: explicación breve con algo de detalle,"Intermedio: algunos términos técnicos, pero fáciles de seguir",Texto breve + imagen,Medio: el error podría causar cierta confusión o problema,"Explicaciones con ejemplos similares, Explicaciones con comparaciones o contraejemplos, Explicaciones visuales (zonas destacadas en la imagen)","Transparencia: entender por qué el sistema tomó esa decisión, Eficiencia: comprender la respuesta de forma rápida, Confianza: sentir mayor seguridad en la respuesta del sistema",2,2026-03-27 10:36:15.410,"[""Estudiante""]","4 Nivel técnico: he estudiado IA/ML o he hecho proyectos; entiendo métricas, redes neuronales, overfitting, etc.","Nivel técnico: he estudiado IA/ML o he hecho proyectos; entiendo métricas, redes neuronales, overfitting, etc.",3 Intermedio: suelo identificar bastantes y entiendo rasgos/hábitats generales.,Intermedio: suelo identificar bastantes y entiendo rasgos/hábitats generales.,"[""Explicaciones con ejemplos similares"", ""Explicaciones con comparaciones o contraejemplos"", ""Explicaciones visuales (zonas destacadas en la imagen)""]","[""Transparencia: entender por qué el sistema tomó esa decisión"", ""Eficiencia: comprender la respuesta de forma rápida"", ""Confianza: sentir mayor seguridad en la respuesta del sistema""]",,,Animales salvajes,,,,,Anchor,Grad-CAM,IG,LIME,Saliency,
C0047,U005,3,img_03,Opción E,5,5,4,4.666666666666667,18–24,Master,Estudiante,4,3,Media: explicación breve con algo de detalle,"Intermedio: algunos términos técnicos, pero fáciles de seguir",Texto breve + imagen,Medio: el error podría causar cierta confusión o problema,"Explicaciones con ejemplos similares, Explicaciones con comparaciones o contraejemplos, Explicaciones visuales (zonas destacadas en la imagen)","Transparencia: entender por qué el sistema tomó esa decisión, Eficiencia: comprender la respuesta de forma rápida, Confianza: sentir mayor seguridad en la respuesta del sistema",3,2026-03-27 10:36:15.410,"[""Estudiante""]","4 Nivel técnico: he estudiado IA/ML o he hecho proyectos; entiendo métricas, redes neuronales, overfitting, etc.","Nivel técnico: he estudiado IA/ML o he hecho proyectos; entiendo métricas, redes neuronales, overfitting, etc.",3 Intermedio: suelo identificar bastantes y entiendo rasgos/hábitats generales.,Intermedio: suelo identificar bastantes y entiendo rasgos/hábitats generales.,"[""Explicaciones con ejemplos similares"", ""Explicaciones con comparaciones o contraejemplos"", ""Explicaciones visuales (zonas destacadas en la imagen)""]","[""Transparencia: entender por qué el sistema tomó esa decisión"", ""Eficiencia: comprender la respuesta de forma rápida"", ""Confianza: sentir mayor seguridad en la respuesta del sistema""]",,,Animales salvajes,,,,,Anchor,Grad-CAM,IG,LIME,Saliency,
C0048,U005,4,img_04,Opción C,4,5,5,4.666666666666667,18–24,Master,Estudiante,4,3,Media: explicación breve con algo de detalle,"Intermedio: algunos términos técnicos, pero fáciles de seguir",Texto breve + imagen,Medio: el error podría causar cierta confusión o problema,"Explicaciones con ejemplos similares, Explicaciones con comparaciones o contraejemplos, Explicaciones visuales (zonas destacadas en la imagen)","Transparencia: entender por qué el sistema tomó esa decisión, Eficiencia: comprender la respuesta de forma rápida, Confianza: sentir mayor seguridad en la respuesta del sistema",4,2026-03-27 10:36:15.410,"[""Estudiante""]","4 Nivel técnico: he estudiado IA/ML o he hecho proyectos; entiendo métricas, redes neuronales, overfitting, etc.","Nivel técnico: he estudiado IA/ML o he hecho proyectos; entiendo métricas, redes neuronales, overfitting, etc.",3 Intermedio: suelo identificar bastantes y entiendo rasgos/hábitats generales.,Intermedio: suelo identificar bastantes y entiendo rasgos/hábitats generales.,"[""Explicaciones con ejemplos similares"", ""Explicaciones con comparaciones o contraejemplos"", ""Explicaciones visuales (zonas destacadas en la imagen)""]","[""Transparencia: entender por qué el sistema tomó esa decisión"", ""Eficiencia: comprender la respuesta de forma rápida"", ""Confianza: sentir mayor seguridad en la respuesta del sistema""]",,,Animales salvajes,,,,,Anchor,Grad-CAM,IG,LIME,Saliency,
C0049,U005,5,img_05,Opción F (Ninguna),1,1,1,1.0,18–24,Master,Estudiante,4,3,Media: explicación breve con algo de detalle,"Intermedio: algunos términos técnicos, pero fáciles de seguir",Texto breve + imagen,Medio: el error podría causar cierta confusión o problema,"Explicaciones con ejemplos similares, Explicaciones con comparaciones o contraejemplos, Explicaciones visuales (zonas destacadas en la imagen)","Transparencia: entender por qué el sistema tomó esa decisión, Eficiencia: comprender la respuesta de forma rápida, Confianza: sentir mayor seguridad en la respuesta del sistema",5,2026-03-27 10:36:15.410,"[""Estudiante""]","4 Nivel técnico: he estudiado IA/ML o he hecho proyectos; entiendo métricas, redes neuronales, overfitting, etc.","Nivel técnico: he estudiado IA/ML o he hecho proyectos; entiendo métricas, redes neuronales, overfitting, etc.",3 Intermedio: suelo identificar bastantes y entiendo rasgos/hábitats generales.,Intermedio: suelo identificar bastantes y entiendo rasgos/hábitats generales.,"[""Explicaciones con ejemplos similares"", ""Explicaciones con comparaciones o contraejemplos"", ""Explicaciones visuales (zonas destacadas en la imagen)""]","[""Transparencia: entender por qué el sistema tomó esa decisión"", ""Eficiencia: comprender la respuesta de forma rápida"", ""Confianza: sentir mayor seguridad en la respuesta del sistema""]",,,Animales salvajes,,,,,Anchor,Grad-CAM,IG,LIME,Saliency,
C0050,U005,6,img_06,Opción A,5,5,5,5.0,18–24,Master,Estudiante,4,3,Media: explicación breve con algo de detalle,"Intermedio: algunos términos técnicos, pero fáciles de seguir",Texto breve + imagen,Medio: el error podría causar cierta confusión o problema,"Explicaciones con ejemplos similares, Explicaciones con comparaciones o contraejemplos, Explicaciones visuales (zonas destacadas en la imagen)","Transparencia: entender por qué el sistema tomó esa decisión, Eficiencia: comprender la respuesta de forma rápida, Confianza: sentir mayor seguridad en la respuesta del sistema",6,2026-03-27 10:36:15.410,"[""Estudiante""]","4 Nivel técnico: he estudiado IA/ML o he hecho proyectos; entiendo métricas, redes neuronales, overfitting, etc.","Nivel técnico: he estudiado IA/ML o he hecho proyectos; entiendo métricas, redes neuronales, overfitting, etc.",3 Intermedio: suelo identificar bastantes y entiendo rasgos/hábitats generales.,Intermedio: suelo identificar bastantes y entiendo rasgos/hábitats generales.,"[""Explicaciones con ejemplos similares"", ""Explicaciones con comparaciones o contraejemplos"", ""Explicaciones visuales (zonas destacadas en la imagen)""]","[""Transparencia: entender por qué el sistema tomó esa decisión"", ""Eficiencia: comprender la respuesta de forma rápida"", ""Confianza: sentir mayor seguridad en la respuesta del sistema""]",,,Animales salvajes,,,,,Anchor,Grad-CAM,IG,LIME,Saliency,
C0051,U005,7,img_07,Opción B,3,3,4,3.3333333333333335,18–24,Master,Estudiante,4,3,Media: explicación breve con algo de detalle,"Intermedio: algunos términos técnicos, pero fáciles de seguir",Texto breve + imagen,Medio: el error podría causar cierta confusión o problema,"Explicaciones con ejemplos similares, Explicaciones con comparaciones o contraejemplos, Explicaciones visuales (zonas destacadas en la imagen)","Transparencia: entender por qué el sistema tomó esa decisión, Eficiencia: comprender la respuesta de forma rápida, Confianza: sentir mayor seguridad en la respuesta del sistema",7,2026-03-27 10:36:15.410,"[""Estudiante""]","4 Nivel técnico: he estudiado IA/ML o he hecho proyectos; entiendo métricas, redes neuronales, overfitting, etc.","Nivel técnico: he estudiado IA/ML o he hecho proyectos; entiendo métricas, redes neuronales, overfitting, etc.",3 Intermedio: suelo identificar bastantes y entiendo rasgos/hábitats generales.,Intermedio: suelo identificar bastantes y entiendo rasgos/hábitats generales.,"[""Explicaciones con ejemplos similares"", ""Explicaciones con comparaciones o contraejemplos"", ""Explicaciones visuales (zonas destacadas en la imagen)""]","[""Transparencia: entender por qué el sistema tomó esa decisión"", ""Eficiencia: comprender la respuesta de forma rápida"", ""Confianza: sentir mayor seguridad en la respuesta del sistema""]",,,Animales salvajes,,,,,Anchor,Grad-CAM,IG,LIME,Saliency,
C0052,U005,8,img_08,Opción B,3,4,5,4.0,18–24,Master,Estudiante,4,3,Media: explicación breve con algo de detalle,"Intermedio: algunos términos técnicos, pero fáciles de seguir",Texto breve + imagen,Medio: el error podría causar cierta confusión o problema,"Explicaciones con ejemplos similares, Explicaciones con comparaciones o contraejemplos, Explicaciones visuales (zonas destacadas en la imagen)","Transparencia: entender por qué el sistema tomó esa decisión, Eficiencia: comprender la respuesta de forma rápida, Confianza: sentir mayor seguridad en la respuesta del sistema",8,2026-03-27 10:36:15.410,"[""Estudiante""]","4 Nivel técnico: he estudiado IA/ML o he hecho proyectos; entiendo métricas, redes neuronales, overfitting, etc.","Nivel técnico: he estudiado IA/ML o he hecho proyectos; entiendo métricas, redes neuronales, overfitting, etc.",3 Intermedio: suelo identificar bastantes y entiendo rasgos/hábitats generales.,Intermedio: suelo identificar bastantes y entiendo rasgos/hábitats generales.,"[""Explicaciones con ejemplos similares"", ""Explicaciones con comparaciones o contraejemplos"", ""Explicaciones visuales (zonas destacadas en la imagen)""]","[""Transparencia: entender por qué el sistema tomó esa decisión"", ""Eficiencia: comprender la respuesta de forma rápida"", ""Confianza: sentir mayor seguridad en la respuesta del sistema""]",,,Animales salvajes,,,,,Anchor,Grad-CAM,IG,LIME,Saliency,
C0053,U005,9,img_09,Opción E,4,3,4,3.6666666666666665,18–24,Master,Estudiante,4,3,Media: explicación breve con algo de detalle,"Intermedio: algunos términos técnicos, pero fáciles de seguir",Texto breve + imagen,Medio: el error podría causar cierta confusión o problema,"Explicaciones con ejemplos similares, Explicaciones con comparaciones o contraejemplos, Explicaciones visuales (zonas destacadas en la imagen)","Transparencia: entender por qué el sistema tomó esa decisión, Eficiencia: comprender la respuesta de forma rápida, Confianza: sentir mayor seguridad en la respuesta del sistema",9,2026-03-27 10:36:15.410,"[""Estudiante""]","4 Nivel técnico: he estudiado IA/ML o he hecho proyectos; entiendo métricas, redes neuronales, overfitting, etc.","Nivel técnico: he estudiado IA/ML o he hecho proyectos; entiendo métricas, redes neuronales, overfitting, etc.",3 Intermedio: suelo identificar bastantes y entiendo rasgos/hábitats generales.,Intermedio: suelo identificar bastantes y entiendo rasgos/hábitats generales.,"[""Explicaciones con ejemplos similares"", ""Explicaciones con comparaciones o contraejemplos"", ""Explicaciones visuales (zonas destacadas en la imagen)""]","[""Transparencia: entender por qué el sistema tomó esa decisión"", ""Eficiencia: comprender la respuesta de forma rápida"", ""Confianza: sentir mayor seguridad en la respuesta del sistema""]",,,Animales salvajes,,,,,Anchor,Grad-CAM,IG,LIME,Saliency,
C0054,U005,10,img_10,Opción E,4,4,4,4.0,18–24,Master,Estudiante,4,3,Media: explicación breve con algo de detalle,"Intermedio: algunos términos técnicos, pero fáciles de seguir",Texto breve + imagen,Medio: el error podría causar cierta confusión o problema,"Explicaciones con ejemplos similares, Explicaciones con comparaciones o contraejemplos, Explicaciones visuales (zonas destacadas en la imagen)","Transparencia: entender por qué el sistema tomó esa decisión, Eficiencia: comprender la respuesta de forma rápida, Confianza: sentir mayor seguridad en la respuesta del sistema",10,2026-03-27 10:36:15.410,"[""Estudiante""]","4 Nivel técnico: he estudiado IA/ML o he hecho proyectos; entiendo métricas, redes neuronales, overfitting, etc.","Nivel técnico: he estudiado IA/ML o he hecho proyectos; entiendo métricas, redes neuronales, overfitting, etc.",3 Intermedio: suelo identificar bastantes y entiendo rasgos/hábitats generales.,Intermedio: suelo identificar bastantes y entiendo rasgos/hábitats generales.,"[""Explicaciones con ejemplos similares"", ""Explicaciones con comparaciones o contraejemplos"", ""Explicaciones visuales (zonas destacadas en la imagen)""]","[""Transparencia: entender por qué el sistema tomó esa decisión"", ""Eficiencia: comprender la respuesta de forma rápida"", ""Confianza: sentir mayor seguridad en la respuesta del sistema""]",,,Animales salvajes,,,,,Anchor,Grad-CAM,IG,LIME,Saliency,
C0055,U005,11,img_11,Opción B,4,4,4,4.0,18–24,Master,Estudiante,4,3,Media: explicación breve con algo de detalle,"Intermedio: algunos términos técnicos, pero fáciles de seguir",Texto breve + imagen,Medio: el error podría causar cierta confusión o problema,"Explicaciones con ejemplos similares, Explicaciones con comparaciones o contraejemplos, Explicaciones visuales (zonas destacadas en la imagen)","Transparencia: entender por qué el sistema tomó esa decisión, Eficiencia: comprender la respuesta de forma rápida, Confianza: sentir mayor seguridad en la respuesta del sistema",11,2026-03-27 10:36:15.410,"[""Estudiante""]","4 Nivel técnico: he estudiado IA/ML o he hecho proyectos; entiendo métricas, redes neuronales, overfitting, etc.","Nivel técnico: he estudiado IA/ML o he hecho proyectos; entiendo métricas, redes neuronales, overfitting, etc.",3 Intermedio: suelo identificar bastantes y entiendo rasgos/hábitats generales.,Intermedio: suelo identificar bastantes y entiendo rasgos/hábitats generales.,"[""Explicaciones con ejemplos similares"", ""Explicaciones con comparaciones o contraejemplos"", ""Explicaciones visuales (zonas destacadas en la imagen)""]","[""Transparencia: entender por qué el sistema tomó esa decisión"", ""Eficiencia: comprender la respuesta de forma rápida"", ""Confianza: sentir mayor seguridad en la respuesta del sistema""]",,,Animales salvajes,,,,,Anchor,Grad-CAM,IG,LIME,Saliency,
C0056,U006,1,img_01,Opción B,2,3,3,2.6666666666666665,25–34,Grado,"Estudiante, Profesional del sector tecnológico / IA / datos",4,3,Corta: solo lo esencial,"Intermedio: algunos términos técnicos, pero fáciles de seguir",Texto breve + imagen,Medio: el error podría causar cierta confusión o problema,"Explicaciones centradas en atributos o características concretas, Explicaciones basadas en reglas o razonamientos paso a paso","Transparencia: entender por qué el sistema tomó esa decisión, Confianza: sentir mayor seguridad en la respuesta del sistema",1,2026-04-01 11:34:18.496,"[""Estudiante"", ""Profesional del sector tecnológico / IA / datos""]","4 Nivel técnico: he estudiado IA/ML o he hecho proyectos; entiendo métricas, redes neuronales, overfitting, etc.","Nivel técnico: he estudiado IA/ML o he hecho proyectos; entiendo métricas, redes neuronales, overfitting, etc.",3 Intermedio: suelo identificar bastantes y entiendo rasgos/hábitats generales.,Intermedio: suelo identificar bastantes y entiendo rasgos/hábitats generales.,"[""Explicaciones centradas en atributos o características concretas"", ""Explicaciones basadas en reglas o razonamientos paso a paso""]","[""Transparencia: entender por qué el sistema tomó esa decisión"", ""Confianza: sentir mayor seguridad en la respuesta del sistema""]",,,Animales salvajes,,,,,Anchor,Grad-CAM,IG,LIME,Saliency,
C0057,U006,2,img_02,Opción B,3,3,3,3.0,25–34,Grado,"Estudiante, Profesional del sector tecnológico / IA / datos",4,3,Corta: solo lo esencial,"Intermedio: algunos términos técnicos, pero fáciles de seguir",Texto breve + imagen,Medio: el error podría causar cierta confusión o problema,"Explicaciones centradas en atributos o características concretas, Explicaciones basadas en reglas o razonamientos paso a paso","Transparencia: entender por qué el sistema tomó esa decisión, Confianza: sentir mayor seguridad en la respuesta del sistema",2,2026-04-01 11:34:18.496,"[""Estudiante"", ""Profesional del sector tecnológico / IA / datos""]","4 Nivel técnico: he estudiado IA/ML o he hecho proyectos; entiendo métricas, redes neuronales, overfitting, etc.","Nivel técnico: he estudiado IA/ML o he hecho proyectos; entiendo métricas, redes neuronales, overfitting, etc.",3 Intermedio: suelo identificar bastantes y entiendo rasgos/hábitats generales.,Intermedio: suelo identificar bastantes y entiendo rasgos/hábitats generales.,"[""Explicaciones centradas en atributos o características concretas"", ""Explicaciones basadas en reglas o razonamientos paso a paso""]","[""Transparencia: entender por qué el sistema tomó esa decisión"", ""Confianza: sentir mayor seguridad en la respuesta del sistema""]",,,Animales salvajes,,,,,Anchor,Grad-CAM,IG,LIME,Saliency,
C0058,U006,3,img_03,Opción B,2,2,3,2.3333333333333335,25–34,Grado,"Estudiante, Profesional del sector tecnológico / IA / datos",4,3,Corta: solo lo esencial,"Intermedio: algunos términos técnicos, pero fáciles de seguir",Texto breve + imagen,Medio: el error podría causar cierta confusión o problema,"Explicaciones centradas en atributos o características concretas, Explicaciones basadas en reglas o razonamientos paso a paso","Transparencia: entender por qué el sistema tomó esa decisión, Confianza: sentir mayor seguridad en la respuesta del sistema",3,2026-04-01 11:34:18.496,"[""Estudiante"", ""Profesional del sector tecnológico / IA / datos""]","4 Nivel técnico: he estudiado IA/ML o he hecho proyectos; entiendo métricas, redes neuronales, overfitting, etc.","Nivel técnico: he estudiado IA/ML o he hecho proyectos; entiendo métricas, redes neuronales, overfitting, etc.",3 Intermedio: suelo identificar bastantes y entiendo rasgos/hábitats generales.,Intermedio: suelo identificar bastantes y entiendo rasgos/hábitats generales.,"[""Explicaciones centradas en atributos o características concretas"", ""Explicaciones basadas en reglas o razonamientos paso a paso""]","[""Transparencia: entender por qué el sistema tomó esa decisión"", ""Confianza: sentir mayor seguridad en la respuesta del sistema""]",,,Animales salvajes,,,,,Anchor,Grad-CAM,IG,LIME,Saliency,
C0059,U006,4,img_04,Opción B,3,4,3,3.3333333333333335,25–34,Grado,"Estudiante, Profesional del sector tecnológico / IA / datos",4,3,Corta: solo lo esencial,"Intermedio: algunos términos técnicos, pero fáciles de seguir",Texto breve + imagen,Medio: el error podría causar cierta confusión o problema,"Explicaciones centradas en atributos o características concretas, Explicaciones basadas en reglas o razonamientos paso a paso","Transparencia: entender por qué el sistema tomó esa decisión, Confianza: sentir mayor seguridad en la respuesta del sistema",4,2026-04-01 11:34:18.496,"[""Estudiante"", ""Profesional del sector tecnológico / IA / datos""]","4 Nivel técnico: he estudiado IA/ML o he hecho proyectos; entiendo métricas, redes neuronales, overfitting, etc.","Nivel técnico: he estudiado IA/ML o he hecho proyectos; entiendo métricas, redes neuronales, overfitting, etc.",3 Intermedio: suelo identificar bastantes y entiendo rasgos/hábitats generales.,Intermedio: suelo identificar bastantes y entiendo rasgos/hábitats generales.,"[""Explicaciones centradas en atributos o características concretas"", ""Explicaciones basadas en reglas o razonamientos paso a paso""]","[""Transparencia: entender por qué el sistema tomó esa decisión"", ""Confianza: sentir mayor seguridad en la respuesta del sistema""]",,,Animales salvajes,,,,,Anchor,Grad-CAM,IG,LIME,Saliency,
C0060,U006,5,img_05,Opción F (Ninguna),1,1,1,1.0,25–34,Grado,"Estudiante, Profesional del sector tecnológico / IA / datos",4,3,Corta: solo lo esencial,"Intermedio: algunos términos técnicos, pero fáciles de seguir",Texto breve + imagen,Medio: el error podría causar cierta confusión o problema,"Explicaciones centradas en atributos o características concretas, Explicaciones basadas en reglas o razonamientos paso a paso","Transparencia: entender por qué el sistema tomó esa decisión, Confianza: sentir mayor seguridad en la respuesta del sistema",5,2026-04-01 11:34:18.496,"[""Estudiante"", ""Profesional del sector tecnológico / IA / datos""]","4 Nivel técnico: he estudiado IA/ML o he hecho proyectos; entiendo métricas, redes neuronales, overfitting, etc.","Nivel técnico: he estudiado IA/ML o he hecho proyectos; entiendo métricas, redes neuronales, overfitting, etc.",3 Intermedio: suelo identificar bastantes y entiendo rasgos/hábitats generales.,Intermedio: suelo identificar bastantes y entiendo rasgos/hábitats generales.,"[""Explicaciones centradas en atributos o características concretas"", ""Explicaciones basadas en reglas o razonamientos paso a paso""]","[""Transparencia: entender por qué el sistema tomó esa decisión"", ""Confianza: sentir mayor seguridad en la respuesta del sistema""]",,,Animales salvajes,,,,,Anchor,Grad-CAM,IG,LIME,Saliency,
C0061,U006,6,img_06,Opción A,3,4,4,3.6666666666666665,25–34,Grado,"Estudiante, Profesional del sector tecnológico / IA / datos",4,3,Corta: solo lo esencial,"Intermedio: algunos términos técnicos, pero fáciles de seguir",Texto breve + imagen,Medio: el error podría causar cierta confusión o problema,"Explicaciones centradas en atributos o características concretas, Explicaciones basadas en reglas o razonamientos paso a paso","Transparencia: entender por qué el sistema tomó esa decisión, Confianza: sentir mayor seguridad en la respuesta del sistema",6,2026-04-01 11:34:18.496,"[""Estudiante"", ""Profesional del sector tecnológico / IA / datos""]","4 Nivel técnico: he estudiado IA/ML o he hecho proyectos; entiendo métricas, redes neuronales, overfitting, etc.","Nivel técnico: he estudiado IA/ML o he hecho proyectos; entiendo métricas, redes neuronales, overfitting, etc.",3 Intermedio: suelo identificar bastantes y entiendo rasgos/hábitats generales.,Intermedio: suelo identificar bastantes y entiendo rasgos/hábitats generales.,"[""Explicaciones centradas en atributos o características concretas"", ""Explicaciones basadas en reglas o razonamientos paso a paso""]","[""Transparencia: entender por qué el sistema tomó esa decisión"", ""Confianza: sentir mayor seguridad en la respuesta del sistema""]",,,Animales salvajes,,,,,Anchor,Grad-CAM,IG,LIME,Saliency,
C0062,U006,7,img_07,Opción B,2,3,3,2.6666666666666665,25–34,Grado,"Estudiante, Profesional del sector tecnológico / IA / datos",4,3,Corta: solo lo esencial,"Intermedio: algunos términos técnicos, pero fáciles de seguir",Texto breve + imagen,Medio: el error podría causar cierta confusión o problema,"Explicaciones centradas en atributos o características concretas, Explicaciones basadas en reglas o razonamientos paso a paso","Transparencia: entender por qué el sistema tomó esa decisión, Confianza: sentir mayor seguridad en la respuesta del sistema",7,2026-04-01 11:34:18.496,"[""Estudiante"", ""Profesional del sector tecnológico / IA / datos""]","4 Nivel técnico: he estudiado IA/ML o he hecho proyectos; entiendo métricas, redes neuronales, overfitting, etc.","Nivel técnico: he estudiado IA/ML o he hecho proyectos; entiendo métricas, redes neuronales, overfitting, etc.",3 Intermedio: suelo identificar bastantes y entiendo rasgos/hábitats generales.,Intermedio: suelo identificar bastantes y entiendo rasgos/hábitats generales.,"[""Explicaciones centradas en atributos o características concretas"", ""Explicaciones basadas en reglas o razonamientos paso a paso""]","[""Transparencia: entender por qué el sistema tomó esa decisión"", ""Confianza: sentir mayor seguridad en la respuesta del sistema""]",,,Animales salvajes,,,,,Anchor,Grad-CAM,IG,LIME,Saliency,
C0063,U006,8,img_08,Opción F (Ninguna),1,1,1,1.0,25–34,Grado,"Estudiante, Profesional del sector tecnológico / IA / datos",4,3,Corta: solo lo esencial,"Intermedio: algunos términos técnicos, pero fáciles de seguir",Texto breve + imagen,Medio: el error podría causar cierta confusión o problema,"Explicaciones centradas en atributos o características concretas, Explicaciones basadas en reglas o razonamientos paso a paso","Transparencia: entender por qué el sistema tomó esa decisión, Confianza: sentir mayor seguridad en la respuesta del sistema",8,2026-04-01 11:34:18.496,"[""Estudiante"", ""Profesional del sector tecnológico / IA / datos""]","4 Nivel técnico: he estudiado IA/ML o he hecho proyectos; entiendo métricas, redes neuronales, overfitting, etc.","Nivel técnico: he estudiado IA/ML o he hecho proyectos; entiendo métricas, redes neuronales, overfitting, etc.",3 Intermedio: suelo identificar bastantes y entiendo rasgos/hábitats generales.,Intermedio: suelo identificar bastantes y entiendo rasgos/hábitats generales.,"[""Explicaciones centradas en atributos o características concretas"", ""Explicaciones basadas en reglas o razonamientos paso a paso""]","[""Transparencia: entender por qué el sistema tomó esa decisión"", ""Confianza: sentir mayor seguridad en la respuesta del sistema""]",,,Animales salvajes,,,,,Anchor,Grad-CAM,IG,LIME,Saliency,
C0064,U006,9,img_09,Opción B,2,3,2,2.3333333333333335,25–34,Grado,"Estudiante, Profesional del sector tecnológico / IA / datos",4,3,Corta: solo lo esencial,"Intermedio: algunos términos técnicos, pero fáciles de seguir",Texto breve + imagen,Medio: el error podría causar cierta confusión o problema,"Explicaciones centradas en atributos o características concretas, Explicaciones basadas en reglas o razonamientos paso a paso","Transparencia: entender por qué el sistema tomó esa decisión, Confianza: sentir mayor seguridad en la respuesta del sistema",9,2026-04-01 11:34:18.496,"[""Estudiante"", ""Profesional del sector tecnológico / IA / datos""]","4 Nivel técnico: he estudiado IA/ML o he hecho proyectos; entiendo métricas, redes neuronales, overfitting, etc.","Nivel técnico: he estudiado IA/ML o he hecho proyectos; entiendo métricas, redes neuronales, overfitting, etc.",3 Intermedio: suelo identificar bastantes y entiendo rasgos/hábitats generales.,Intermedio: suelo identificar bastantes y entiendo rasgos/hábitats generales.,"[""Explicaciones centradas en atributos o características concretas"", ""Explicaciones basadas en reglas o razonamientos paso a paso""]","[""Transparencia: entender por qué el sistema tomó esa decisión"", ""Confianza: sentir mayor seguridad en la respuesta del sistema""]",,,Animales salvajes,,,,,Anchor,Grad-CAM,IG,LIME,Saliency,
C0065,U006,10,img_10,Opción B,3,4,3,3.3333333333333335,25–34,Grado,"Estudiante, Profesional del sector tecnológico / IA / datos",4,3,Corta: solo lo esencial,"Intermedio: algunos términos técnicos, pero fáciles de seguir",Texto breve + imagen,Medio: el error podría causar cierta confusión o problema,"Explicaciones centradas en atributos o características concretas, Explicaciones basadas en reglas o razonamientos paso a paso","Transparencia: entender por qué el sistema tomó esa decisión, Confianza: sentir mayor seguridad en la respuesta del sistema",10,2026-04-01 11:34:18.496,"[""Estudiante"", ""Profesional del sector tecnológico / IA / datos""]","4 Nivel técnico: he estudiado IA/ML o he hecho proyectos; entiendo métricas, redes neuronales, overfitting, etc.","Nivel técnico: he estudiado IA/ML o he hecho proyectos; entiendo métricas, redes neuronales, overfitting, etc.",3 Intermedio: suelo identificar bastantes y entiendo rasgos/hábitats generales.,Intermedio: suelo identificar bastantes y entiendo rasgos/hábitats generales.,"[""Explicaciones centradas en atributos o características concretas"", ""Explicaciones basadas en reglas o razonamientos paso a paso""]","[""Transparencia: entender por qué el sistema tomó esa decisión"", ""Confianza: sentir mayor seguridad en la respuesta del sistema""]",,,Animales salvajes,,,,,Anchor,Grad-CAM,IG,LIME,Saliency,
C0066,U006,11,img_11,Opción B,4,3,3,3.3333333333333335,25–34,Grado,"Estudiante, Profesional del sector tecnológico / IA / datos",4,3,Corta: solo lo esencial,"Intermedio: algunos términos técnicos, pero fáciles de seguir",Texto breve + imagen,Medio: el error podría causar cierta confusión o problema,"Explicaciones centradas en atributos o características concretas, Explicaciones basadas en reglas o razonamientos paso a paso","Transparencia: entender por qué el sistema tomó esa decisión, Confianza: sentir mayor seguridad en la respuesta del sistema",11,2026-04-01 11:34:18.496,"[""Estudiante"", ""Profesional del sector tecnológico / IA / datos""]","4 Nivel técnico: he estudiado IA/ML o he hecho proyectos; entiendo métricas, redes neuronales, overfitting, etc.","Nivel técnico: he estudiado IA/ML o he hecho proyectos; entiendo métricas, redes neuronales, overfitting, etc.",3 Intermedio: suelo identificar bastantes y entiendo rasgos/hábitats generales.,Intermedio: suelo identificar bastantes y entiendo rasgos/hábitats generales.,"[""Explicaciones centradas en atributos o características concretas"", ""Explicaciones basadas en reglas o razonamientos paso a paso""]","[""Transparencia: entender por qué el sistema tomó esa decisión"", ""Confianza: sentir mayor seguridad en la respuesta del sistema""]",,,Animales salvajes,,,,,Anchor,Grad-CAM,IG,LIME,Saliency,
C0067,U007,1,img_01,Opción B,4,4,4,4.0,18–24,Master,"Estudiante, Investigador/a (académico), Docente / profesor/a",5,3,Corta: solo lo esencial,Simple: lenguaje claro y sin tecnicismos,Texto breve + imagen,Bajo: el error apenas tendría consecuencias,"Explicaciones centradas en atributos o características concretas, Explicaciones basadas en reglas o razonamientos paso a paso","Transparencia: entender por qué el sistema tomó esa decisión, Confianza: sentir mayor seguridad en la respuesta del sistema, Satisfacción: que la explicación resulte clara y útil para ti, Persuasión: convencerte de que la decisión del sistema está justificada, Detección de errores(Debugging): detectar fallos, errores o comportamientos inesperados del sistema",1,2026-04-01 11:34:56.282,"[""Estudiante"", ""Investigador/a (académico)"", ""Docente / profesor/a""]","5 Experto: trabajo/investigo en IA; implemento, entreno y evalúo modelos con regularidad.","Experto: trabajo/investigo en IA; implemento, entreno y evalúo modelos con regularidad.",3 Intermedio: suelo identificar bastantes y entiendo rasgos/hábitats generales.,Intermedio: suelo identificar bastantes y entiendo rasgos/hábitats generales.,"[""Explicaciones centradas en atributos o características concretas"", ""Explicaciones basadas en reglas o razonamientos paso a paso""]","[""Transparencia: entender por qué el sistema tomó esa decisión"", ""Confianza: sentir mayor seguridad en la respuesta del sistema"", ""Satisfacción: que la explicación resulte clara y útil para ti"", ""Persuasión: convencerte de que la decisión del sistema está justificada"", ""Detección de errores(Debugging): detectar fallos"", ""errores o comportamientos inesperados del sistema""]",,,Animales salvajes,,,,,Anchor,Grad-CAM,IG,LIME,Saliency,
C0068,U007,2,img_02,Opción B,4,4,4,4.0,18–24,Master,"Estudiante, Investigador/a (académico), Docente / profesor/a",5,3,Corta: solo lo esencial,Simple: lenguaje claro y sin tecnicismos,Texto breve + imagen,Bajo: el error apenas tendría consecuencias,"Explicaciones centradas en atributos o características concretas, Explicaciones basadas en reglas o razonamientos paso a paso","Transparencia: entender por qué el sistema tomó esa decisión, Confianza: sentir mayor seguridad en la respuesta del sistema, Satisfacción: que la explicación resulte clara y útil para ti, Persuasión: convencerte de que la decisión del sistema está justificada, Detección de errores(Debugging): detectar fallos, errores o comportamientos inesperados del sistema",2,2026-04-01 11:34:56.282,"[""Estudiante"", ""Investigador/a (académico)"", ""Docente / profesor/a""]","5 Experto: trabajo/investigo en IA; implemento, entreno y evalúo modelos con regularidad.","Experto: trabajo/investigo en IA; implemento, entreno y evalúo modelos con regularidad.",3 Intermedio: suelo identificar bastantes y entiendo rasgos/hábitats generales.,Intermedio: suelo identificar bastantes y entiendo rasgos/hábitats generales.,"[""Explicaciones centradas en atributos o características concretas"", ""Explicaciones basadas en reglas o razonamientos paso a paso""]","[""Transparencia: entender por qué el sistema tomó esa decisión"", ""Confianza: sentir mayor seguridad en la respuesta del sistema"", ""Satisfacción: que la explicación resulte clara y útil para ti"", ""Persuasión: convencerte de que la decisión del sistema está justificada"", ""Detección de errores(Debugging): detectar fallos"", ""errores o comportamientos inesperados del sistema""]",,,Animales salvajes,,,,,Anchor,Grad-CAM,IG,LIME,Saliency,
C0069,U007,3,img_03,Opción E,3,4,4,3.6666666666666665,18–24,Master,"Estudiante, Investigador/a (académico), Docente / profesor/a",5,3,Corta: solo lo esencial,Simple: lenguaje claro y sin tecnicismos,Texto breve + imagen,Bajo: el error apenas tendría consecuencias,"Explicaciones centradas en atributos o características concretas, Explicaciones basadas en reglas o razonamientos paso a paso","Transparencia: entender por qué el sistema tomó esa decisión, Confianza: sentir mayor seguridad en la respuesta del sistema, Satisfacción: que la explicación resulte clara y útil para ti, Persuasión: convencerte de que la decisión del sistema está justificada, Detección de errores(Debugging): detectar fallos, errores o comportamientos inesperados del sistema",3,2026-04-01 11:34:56.282,"[""Estudiante"", ""Investigador/a (académico)"", ""Docente / profesor/a""]","5 Experto: trabajo/investigo en IA; implemento, entreno y evalúo modelos con regularidad.","Experto: trabajo/investigo en IA; implemento, entreno y evalúo modelos con regularidad.",3 Intermedio: suelo identificar bastantes y entiendo rasgos/hábitats generales.,Intermedio: suelo identificar bastantes y entiendo rasgos/hábitats generales.,"[""Explicaciones centradas en atributos o características concretas"", ""Explicaciones basadas en reglas o razonamientos paso a paso""]","[""Transparencia: entender por qué el sistema tomó esa decisión"", ""Confianza: sentir mayor seguridad en la respuesta del sistema"", ""Satisfacción: que la explicación resulte clara y útil para ti"", ""Persuasión: convencerte de que la decisión del sistema está justificada"", ""Detección de errores(Debugging): detectar fallos"", ""errores o comportamientos inesperados del sistema""]",,,Animales salvajes,,,,,Anchor,Grad-CAM,IG,LIME,Saliency,
C0070,U007,4,img_04,Opción C,2,4,3,3.0,18–24,Master,"Estudiante, Investigador/a (académico), Docente / profesor/a",5,3,Corta: solo lo esencial,Simple: lenguaje claro y sin tecnicismos,Texto breve + imagen,Bajo: el error apenas tendría consecuencias,"Explicaciones centradas en atributos o características concretas, Explicaciones basadas en reglas o razonamientos paso a paso","Transparencia: entender por qué el sistema tomó esa decisión, Confianza: sentir mayor seguridad en la respuesta del sistema, Satisfacción: que la explicación resulte clara y útil para ti, Persuasión: convencerte de que la decisión del sistema está justificada, Detección de errores(Debugging): detectar fallos, errores o comportamientos inesperados del sistema",4,2026-04-01 11:34:56.282,"[""Estudiante"", ""Investigador/a (académico)"", ""Docente / profesor/a""]","5 Experto: trabajo/investigo en IA; implemento, entreno y evalúo modelos con regularidad.","Experto: trabajo/investigo en IA; implemento, entreno y evalúo modelos con regularidad.",3 Intermedio: suelo identificar bastantes y entiendo rasgos/hábitats generales.,Intermedio: suelo identificar bastantes y entiendo rasgos/hábitats generales.,"[""Explicaciones centradas en atributos o características concretas"", ""Explicaciones basadas en reglas o razonamientos paso a paso""]","[""Transparencia: entender por qué el sistema tomó esa decisión"", ""Confianza: sentir mayor seguridad en la respuesta del sistema"", ""Satisfacción: que la explicación resulte clara y útil para ti"", ""Persuasión: convencerte de que la decisión del sistema está justificada"", ""Detección de errores(Debugging): detectar fallos"", ""errores o comportamientos inesperados del sistema""]",,,Animales salvajes,,,,,Anchor,Grad-CAM,IG,LIME,Saliency,
C0071,U007,5,img_05,Opción F (Ninguna),1,3,1,1.6666666666666667,18–24,Master,"Estudiante, Investigador/a (académico), Docente / profesor/a",5,3,Corta: solo lo esencial,Simple: lenguaje claro y sin tecnicismos,Texto breve + imagen,Bajo: el error apenas tendría consecuencias,"Explicaciones centradas en atributos o características concretas, Explicaciones basadas en reglas o razonamientos paso a paso","Transparencia: entender por qué el sistema tomó esa decisión, Confianza: sentir mayor seguridad en la respuesta del sistema, Satisfacción: que la explicación resulte clara y útil para ti, Persuasión: convencerte de que la decisión del sistema está justificada, Detección de errores(Debugging): detectar fallos, errores o comportamientos inesperados del sistema",5,2026-04-01 11:34:56.282,"[""Estudiante"", ""Investigador/a (académico)"", ""Docente / profesor/a""]","5 Experto: trabajo/investigo en IA; implemento, entreno y evalúo modelos con regularidad.","Experto: trabajo/investigo en IA; implemento, entreno y evalúo modelos con regularidad.",3 Intermedio: suelo identificar bastantes y entiendo rasgos/hábitats generales.,Intermedio: suelo identificar bastantes y entiendo rasgos/hábitats generales.,"[""Explicaciones centradas en atributos o características concretas"", ""Explicaciones basadas en reglas o razonamientos paso a paso""]","[""Transparencia: entender por qué el sistema tomó esa decisión"", ""Confianza: sentir mayor seguridad en la respuesta del sistema"", ""Satisfacción: que la explicación resulte clara y útil para ti"", ""Persuasión: convencerte de que la decisión del sistema está justificada"", ""Detección de errores(Debugging): detectar fallos"", ""errores o comportamientos inesperados del sistema""]",,,Animales salvajes,,,,,Anchor,Grad-CAM,IG,LIME,Saliency,
C0072,U007,6,img_06,Opción A,4,4,4,4.0,18–24,Master,"Estudiante, Investigador/a (académico), Docente / profesor/a",5,3,Corta: solo lo esencial,Simple: lenguaje claro y sin tecnicismos,Texto breve + imagen,Bajo: el error apenas tendría consecuencias,"Explicaciones centradas en atributos o características concretas, Explicaciones basadas en reglas o razonamientos paso a paso","Transparencia: entender por qué el sistema tomó esa decisión, Confianza: sentir mayor seguridad en la respuesta del sistema, Satisfacción: que la explicación resulte clara y útil para ti, Persuasión: convencerte de que la decisión del sistema está justificada, Detección de errores(Debugging): detectar fallos, errores o comportamientos inesperados del sistema",6,2026-04-01 11:34:56.282,"[""Estudiante"", ""Investigador/a (académico)"", ""Docente / profesor/a""]","5 Experto: trabajo/investigo en IA; implemento, entreno y evalúo modelos con regularidad.","Experto: trabajo/investigo en IA; implemento, entreno y evalúo modelos con regularidad.",3 Intermedio: suelo identificar bastantes y entiendo rasgos/hábitats generales.,Intermedio: suelo identificar bastantes y entiendo rasgos/hábitats generales.,"[""Explicaciones centradas en atributos o características concretas"", ""Explicaciones basadas en reglas o razonamientos paso a paso""]","[""Transparencia: entender por qué el sistema tomó esa decisión"", ""Confianza: sentir mayor seguridad en la respuesta del sistema"", ""Satisfacción: que la explicación resulte clara y útil para ti"", ""Persuasión: convencerte de que la decisión del sistema está justificada"", ""Detección de errores(Debugging): detectar fallos"", ""errores o comportamientos inesperados del sistema""]",,,Animales salvajes,,,,,Anchor,Grad-CAM,IG,LIME,Saliency,
C0073,U007,7,img_07,Opción E,3,3,2,2.6666666666666665,18–24,Master,"Estudiante, Investigador/a (académico), Docente / profesor/a",5,3,Corta: solo lo esencial,Simple: lenguaje claro y sin tecnicismos,Texto breve + imagen,Bajo: el error apenas tendría consecuencias,"Explicaciones centradas en atributos o características concretas, Explicaciones basadas en reglas o razonamientos paso a paso","Transparencia: entender por qué el sistema tomó esa decisión, Confianza: sentir mayor seguridad en la respuesta del sistema, Satisfacción: que la explicación resulte clara y útil para ti, Persuasión: convencerte de que la decisión del sistema está justificada, Detección de errores(Debugging): detectar fallos, errores o comportamientos inesperados del sistema",7,2026-04-01 11:34:56.282,"[""Estudiante"", ""Investigador/a (académico)"", ""Docente / profesor/a""]","5 Experto: trabajo/investigo en IA; implemento, entreno y evalúo modelos con regularidad.","Experto: trabajo/investigo en IA; implemento, entreno y evalúo modelos con regularidad.",3 Intermedio: suelo identificar bastantes y entiendo rasgos/hábitats generales.,Intermedio: suelo identificar bastantes y entiendo rasgos/hábitats generales.,"[""Explicaciones centradas en atributos o características concretas"", ""Explicaciones basadas en reglas o razonamientos paso a paso""]","[""Transparencia: entender por qué el sistema tomó esa decisión"", ""Confianza: sentir mayor seguridad en la respuesta del sistema"", ""Satisfacción: que la explicación resulte clara y útil para ti"", ""Persuasión: convencerte de que la decisión del sistema está justificada"", ""Detección de errores(Debugging): detectar fallos"", ""errores o comportamientos inesperados del sistema""]",,,Animales salvajes,,,,,Anchor,Grad-CAM,IG,LIME,Saliency,
C0074,U007,8,img_08,Opción B,3,3,3,3.0,18–24,Master,"Estudiante, Investigador/a (académico), Docente / profesor/a",5,3,Corta: solo lo esencial,Simple: lenguaje claro y sin tecnicismos,Texto breve + imagen,Bajo: el error apenas tendría consecuencias,"Explicaciones centradas en atributos o características concretas, Explicaciones basadas en reglas o razonamientos paso a paso","Transparencia: entender por qué el sistema tomó esa decisión, Confianza: sentir mayor seguridad en la respuesta del sistema, Satisfacción: que la explicación resulte clara y útil para ti, Persuasión: convencerte de que la decisión del sistema está justificada, Detección de errores(Debugging): detectar fallos, errores o comportamientos inesperados del sistema",8,2026-04-01 11:34:56.282,"[""Estudiante"", ""Investigador/a (académico)"", ""Docente / profesor/a""]","5 Experto: trabajo/investigo en IA; implemento, entreno y evalúo modelos con regularidad.","Experto: trabajo/investigo en IA; implemento, entreno y evalúo modelos con regularidad.",3 Intermedio: suelo identificar bastantes y entiendo rasgos/hábitats generales.,Intermedio: suelo identificar bastantes y entiendo rasgos/hábitats generales.,"[""Explicaciones centradas en atributos o características concretas"", ""Explicaciones basadas en reglas o razonamientos paso a paso""]","[""Transparencia: entender por qué el sistema tomó esa decisión"", ""Confianza: sentir mayor seguridad en la respuesta del sistema"", ""Satisfacción: que la explicación resulte clara y útil para ti"", ""Persuasión: convencerte de que la decisión del sistema está justificada"", ""Detección de errores(Debugging): detectar fallos"", ""errores o comportamientos inesperados del sistema""]",,,Animales salvajes,,,,,Anchor,Grad-CAM,IG,LIME,Saliency,
C0075,U007,9,img_09,Opción D,3,3,3,3.0,18–24,Master,"Estudiante, Investigador/a (académico), Docente / profesor/a",5,3,Corta: solo lo esencial,Simple: lenguaje claro y sin tecnicismos,Texto breve + imagen,Bajo: el error apenas tendría consecuencias,"Explicaciones centradas en atributos o características concretas, Explicaciones basadas en reglas o razonamientos paso a paso","Transparencia: entender por qué el sistema tomó esa decisión, Confianza: sentir mayor seguridad en la respuesta del sistema, Satisfacción: que la explicación resulte clara y útil para ti, Persuasión: convencerte de que la decisión del sistema está justificada, Detección de errores(Debugging): detectar fallos, errores o comportamientos inesperados del sistema",9,2026-04-01 11:34:56.282,"[""Estudiante"", ""Investigador/a (académico)"", ""Docente / profesor/a""]","5 Experto: trabajo/investigo en IA; implemento, entreno y evalúo modelos con regularidad.","Experto: trabajo/investigo en IA; implemento, entreno y evalúo modelos con regularidad.",3 Intermedio: suelo identificar bastantes y entiendo rasgos/hábitats generales.,Intermedio: suelo identificar bastantes y entiendo rasgos/hábitats generales.,"[""Explicaciones centradas en atributos o características concretas"", ""Explicaciones basadas en reglas o razonamientos paso a paso""]","[""Transparencia: entender por qué el sistema tomó esa decisión"", ""Confianza: sentir mayor seguridad en la respuesta del sistema"", ""Satisfacción: que la explicación resulte clara y útil para ti"", ""Persuasión: convencerte de que la decisión del sistema está justificada"", ""Detección de errores(Debugging): detectar fallos"", ""errores o comportamientos inesperados del sistema""]",,,Animales salvajes,,,,,Anchor,Grad-CAM,IG,LIME,Saliency,
C0076,U007,10,img_10,Opción E,4,4,4,4.0,18–24,Master,"Estudiante, Investigador/a (académico), Docente / profesor/a",5,3,Corta: solo lo esencial,Simple: lenguaje claro y sin tecnicismos,Texto breve + imagen,Bajo: el error apenas tendría consecuencias,"Explicaciones centradas en atributos o características concretas, Explicaciones basadas en reglas o razonamientos paso a paso","Transparencia: entender por qué el sistema tomó esa decisión, Confianza: sentir mayor seguridad en la respuesta del sistema, Satisfacción: que la explicación resulte clara y útil para ti, Persuasión: convencerte de que la decisión del sistema está justificada, Detección de errores(Debugging): detectar fallos, errores o comportamientos inesperados del sistema",10,2026-04-01 11:34:56.282,"[""Estudiante"", ""Investigador/a (académico)"", ""Docente / profesor/a""]","5 Experto: trabajo/investigo en IA; implemento, entreno y evalúo modelos con regularidad.","Experto: trabajo/investigo en IA; implemento, entreno y evalúo modelos con regularidad.",3 Intermedio: suelo identificar bastantes y entiendo rasgos/hábitats generales.,Intermedio: suelo identificar bastantes y entiendo rasgos/hábitats generales.,"[""Explicaciones centradas en atributos o características concretas"", ""Explicaciones basadas en reglas o razonamientos paso a paso""]","[""Transparencia: entender por qué el sistema tomó esa decisión"", ""Confianza: sentir mayor seguridad en la respuesta del sistema"", ""Satisfacción: que la explicación resulte clara y útil para ti"", ""Persuasión: convencerte de que la decisión del sistema está justificada"", ""Detección de errores(Debugging): detectar fallos"", ""errores o comportamientos inesperados del sistema""]",,,Animales salvajes,,,,,Anchor,Grad-CAM,IG,LIME,Saliency,
C0077,U007,11,img_11,Opción B,3,4,3,3.3333333333333335,18–24,Master,"Estudiante, Investigador/a (académico), Docente / profesor/a",5,3,Corta: solo lo esencial,Simple: lenguaje claro y sin tecnicismos,Texto breve + imagen,Bajo: el error apenas tendría consecuencias,"Explicaciones centradas en atributos o características concretas, Explicaciones basadas en reglas o razonamientos paso a paso","Transparencia: entender por qué el sistema tomó esa decisión, Confianza: sentir mayor seguridad en la respuesta del sistema, Satisfacción: que la explicación resulte clara y útil para ti, Persuasión: convencerte de que la decisión del sistema está justificada, Detección de errores(Debugging): detectar fallos, errores o comportamientos inesperados del sistema",11,2026-04-01 11:34:56.282,"[""Estudiante"", ""Investigador/a (académico)"", ""Docente / profesor/a""]","5 Experto: trabajo/investigo en IA; implemento, entreno y evalúo modelos con regularidad.","Experto: trabajo/investigo en IA; implemento, entreno y evalúo modelos con regularidad.",3 Intermedio: suelo identificar bastantes y entiendo rasgos/hábitats generales.,Intermedio: suelo identificar bastantes y entiendo rasgos/hábitats generales.,"[""Explicaciones centradas en atributos o características concretas"", ""Explicaciones basadas en reglas o razonamientos paso a paso""]","[""Transparencia: entender por qué el sistema tomó esa decisión"", ""Confianza: sentir mayor seguridad en la respuesta del sistema"", ""Satisfacción: que la explicación resulte clara y útil para ti"", ""Persuasión: convencerte de que la decisión del sistema está justificada"", ""Detección de errores(Debugging): detectar fallos"", ""errores o comportamientos inesperados del sistema""]",,,Animales salvajes,,,,,Anchor,Grad-CAM,IG,LIME,Saliency,
C0078,U008,1,img_01,Opción A,2,2,4,2.6666666666666665,18–24,Grado,Estudiante,3,2,Media: explicación breve con algo de detalle,"Intermedio: algunos términos técnicos, pero fáciles de seguir",Texto breve + imagen,Medio: el error podría causar cierta confusión o problema,"Explicaciones con ejemplos similares, Explicaciones con comparaciones o contraejemplos","Transparencia: entender por qué el sistema tomó esa decisión, Eficiencia: comprender la respuesta de forma rápida, Efectividad: recibir una explicación útil para realizar mejor la tarea, Satisfacción: que la explicación resulte clara y útil para ti",1,2026-04-04 19:24:25.918,"[""Estudiante""]","3 Nivel usuario: la he usado alguna vez y entiendo conceptos básicos (modelo, datos, entrenamiento) sin detalle técnico.","Nivel usuario: la he usado alguna vez y entiendo conceptos básicos (modelo, datos, entrenamiento) sin detalle técnico.","2 Básico: reconozco animales comunes (león, elefante…), poco más.","Básico: reconozco animales comunes (león, elefante…), poco más.","[""Explicaciones con ejemplos similares"", ""Explicaciones con comparaciones o contraejemplos""]","[""Transparencia: entender por qué el sistema tomó esa decisión"", ""Eficiencia: comprender la respuesta de forma rápida"", ""Efectividad: recibir una explicación útil para realizar mejor la tarea"", ""Satisfacción: que la explicación resulte clara y útil para ti""]",,,Animales salvajes,,,,,Anchor,Grad-CAM,IG,LIME,Saliency,
C0079,U008,2,img_02,Opción A,4,5,4,4.333333333333333,18–24,Grado,Estudiante,3,2,Media: explicación breve con algo de detalle,"Intermedio: algunos términos técnicos, pero fáciles de seguir",Texto breve + imagen,Medio: el error podría causar cierta confusión o problema,"Explicaciones con ejemplos similares, Explicaciones con comparaciones o contraejemplos","Transparencia: entender por qué el sistema tomó esa decisión, Eficiencia: comprender la respuesta de forma rápida, Efectividad: recibir una explicación útil para realizar mejor la tarea, Satisfacción: que la explicación resulte clara y útil para ti",2,2026-04-04 19:24:25.918,"[""Estudiante""]","3 Nivel usuario: la he usado alguna vez y entiendo conceptos básicos (modelo, datos, entrenamiento) sin detalle técnico.","Nivel usuario: la he usado alguna vez y entiendo conceptos básicos (modelo, datos, entrenamiento) sin detalle técnico.","2 Básico: reconozco animales comunes (león, elefante…), poco más.","Básico: reconozco animales comunes (león, elefante…), poco más.","[""Explicaciones con ejemplos similares"", ""Explicaciones con comparaciones o contraejemplos""]","[""Transparencia: entender por qué el sistema tomó esa decisión"", ""Eficiencia: comprender la respuesta de forma rápida"", ""Efectividad: recibir una explicación útil para realizar mejor la tarea"", ""Satisfacción: que la explicación resulte clara y útil para ti""]",,,Animales salvajes,,,,,Anchor,Grad-CAM,IG,LIME,Saliency,
C0080,U008,3,img_03,Opción E,3,3,4,3.3333333333333335,18–24,Grado,Estudiante,3,2,Media: explicación breve con algo de detalle,"Intermedio: algunos términos técnicos, pero fáciles de seguir",Texto breve + imagen,Medio: el error podría causar cierta confusión o problema,"Explicaciones con ejemplos similares, Explicaciones con comparaciones o contraejemplos","Transparencia: entender por qué el sistema tomó esa decisión, Eficiencia: comprender la respuesta de forma rápida, Efectividad: recibir una explicación útil para realizar mejor la tarea, Satisfacción: que la explicación resulte clara y útil para ti",3,2026-04-04 19:24:25.918,"[""Estudiante""]","3 Nivel usuario: la he usado alguna vez y entiendo conceptos básicos (modelo, datos, entrenamiento) sin detalle técnico.","Nivel usuario: la he usado alguna vez y entiendo conceptos básicos (modelo, datos, entrenamiento) sin detalle técnico.","2 Básico: reconozco animales comunes (león, elefante…), poco más.","Básico: reconozco animales comunes (león, elefante…), poco más.","[""Explicaciones con ejemplos similares"", ""Explicaciones con comparaciones o contraejemplos""]","[""Transparencia: entender por qué el sistema tomó esa decisión"", ""Eficiencia: comprender la respuesta de forma rápida"", ""Efectividad: recibir una explicación útil para realizar mejor la tarea"", ""Satisfacción: que la explicación resulte clara y útil para ti""]",,,Animales salvajes,,,,,Anchor,Grad-CAM,IG,LIME,Saliency,
C0081,U008,4,img_04,Opción E,3,3,4,3.3333333333333335,18–24,Grado,Estudiante,3,2,Media: explicación breve con algo de detalle,"Intermedio: algunos términos técnicos, pero fáciles de seguir",Texto breve + imagen,Medio: el error podría causar cierta confusión o problema,"Explicaciones con ejemplos similares, Explicaciones con comparaciones o contraejemplos","Transparencia: entender por qué el sistema tomó esa decisión, Eficiencia: comprender la respuesta de forma rápida, Efectividad: recibir una explicación útil para realizar mejor la tarea, Satisfacción: que la explicación resulte clara y útil para ti",4,2026-04-04 19:24:25.918,"[""Estudiante""]","3 Nivel usuario: la he usado alguna vez y entiendo conceptos básicos (modelo, datos, entrenamiento) sin detalle técnico.","Nivel usuario: la he usado alguna vez y entiendo conceptos básicos (modelo, datos, entrenamiento) sin detalle técnico.","2 Básico: reconozco animales comunes (león, elefante…), poco más.","Básico: reconozco animales comunes (león, elefante…), poco más.","[""Explicaciones con ejemplos similares"", ""Explicaciones con comparaciones o contraejemplos""]","[""Transparencia: entender por qué el sistema tomó esa decisión"", ""Eficiencia: comprender la respuesta de forma rápida"", ""Efectividad: recibir una explicación útil para realizar mejor la tarea"", ""Satisfacción: que la explicación resulte clara y útil para ti""]",,,Animales salvajes,,,,,Anchor,Grad-CAM,IG,LIME,Saliency,
C0082,U008,5,img_05,Opción F (Ninguna),1,1,1,1.0,18–24,Grado,Estudiante,3,2,Media: explicación breve con algo de detalle,"Intermedio: algunos términos técnicos, pero fáciles de seguir",Texto breve + imagen,Medio: el error podría causar cierta confusión o problema,"Explicaciones con ejemplos similares, Explicaciones con comparaciones o contraejemplos","Transparencia: entender por qué el sistema tomó esa decisión, Eficiencia: comprender la respuesta de forma rápida, Efectividad: recibir una explicación útil para realizar mejor la tarea, Satisfacción: que la explicación resulte clara y útil para ti",5,2026-04-04 19:24:25.918,"[""Estudiante""]","3 Nivel usuario: la he usado alguna vez y entiendo conceptos básicos (modelo, datos, entrenamiento) sin detalle técnico.","Nivel usuario: la he usado alguna vez y entiendo conceptos básicos (modelo, datos, entrenamiento) sin detalle técnico.","2 Básico: reconozco animales comunes (león, elefante…), poco más.","Básico: reconozco animales comunes (león, elefante…), poco más.","[""Explicaciones con ejemplos similares"", ""Explicaciones con comparaciones o contraejemplos""]","[""Transparencia: entender por qué el sistema tomó esa decisión"", ""Eficiencia: comprender la respuesta de forma rápida"", ""Efectividad: recibir una explicación útil para realizar mejor la tarea"", ""Satisfacción: que la explicación resulte clara y útil para ti""]",,,Animales salvajes,,,,,Anchor,Grad-CAM,IG,LIME,Saliency,
C0083,U008,6,img_06,Opción A,4,4,4,4.0,18–24,Grado,Estudiante,3,2,Media: explicación breve con algo de detalle,"Intermedio: algunos términos técnicos, pero fáciles de seguir",Texto breve + imagen,Medio: el error podría causar cierta confusión o problema,"Explicaciones con ejemplos similares, Explicaciones con comparaciones o contraejemplos","Transparencia: entender por qué el sistema tomó esa decisión, Eficiencia: comprender la respuesta de forma rápida, Efectividad: recibir una explicación útil para realizar mejor la tarea, Satisfacción: que la explicación resulte clara y útil para ti",6,2026-04-04 19:24:25.918,"[""Estudiante""]","3 Nivel usuario: la he usado alguna vez y entiendo conceptos básicos (modelo, datos, entrenamiento) sin detalle técnico.","Nivel usuario: la he usado alguna vez y entiendo conceptos básicos (modelo, datos, entrenamiento) sin detalle técnico.","2 Básico: reconozco animales comunes (león, elefante…), poco más.","Básico: reconozco animales comunes (león, elefante…), poco más.","[""Explicaciones con ejemplos similares"", ""Explicaciones con comparaciones o contraejemplos""]","[""Transparencia: entender por qué el sistema tomó esa decisión"", ""Eficiencia: comprender la respuesta de forma rápida"", ""Efectividad: recibir una explicación útil para realizar mejor la tarea"", ""Satisfacción: que la explicación resulte clara y útil para ti""]",,,Animales salvajes,,,,,Anchor,Grad-CAM,IG,LIME,Saliency,
C0084,U008,7,img_07,Opción F (Ninguna),1,1,1,1.0,18–24,Grado,Estudiante,3,2,Media: explicación breve con algo de detalle,"Intermedio: algunos términos técnicos, pero fáciles de seguir",Texto breve + imagen,Medio: el error podría causar cierta confusión o problema,"Explicaciones con ejemplos similares, Explicaciones con comparaciones o contraejemplos","Transparencia: entender por qué el sistema tomó esa decisión, Eficiencia: comprender la respuesta de forma rápida, Efectividad: recibir una explicación útil para realizar mejor la tarea, Satisfacción: que la explicación resulte clara y útil para ti",7,2026-04-04 19:24:25.918,"[""Estudiante""]","3 Nivel usuario: la he usado alguna vez y entiendo conceptos básicos (modelo, datos, entrenamiento) sin detalle técnico.","Nivel usuario: la he usado alguna vez y entiendo conceptos básicos (modelo, datos, entrenamiento) sin detalle técnico.","2 Básico: reconozco animales comunes (león, elefante…), poco más.","Básico: reconozco animales comunes (león, elefante…), poco más.","[""Explicaciones con ejemplos similares"", ""Explicaciones con comparaciones o contraejemplos""]","[""Transparencia: entender por qué el sistema tomó esa decisión"", ""Eficiencia: comprender la respuesta de forma rápida"", ""Efectividad: recibir una explicación útil para realizar mejor la tarea"", ""Satisfacción: que la explicación resulte clara y útil para ti""]",,,Animales salvajes,,,,,Anchor,Grad-CAM,IG,LIME,Saliency,
C0085,U008,8,img_08,Opción F (Ninguna),1,1,1,1.0,18–24,Grado,Estudiante,3,2,Media: explicación breve con algo de detalle,"Intermedio: algunos términos técnicos, pero fáciles de seguir",Texto breve + imagen,Medio: el error podría causar cierta confusión o problema,"Explicaciones con ejemplos similares, Explicaciones con comparaciones o contraejemplos","Transparencia: entender por qué el sistema tomó esa decisión, Eficiencia: comprender la respuesta de forma rápida, Efectividad: recibir una explicación útil para realizar mejor la tarea, Satisfacción: que la explicación resulte clara y útil para ti",8,2026-04-04 19:24:25.918,"[""Estudiante""]","3 Nivel usuario: la he usado alguna vez y entiendo conceptos básicos (modelo, datos, entrenamiento) sin detalle técnico.","Nivel usuario: la he usado alguna vez y entiendo conceptos básicos (modelo, datos, entrenamiento) sin detalle técnico.","2 Básico: reconozco animales comunes (león, elefante…), poco más.","Básico: reconozco animales comunes (león, elefante…), poco más.","[""Explicaciones con ejemplos similares"", ""Explicaciones con comparaciones o contraejemplos""]","[""Transparencia: entender por qué el sistema tomó esa decisión"", ""Eficiencia: comprender la respuesta de forma rápida"", ""Efectividad: recibir una explicación útil para realizar mejor la tarea"", ""Satisfacción: que la explicación resulte clara y útil para ti""]",,,Animales salvajes,,,,,Anchor,Grad-CAM,IG,LIME,Saliency,
C0086,U008,9,img_09,Opción F (Ninguna),1,1,1,1.0,18–24,Grado,Estudiante,3,2,Media: explicación breve con algo de detalle,"Intermedio: algunos términos técnicos, pero fáciles de seguir",Texto breve + imagen,Medio: el error podría causar cierta confusión o problema,"Explicaciones con ejemplos similares, Explicaciones con comparaciones o contraejemplos","Transparencia: entender por qué el sistema tomó esa decisión, Eficiencia: comprender la respuesta de forma rápida, Efectividad: recibir una explicación útil para realizar mejor la tarea, Satisfacción: que la explicación resulte clara y útil para ti",9,2026-04-04 19:24:25.918,"[""Estudiante""]","3 Nivel usuario: la he usado alguna vez y entiendo conceptos básicos (modelo, datos, entrenamiento) sin detalle técnico.","Nivel usuario: la he usado alguna vez y entiendo conceptos básicos (modelo, datos, entrenamiento) sin detalle técnico.","2 Básico: reconozco animales comunes (león, elefante…), poco más.","Básico: reconozco animales comunes (león, elefante…), poco más.","[""Explicaciones con ejemplos similares"", ""Explicaciones con comparaciones o contraejemplos""]","[""Transparencia: entender por qué el sistema tomó esa decisión"", ""Eficiencia: comprender la respuesta de forma rápida"", ""Efectividad: recibir una explicación útil para realizar mejor la tarea"", ""Satisfacción: que la explicación resulte clara y útil para ti""]",,,Animales salvajes,,,,,Anchor,Grad-CAM,IG,LIME,Saliency,
C0087,U008,10,img_10,Opción E,4,3,3,3.3333333333333335,18–24,Grado,Estudiante,3,2,Media: explicación breve con algo de detalle,"Intermedio: algunos términos técnicos, pero fáciles de seguir",Texto breve + imagen,Medio: el error podría causar cierta confusión o problema,"Explicaciones con ejemplos similares, Explicaciones con comparaciones o contraejemplos","Transparencia: entender por qué el sistema tomó esa decisión, Eficiencia: comprender la respuesta de forma rápida, Efectividad: recibir una explicación útil para realizar mejor la tarea, Satisfacción: que la explicación resulte clara y útil para ti",10,2026-04-04 19:24:25.918,"[""Estudiante""]","3 Nivel usuario: la he usado alguna vez y entiendo conceptos básicos (modelo, datos, entrenamiento) sin detalle técnico.","Nivel usuario: la he usado alguna vez y entiendo conceptos básicos (modelo, datos, entrenamiento) sin detalle técnico.","2 Básico: reconozco animales comunes (león, elefante…), poco más.","Básico: reconozco animales comunes (león, elefante…), poco más.","[""Explicaciones con ejemplos similares"", ""Explicaciones con comparaciones o contraejemplos""]","[""Transparencia: entender por qué el sistema tomó esa decisión"", ""Eficiencia: comprender la respuesta de forma rápida"", ""Efectividad: recibir una explicación útil para realizar mejor la tarea"", ""Satisfacción: que la explicación resulte clara y útil para ti""]",,,Animales salvajes,,,,,Anchor,Grad-CAM,IG,LIME,Saliency,
C0088,U008,11,img_11,Opción B,2,1,2,1.6666666666666667,18–24,Grado,Estudiante,3,2,Media: explicación breve con algo de detalle,"Intermedio: algunos términos técnicos, pero fáciles de seguir",Texto breve + imagen,Medio: el error podría causar cierta confusión o problema,"Explicaciones con ejemplos similares, Explicaciones con comparaciones o contraejemplos","Transparencia: entender por qué el sistema tomó esa decisión, Eficiencia: comprender la respuesta de forma rápida, Efectividad: recibir una explicación útil para realizar mejor la tarea, Satisfacción: que la explicación resulte clara y útil para ti",11,2026-04-04 19:24:25.918,"[""Estudiante""]","3 Nivel usuario: la he usado alguna vez y entiendo conceptos básicos (modelo, datos, entrenamiento) sin detalle técnico.","Nivel usuario: la he usado alguna vez y entiendo conceptos básicos (modelo, datos, entrenamiento) sin detalle técnico.","2 Básico: reconozco animales comunes (león, elefante…), poco más.","Básico: reconozco animales comunes (león, elefante…), poco más.","[""Explicaciones con ejemplos similares"", ""Explicaciones con comparaciones o contraejemplos""]","[""Transparencia: entender por qué el sistema tomó esa decisión"", ""Eficiencia: comprender la respuesta de forma rápida"", ""Efectividad: recibir una explicación útil para realizar mejor la tarea"", ""Satisfacción: que la explicación resulte clara y útil para ti""]",,,Animales salvajes,,,,,Anchor,Grad-CAM,IG,LIME,Saliency,
C0089,U009,1,img_01,Opción B,3,2,3,2.6666666666666665,25–34,Grado,Investigador/a (académico),3,3,Media: explicación breve con algo de detalle,Simple: lenguaje claro y sin tecnicismos,Texto breve + imagen,Medio: el error podría causar cierta confusión o problema,"Explicaciones con ejemplos similares, Explicaciones basadas en reglas o razonamientos paso a paso, Explicaciones visuales (zonas destacadas en la imagen)","Eficiencia: comprender la respuesta de forma rápida, Efectividad: recibir una explicación útil para realizar mejor la tarea",1,2026-04-04 19:25:04.117,"[""Investigador/a (académico)""]","3 Nivel usuario: la he usado alguna vez y entiendo conceptos básicos (modelo, datos, entrenamiento) sin detalle técnico.","Nivel usuario: la he usado alguna vez y entiendo conceptos básicos (modelo, datos, entrenamiento) sin detalle técnico.",3 Intermedio: suelo identificar bastantes y entiendo rasgos/hábitats generales.,Intermedio: suelo identificar bastantes y entiendo rasgos/hábitats generales.,"[""Explicaciones con ejemplos similares"", ""Explicaciones basadas en reglas o razonamientos paso a paso"", ""Explicaciones visuales (zonas destacadas en la imagen)""]","[""Eficiencia: comprender la respuesta de forma rápida"", ""Efectividad: recibir una explicación útil para realizar mejor la tarea""]",Está perfecto,,Animales salvajes,,,,,Anchor,Grad-CAM,IG,LIME,Saliency,
C0090,U009,2,img_02,Opción A,3,3,3,3.0,25–34,Grado,Investigador/a (académico),3,3,Media: explicación breve con algo de detalle,Simple: lenguaje claro y sin tecnicismos,Texto breve + imagen,Medio: el error podría causar cierta confusión o problema,"Explicaciones con ejemplos similares, Explicaciones basadas en reglas o razonamientos paso a paso, Explicaciones visuales (zonas destacadas en la imagen)","Eficiencia: comprender la respuesta de forma rápida, Efectividad: recibir una explicación útil para realizar mejor la tarea",2,2026-04-04 19:25:04.117,"[""Investigador/a (académico)""]","3 Nivel usuario: la he usado alguna vez y entiendo conceptos básicos (modelo, datos, entrenamiento) sin detalle técnico.","Nivel usuario: la he usado alguna vez y entiendo conceptos básicos (modelo, datos, entrenamiento) sin detalle técnico.",3 Intermedio: suelo identificar bastantes y entiendo rasgos/hábitats generales.,Intermedio: suelo identificar bastantes y entiendo rasgos/hábitats generales.,"[""Explicaciones con ejemplos similares"", ""Explicaciones basadas en reglas o razonamientos paso a paso"", ""Explicaciones visuales (zonas destacadas en la imagen)""]","[""Eficiencia: comprender la respuesta de forma rápida"", ""Efectividad: recibir una explicación útil para realizar mejor la tarea""]",Está perfecto,,Animales salvajes,,,,,Anchor,Grad-CAM,IG,LIME,Saliency,
C0091,U009,3,img_03,Opción B,3,3,3,3.0,25–34,Grado,Investigador/a (académico),3,3,Media: explicación breve con algo de detalle,Simple: lenguaje claro y sin tecnicismos,Texto breve + imagen,Medio: el error podría causar cierta confusión o problema,"Explicaciones con ejemplos similares, Explicaciones basadas en reglas o razonamientos paso a paso, Explicaciones visuales (zonas destacadas en la imagen)","Eficiencia: comprender la respuesta de forma rápida, Efectividad: recibir una explicación útil para realizar mejor la tarea",3,2026-04-04 19:25:04.117,"[""Investigador/a (académico)""]","3 Nivel usuario: la he usado alguna vez y entiendo conceptos básicos (modelo, datos, entrenamiento) sin detalle técnico.","Nivel usuario: la he usado alguna vez y entiendo conceptos básicos (modelo, datos, entrenamiento) sin detalle técnico.",3 Intermedio: suelo identificar bastantes y entiendo rasgos/hábitats generales.,Intermedio: suelo identificar bastantes y entiendo rasgos/hábitats generales.,"[""Explicaciones con ejemplos similares"", ""Explicaciones basadas en reglas o razonamientos paso a paso"", ""Explicaciones visuales (zonas destacadas en la imagen)""]","[""Eficiencia: comprender la respuesta de forma rápida"", ""Efectividad: recibir una explicación útil para realizar mejor la tarea""]",Está perfecto,,Animales salvajes,,,,,Anchor,Grad-CAM,IG,LIME,Saliency,
C0092,U009,4,img_04,Opción E,3,3,3,3.0,25–34,Grado,Investigador/a (académico),3,3,Media: explicación breve con algo de detalle,Simple: lenguaje claro y sin tecnicismos,Texto breve + imagen,Medio: el error podría causar cierta confusión o problema,"Explicaciones con ejemplos similares, Explicaciones basadas en reglas o razonamientos paso a paso, Explicaciones visuales (zonas destacadas en la imagen)","Eficiencia: comprender la respuesta de forma rápida, Efectividad: recibir una explicación útil para realizar mejor la tarea",4,2026-04-04 19:25:04.117,"[""Investigador/a (académico)""]","3 Nivel usuario: la he usado alguna vez y entiendo conceptos básicos (modelo, datos, entrenamiento) sin detalle técnico.","Nivel usuario: la he usado alguna vez y entiendo conceptos básicos (modelo, datos, entrenamiento) sin detalle técnico.",3 Intermedio: suelo identificar bastantes y entiendo rasgos/hábitats generales.,Intermedio: suelo identificar bastantes y entiendo rasgos/hábitats generales.,"[""Explicaciones con ejemplos similares"", ""Explicaciones basadas en reglas o razonamientos paso a paso"", ""Explicaciones visuales (zonas destacadas en la imagen)""]","[""Eficiencia: comprender la respuesta de forma rápida"", ""Efectividad: recibir una explicación útil para realizar mejor la tarea""]",Está perfecto,,Animales salvajes,,,,,Anchor,Grad-CAM,IG,LIME,Saliency,
C0093,U009,5,img_05,Opción C,3,3,3,3.0,25–34,Grado,Investigador/a (académico),3,3,Media: explicación breve con algo de detalle,Simple: lenguaje claro y sin tecnicismos,Texto breve + imagen,Medio: el error podría causar cierta confusión o problema,"Explicaciones con ejemplos similares, Explicaciones basadas en reglas o razonamientos paso a paso, Explicaciones visuales (zonas destacadas en la imagen)","Eficiencia: comprender la respuesta de forma rápida, Efectividad: recibir una explicación útil para realizar mejor la tarea",5,2026-04-04 19:25:04.117,"[""Investigador/a (académico)""]","3 Nivel usuario: la he usado alguna vez y entiendo conceptos básicos (modelo, datos, entrenamiento) sin detalle técnico.","Nivel usuario: la he usado alguna vez y entiendo conceptos básicos (modelo, datos, entrenamiento) sin detalle técnico.",3 Intermedio: suelo identificar bastantes y entiendo rasgos/hábitats generales.,Intermedio: suelo identificar bastantes y entiendo rasgos/hábitats generales.,"[""Explicaciones con ejemplos similares"", ""Explicaciones basadas en reglas o razonamientos paso a paso"", ""Explicaciones visuales (zonas destacadas en la imagen)""]","[""Eficiencia: comprender la respuesta de forma rápida"", ""Efectividad: recibir una explicación útil para realizar mejor la tarea""]",Está perfecto,,Animales salvajes,,,,,Anchor,Grad-CAM,IG,LIME,Saliency,
C0094,U009,6,img_06,Opción A,3,3,3,3.0,25–34,Grado,Investigador/a (académico),3,3,Media: explicación breve con algo de detalle,Simple: lenguaje claro y sin tecnicismos,Texto breve + imagen,Medio: el error podría causar cierta confusión o problema,"Explicaciones con ejemplos similares, Explicaciones basadas en reglas o razonamientos paso a paso, Explicaciones visuales (zonas destacadas en la imagen)","Eficiencia: comprender la respuesta de forma rápida, Efectividad: recibir una explicación útil para realizar mejor la tarea",6,2026-04-04 19:25:04.117,"[""Investigador/a (académico)""]","3 Nivel usuario: la he usado alguna vez y entiendo conceptos básicos (modelo, datos, entrenamiento) sin detalle técnico.","Nivel usuario: la he usado alguna vez y entiendo conceptos básicos (modelo, datos, entrenamiento) sin detalle técnico.",3 Intermedio: suelo identificar bastantes y entiendo rasgos/hábitats generales.,Intermedio: suelo identificar bastantes y entiendo rasgos/hábitats generales.,"[""Explicaciones con ejemplos similares"", ""Explicaciones basadas en reglas o razonamientos paso a paso"", ""Explicaciones visuales (zonas destacadas en la imagen)""]","[""Eficiencia: comprender la respuesta de forma rápida"", ""Efectividad: recibir una explicación útil para realizar mejor la tarea""]",Está perfecto,,Animales salvajes,,,,,Anchor,Grad-CAM,IG,LIME,Saliency,
C0095,U009,7,img_07,Opción D,3,3,3,3.0,25–34,Grado,Investigador/a (académico),3,3,Media: explicación breve con algo de detalle,Simple: lenguaje claro y sin tecnicismos,Texto breve + imagen,Medio: el error podría causar cierta confusión o problema,"Explicaciones con ejemplos similares, Explicaciones basadas en reglas o razonamientos paso a paso, Explicaciones visuales (zonas destacadas en la imagen)","Eficiencia: comprender la respuesta de forma rápida, Efectividad: recibir una explicación útil para realizar mejor la tarea",7,2026-04-04 19:25:04.117,"[""Investigador/a (académico)""]","3 Nivel usuario: la he usado alguna vez y entiendo conceptos básicos (modelo, datos, entrenamiento) sin detalle técnico.","Nivel usuario: la he usado alguna vez y entiendo conceptos básicos (modelo, datos, entrenamiento) sin detalle técnico.",3 Intermedio: suelo identificar bastantes y entiendo rasgos/hábitats generales.,Intermedio: suelo identificar bastantes y entiendo rasgos/hábitats generales.,"[""Explicaciones con ejemplos similares"", ""Explicaciones basadas en reglas o razonamientos paso a paso"", ""Explicaciones visuales (zonas destacadas en la imagen)""]","[""Eficiencia: comprender la respuesta de forma rápida"", ""Efectividad: recibir una explicación útil para realizar mejor la tarea""]",Está perfecto,,Animales salvajes,,,,,Anchor,Grad-CAM,IG,LIME,Saliency,
C0096,U009,8,img_08,Opción E,3,3,3,3.0,25–34,Grado,Investigador/a (académico),3,3,Media: explicación breve con algo de detalle,Simple: lenguaje claro y sin tecnicismos,Texto breve + imagen,Medio: el error podría causar cierta confusión o problema,"Explicaciones con ejemplos similares, Explicaciones basadas en reglas o razonamientos paso a paso, Explicaciones visuales (zonas destacadas en la imagen)","Eficiencia: comprender la respuesta de forma rápida, Efectividad: recibir una explicación útil para realizar mejor la tarea",8,2026-04-04 19:25:04.117,"[""Investigador/a (académico)""]","3 Nivel usuario: la he usado alguna vez y entiendo conceptos básicos (modelo, datos, entrenamiento) sin detalle técnico.","Nivel usuario: la he usado alguna vez y entiendo conceptos básicos (modelo, datos, entrenamiento) sin detalle técnico.",3 Intermedio: suelo identificar bastantes y entiendo rasgos/hábitats generales.,Intermedio: suelo identificar bastantes y entiendo rasgos/hábitats generales.,"[""Explicaciones con ejemplos similares"", ""Explicaciones basadas en reglas o razonamientos paso a paso"", ""Explicaciones visuales (zonas destacadas en la imagen)""]","[""Eficiencia: comprender la respuesta de forma rápida"", ""Efectividad: recibir una explicación útil para realizar mejor la tarea""]",Está perfecto,,Animales salvajes,,,,,Anchor,Grad-CAM,IG,LIME,Saliency,
C0097,U009,9,img_09,Opción B,3,3,3,3.0,25–34,Grado,Investigador/a (académico),3,3,Media: explicación breve con algo de detalle,Simple: lenguaje claro y sin tecnicismos,Texto breve + imagen,Medio: el error podría causar cierta confusión o problema,"Explicaciones con ejemplos similares, Explicaciones basadas en reglas o razonamientos paso a paso, Explicaciones visuales (zonas destacadas en la imagen)","Eficiencia: comprender la respuesta de forma rápida, Efectividad: recibir una explicación útil para realizar mejor la tarea",9,2026-04-04 19:25:04.117,"[""Investigador/a (académico)""]","3 Nivel usuario: la he usado alguna vez y entiendo conceptos básicos (modelo, datos, entrenamiento) sin detalle técnico.","Nivel usuario: la he usado alguna vez y entiendo conceptos básicos (modelo, datos, entrenamiento) sin detalle técnico.",3 Intermedio: suelo identificar bastantes y entiendo rasgos/hábitats generales.,Intermedio: suelo identificar bastantes y entiendo rasgos/hábitats generales.,"[""Explicaciones con ejemplos similares"", ""Explicaciones basadas en reglas o razonamientos paso a paso"", ""Explicaciones visuales (zonas destacadas en la imagen)""]","[""Eficiencia: comprender la respuesta de forma rápida"", ""Efectividad: recibir una explicación útil para realizar mejor la tarea""]",Está perfecto,,Animales salvajes,,,,,Anchor,Grad-CAM,IG,LIME,Saliency,
C0098,U009,10,img_10,Opción E,3,3,3,3.0,25–34,Grado,Investigador/a (académico),3,3,Media: explicación breve con algo de detalle,Simple: lenguaje claro y sin tecnicismos,Texto breve + imagen,Medio: el error podría causar cierta confusión o problema,"Explicaciones con ejemplos similares, Explicaciones basadas en reglas o razonamientos paso a paso, Explicaciones visuales (zonas destacadas en la imagen)","Eficiencia: comprender la respuesta de forma rápida, Efectividad: recibir una explicación útil para realizar mejor la tarea",10,2026-04-04 19:25:04.117,"[""Investigador/a (académico)""]","3 Nivel usuario: la he usado alguna vez y entiendo conceptos básicos (modelo, datos, entrenamiento) sin detalle técnico.","Nivel usuario: la he usado alguna vez y entiendo conceptos básicos (modelo, datos, entrenamiento) sin detalle técnico.",3 Intermedio: suelo identificar bastantes y entiendo rasgos/hábitats generales.,Intermedio: suelo identificar bastantes y entiendo rasgos/hábitats generales.,"[""Explicaciones con ejemplos similares"", ""Explicaciones basadas en reglas o razonamientos paso a paso"", ""Explicaciones visuales (zonas destacadas en la imagen)""]","[""Eficiencia: comprender la respuesta de forma rápida"", ""Efectividad: recibir una explicación útil para realizar mejor la tarea""]",Está perfecto,,Animales salvajes,,,,,Anchor,Grad-CAM,IG,LIME,Saliency,
C0099,U009,11,img_11,Opción B,3,3,3,3.0,25–34,Grado,Investigador/a (académico),3,3,Media: explicación breve con algo de detalle,Simple: lenguaje claro y sin tecnicismos,Texto breve + imagen,Medio: el error podría causar cierta confusión o problema,"Explicaciones con ejemplos similares, Explicaciones basadas en reglas o razonamientos paso a paso, Explicaciones visuales (zonas destacadas en la imagen)","Eficiencia: comprender la respuesta de forma rápida, Efectividad: recibir una explicación útil para realizar mejor la tarea",11,2026-04-04 19:25:04.117,"[""Investigador/a (académico)""]","3 Nivel usuario: la he usado alguna vez y entiendo conceptos básicos (modelo, datos, entrenamiento) sin detalle técnico.","Nivel usuario: la he usado alguna vez y entiendo conceptos básicos (modelo, datos, entrenamiento) sin detalle técnico.",3 Intermedio: suelo identificar bastantes y entiendo rasgos/hábitats generales.,Intermedio: suelo identificar bastantes y entiendo rasgos/hábitats generales.,"[""Explicaciones con ejemplos similares"", ""Explicaciones basadas en reglas o razonamientos paso a paso"", ""Explicaciones visuales (zonas destacadas en la imagen)""]","[""Eficiencia: comprender la respuesta de forma rápida"", ""Efectividad: recibir una explicación útil para realizar mejor la tarea""]",Está perfecto,,Animales salvajes,,,,,Anchor,Grad-CAM,IG,LIME,Saliency,
C0100,U010,1,img_01,Opción A,4,4,4,4.0,18–24,Grado,Estudiante,4,4,Corta: solo lo esencial,Simple: lenguaje claro y sin tecnicismos,Me da igual,Medio: el error podría causar cierta confusión o problema,No tengo preferencia / me da igual,"Eficiencia: comprender la respuesta de forma rápida, Confianza: sentir mayor seguridad en la respuesta del sistema",1,2026-04-04 19:28:52.714,"[""Estudiante""]","4 Nivel técnico: he estudiado IA/ML o he hecho proyectos; entiendo métricas, redes neuronales, overfitting, etc.","Nivel técnico: he estudiado IA/ML o he hecho proyectos; entiendo métricas, redes neuronales, overfitting, etc.","4 Alto: distingo especies similares y detalles (familias, comportamiento, hábitat).","Alto: distingo especies similares y detalles (familias, comportamiento, hábitat).","[""No tengo preferencia / me da igual""]","[""Eficiencia: comprender la respuesta de forma rápida"", ""Confianza: sentir mayor seguridad en la respuesta del sistema""]",,,Animales salvajes,,,,,Anchor,Grad-CAM,IG,LIME,Saliency,
C0101,U010,2,img_02,Opción C,4,4,4,4.0,18–24,Grado,Estudiante,4,4,Corta: solo lo esencial,Simple: lenguaje claro y sin tecnicismos,Me da igual,Medio: el error podría causar cierta confusión o problema,No tengo preferencia / me da igual,"Eficiencia: comprender la respuesta de forma rápida, Confianza: sentir mayor seguridad en la respuesta del sistema",2,2026-04-04 19:28:52.714,"[""Estudiante""]","4 Nivel técnico: he estudiado IA/ML o he hecho proyectos; entiendo métricas, redes neuronales, overfitting, etc.","Nivel técnico: he estudiado IA/ML o he hecho proyectos; entiendo métricas, redes neuronales, overfitting, etc.","4 Alto: distingo especies similares y detalles (familias, comportamiento, hábitat).","Alto: distingo especies similares y detalles (familias, comportamiento, hábitat).","[""No tengo preferencia / me da igual""]","[""Eficiencia: comprender la respuesta de forma rápida"", ""Confianza: sentir mayor seguridad en la respuesta del sistema""]",,,Animales salvajes,,,,,Anchor,Grad-CAM,IG,LIME,Saliency,
C0102,U010,3,img_03,Opción E,4,4,4,4.0,18–24,Grado,Estudiante,4,4,Corta: solo lo esencial,Simple: lenguaje claro y sin tecnicismos,Me da igual,Medio: el error podría causar cierta confusión o problema,No tengo preferencia / me da igual,"Eficiencia: comprender la respuesta de forma rápida, Confianza: sentir mayor seguridad en la respuesta del sistema",3,2026-04-04 19:28:52.714,"[""Estudiante""]","4 Nivel técnico: he estudiado IA/ML o he hecho proyectos; entiendo métricas, redes neuronales, overfitting, etc.","Nivel técnico: he estudiado IA/ML o he hecho proyectos; entiendo métricas, redes neuronales, overfitting, etc.","4 Alto: distingo especies similares y detalles (familias, comportamiento, hábitat).","Alto: distingo especies similares y detalles (familias, comportamiento, hábitat).","[""No tengo preferencia / me da igual""]","[""Eficiencia: comprender la respuesta de forma rápida"", ""Confianza: sentir mayor seguridad en la respuesta del sistema""]",,,Animales salvajes,,,,,Anchor,Grad-CAM,IG,LIME,Saliency,
C0103,U010,4,img_04,Opción C,4,5,4,4.333333333333333,18–24,Grado,Estudiante,4,4,Corta: solo lo esencial,Simple: lenguaje claro y sin tecnicismos,Me da igual,Medio: el error podría causar cierta confusión o problema,No tengo preferencia / me da igual,"Eficiencia: comprender la respuesta de forma rápida, Confianza: sentir mayor seguridad en la respuesta del sistema",4,2026-04-04 19:28:52.714,"[""Estudiante""]","4 Nivel técnico: he estudiado IA/ML o he hecho proyectos; entiendo métricas, redes neuronales, overfitting, etc.","Nivel técnico: he estudiado IA/ML o he hecho proyectos; entiendo métricas, redes neuronales, overfitting, etc.","4 Alto: distingo especies similares y detalles (familias, comportamiento, hábitat).","Alto: distingo especies similares y detalles (familias, comportamiento, hábitat).","[""No tengo preferencia / me da igual""]","[""Eficiencia: comprender la respuesta de forma rápida"", ""Confianza: sentir mayor seguridad en la respuesta del sistema""]",,,Animales salvajes,,,,,Anchor,Grad-CAM,IG,LIME,Saliency,
C0104,U010,5,img_05,Opción F (Ninguna),2,2,2,2.0,18–24,Grado,Estudiante,4,4,Corta: solo lo esencial,Simple: lenguaje claro y sin tecnicismos,Me da igual,Medio: el error podría causar cierta confusión o problema,No tengo preferencia / me da igual,"Eficiencia: comprender la respuesta de forma rápida, Confianza: sentir mayor seguridad en la respuesta del sistema",5,2026-04-04 19:28:52.714,"[""Estudiante""]","4 Nivel técnico: he estudiado IA/ML o he hecho proyectos; entiendo métricas, redes neuronales, overfitting, etc.","Nivel técnico: he estudiado IA/ML o he hecho proyectos; entiendo métricas, redes neuronales, overfitting, etc.","4 Alto: distingo especies similares y detalles (familias, comportamiento, hábitat).","Alto: distingo especies similares y detalles (familias, comportamiento, hábitat).","[""No tengo preferencia / me da igual""]","[""Eficiencia: comprender la respuesta de forma rápida"", ""Confianza: sentir mayor seguridad en la respuesta del sistema""]",,,Animales salvajes,,,,,Anchor,Grad-CAM,IG,LIME,Saliency,
C0105,U010,6,img_06,Opción C,4,4,4,4.0,18–24,Grado,Estudiante,4,4,Corta: solo lo esencial,Simple: lenguaje claro y sin tecnicismos,Me da igual,Medio: el error podría causar cierta confusión o problema,No tengo preferencia / me da igual,"Eficiencia: comprender la respuesta de forma rápida, Confianza: sentir mayor seguridad en la respuesta del sistema",6,2026-04-04 19:28:52.714,"[""Estudiante""]","4 Nivel técnico: he estudiado IA/ML o he hecho proyectos; entiendo métricas, redes neuronales, overfitting, etc.","Nivel técnico: he estudiado IA/ML o he hecho proyectos; entiendo métricas, redes neuronales, overfitting, etc.","4 Alto: distingo especies similares y detalles (familias, comportamiento, hábitat).","Alto: distingo especies similares y detalles (familias, comportamiento, hábitat).","[""No tengo preferencia / me da igual""]","[""Eficiencia: comprender la respuesta de forma rápida"", ""Confianza: sentir mayor seguridad en la respuesta del sistema""]",,,Animales salvajes,,,,,Anchor,Grad-CAM,IG,LIME,Saliency,
C0106,U010,7,img_07,Opción C,4,4,4,4.0,18–24,Grado,Estudiante,4,4,Corta: solo lo esencial,Simple: lenguaje claro y sin tecnicismos,Me da igual,Medio: el error podría causar cierta confusión o problema,No tengo preferencia / me da igual,"Eficiencia: comprender la respuesta de forma rápida, Confianza: sentir mayor seguridad en la respuesta del sistema",7,2026-04-04 19:28:52.714,"[""Estudiante""]","4 Nivel técnico: he estudiado IA/ML o he hecho proyectos; entiendo métricas, redes neuronales, overfitting, etc.","Nivel técnico: he estudiado IA/ML o he hecho proyectos; entiendo métricas, redes neuronales, overfitting, etc.","4 Alto: distingo especies similares y detalles (familias, comportamiento, hábitat).","Alto: distingo especies similares y detalles (familias, comportamiento, hábitat).","[""No tengo preferencia / me da igual""]","[""Eficiencia: comprender la respuesta de forma rápida"", ""Confianza: sentir mayor seguridad en la respuesta del sistema""]",,,Animales salvajes,,,,,Anchor,Grad-CAM,IG,LIME,Saliency,
C0107,U010,8,img_08,Opción C,4,5,4,4.333333333333333,18–24,Grado,Estudiante,4,4,Corta: solo lo esencial,Simple: lenguaje claro y sin tecnicismos,Me da igual,Medio: el error podría causar cierta confusión o problema,No tengo preferencia / me da igual,"Eficiencia: comprender la respuesta de forma rápida, Confianza: sentir mayor seguridad en la respuesta del sistema",8,2026-04-04 19:28:52.714,"[""Estudiante""]","4 Nivel técnico: he estudiado IA/ML o he hecho proyectos; entiendo métricas, redes neuronales, overfitting, etc.","Nivel técnico: he estudiado IA/ML o he hecho proyectos; entiendo métricas, redes neuronales, overfitting, etc.","4 Alto: distingo especies similares y detalles (familias, comportamiento, hábitat).","Alto: distingo especies similares y detalles (familias, comportamiento, hábitat).","[""No tengo preferencia / me da igual""]","[""Eficiencia: comprender la respuesta de forma rápida"", ""Confianza: sentir mayor seguridad en la respuesta del sistema""]",,,Animales salvajes,,,,,Anchor,Grad-CAM,IG,LIME,Saliency,
C0108,U010,9,img_09,Opción E,3,3,3,3.0,18–24,Grado,Estudiante,4,4,Corta: solo lo esencial,Simple: lenguaje claro y sin tecnicismos,Me da igual,Medio: el error podría causar cierta confusión o problema,No tengo preferencia / me da igual,"Eficiencia: comprender la respuesta de forma rápida, Confianza: sentir mayor seguridad en la respuesta del sistema",9,2026-04-04 19:28:52.714,"[""Estudiante""]","4 Nivel técnico: he estudiado IA/ML o he hecho proyectos; entiendo métricas, redes neuronales, overfitting, etc.","Nivel técnico: he estudiado IA/ML o he hecho proyectos; entiendo métricas, redes neuronales, overfitting, etc.","4 Alto: distingo especies similares y detalles (familias, comportamiento, hábitat).","Alto: distingo especies similares y detalles (familias, comportamiento, hábitat).","[""No tengo preferencia / me da igual""]","[""Eficiencia: comprender la respuesta de forma rápida"", ""Confianza: sentir mayor seguridad en la respuesta del sistema""]",,,Animales salvajes,,,,,Anchor,Grad-CAM,IG,LIME,Saliency,
C0109,U010,10,img_10,Opción E,4,4,4,4.0,18–24,Grado,Estudiante,4,4,Corta: solo lo esencial,Simple: lenguaje claro y sin tecnicismos,Me da igual,Medio: el error podría causar cierta confusión o problema,No tengo preferencia / me da igual,"Eficiencia: comprender la respuesta de forma rápida, Confianza: sentir mayor seguridad en la respuesta del sistema",10,2026-04-04 19:28:52.714,"[""Estudiante""]","4 Nivel técnico: he estudiado IA/ML o he hecho proyectos; entiendo métricas, redes neuronales, overfitting, etc.","Nivel técnico: he estudiado IA/ML o he hecho proyectos; entiendo métricas, redes neuronales, overfitting, etc.","4 Alto: distingo especies similares y detalles (familias, comportamiento, hábitat).","Alto: distingo especies similares y detalles (familias, comportamiento, hábitat).","[""No tengo preferencia / me da igual""]","[""Eficiencia: comprender la respuesta de forma rápida"", ""Confianza: sentir mayor seguridad en la respuesta del sistema""]",,,Animales salvajes,,,,,Anchor,Grad-CAM,IG,LIME,Saliency,
C0110,U010,11,img_11,Opción E,4,4,4,4.0,18–24,Grado,Estudiante,4,4,Corta: solo lo esencial,Simple: lenguaje claro y sin tecnicismos,Me da igual,Medio: el error podría causar cierta confusión o problema,No tengo preferencia / me da igual,"Eficiencia: comprender la respuesta de forma rápida, Confianza: sentir mayor seguridad en la respuesta del sistema",11,2026-04-04 19:28:52.714,"[""Estudiante""]","4 Nivel técnico: he estudiado IA/ML o he hecho proyectos; entiendo métricas, redes neuronales, overfitting, etc.","Nivel técnico: he estudiado IA/ML o he hecho proyectos; entiendo métricas, redes neuronales, overfitting, etc.","4 Alto: distingo especies similares y detalles (familias, comportamiento, hábitat).","Alto: distingo especies similares y detalles (familias, comportamiento, hábitat).","[""No tengo preferencia / me da igual""]","[""Eficiencia: comprender la respuesta de forma rápida"", ""Confianza: sentir mayor seguridad en la respuesta del sistema""]",,,Animales salvajes,,,,,Anchor,Grad-CAM,IG,LIME,Saliency,
C0111,U011,1,img_01,Opción B,4,4,3,3.6666666666666665,18–24,Grado,Estudiante,5,2,Media: explicación breve con algo de detalle,"Intermedio: algunos términos técnicos, pero fáciles de seguir",Texto detallado + imagen,Medio: el error podría causar cierta confusión o problema,"Explicaciones con ejemplos similares, Explicaciones con comparaciones o contraejemplos, Explicaciones basadas en reglas o razonamientos paso a paso, Explicaciones visuales (zonas destacadas en la imagen)","Transparencia: entender por qué el sistema tomó esa decisión, Eficiencia: comprender la respuesta de forma rápida, Efectividad: recibir una explicación útil para realizar mejor la tarea, Persuasión: convencerte de que la decisión del sistema está justificada, Detección de errores(Debugging): detectar fallos, errores o comportamientos inesperados del sistema, Escrutinio: evaluar críticamente si la decisión del sistema es adecuada, razonable o justa",1,2026-04-04 19:29:27.951,"[""Estudiante""]","5 Experto: trabajo/investigo en IA; implemento, entreno y evalúo modelos con regularidad.","Experto: trabajo/investigo en IA; implemento, entreno y evalúo modelos con regularidad.","2 Básico: reconozco animales comunes (león, elefante…), poco más.","Básico: reconozco animales comunes (león, elefante…), poco más.","[""Explicaciones con ejemplos similares"", ""Explicaciones con comparaciones o contraejemplos"", ""Explicaciones basadas en reglas o razonamientos paso a paso"", ""Explicaciones visuales (zonas destacadas en la imagen)""]","[""Transparencia: entender por qué el sistema tomó esa decisión"", ""Eficiencia: comprender la respuesta de forma rápida"", ""Efectividad: recibir una explicación útil para realizar mejor la tarea"", ""Persuasión: convencerte de que la decisión del sistema está justificada"", ""Detección de errores(Debugging): detectar fallos"", ""errores o comportamientos inesperados del sistema"", ""Escrutinio: evaluar críticamente si la decisión del sistema es adecuada"", ""razonable o justa""]",Una breve explicación de los métodos de detección de los animales usados estaría bien. Para entender un poco que es lo que están haciendo en cada paso,,Animales salvajes,,,,,Anchor,Grad-CAM,IG,LIME,Saliency,
C0112,U011,2,img_02,Opción F (Ninguna),3,3,3,3.0,18–24,Grado,Estudiante,5,2,Media: explicación breve con algo de detalle,"Intermedio: algunos términos técnicos, pero fáciles de seguir",Texto detallado + imagen,Medio: el error podría causar cierta confusión o problema,"Explicaciones con ejemplos similares, Explicaciones con comparaciones o contraejemplos, Explicaciones basadas en reglas o razonamientos paso a paso, Explicaciones visuales (zonas destacadas en la imagen)","Transparencia: entender por qué el sistema tomó esa decisión, Eficiencia: comprender la respuesta de forma rápida, Efectividad: recibir una explicación útil para realizar mejor la tarea, Persuasión: convencerte de que la decisión del sistema está justificada, Detección de errores(Debugging): detectar fallos, errores o comportamientos inesperados del sistema, Escrutinio: evaluar críticamente si la decisión del sistema es adecuada, razonable o justa",2,2026-04-04 19:29:27.951,"[""Estudiante""]","5 Experto: trabajo/investigo en IA; implemento, entreno y evalúo modelos con regularidad.","Experto: trabajo/investigo en IA; implemento, entreno y evalúo modelos con regularidad.","2 Básico: reconozco animales comunes (león, elefante…), poco más.","Básico: reconozco animales comunes (león, elefante…), poco más.","[""Explicaciones con ejemplos similares"", ""Explicaciones con comparaciones o contraejemplos"", ""Explicaciones basadas en reglas o razonamientos paso a paso"", ""Explicaciones visuales (zonas destacadas en la imagen)""]","[""Transparencia: entender por qué el sistema tomó esa decisión"", ""Eficiencia: comprender la respuesta de forma rápida"", ""Efectividad: recibir una explicación útil para realizar mejor la tarea"", ""Persuasión: convencerte de que la decisión del sistema está justificada"", ""Detección de errores(Debugging): detectar fallos"", ""errores o comportamientos inesperados del sistema"", ""Escrutinio: evaluar críticamente si la decisión del sistema es adecuada"", ""razonable o justa""]",Una breve explicación de los métodos de detección de los animales usados estaría bien. Para entender un poco que es lo que están haciendo en cada paso,,Animales salvajes,,,,,Anchor,Grad-CAM,IG,LIME,Saliency,
C0113,U011,3,img_03,Opción E,4,4,4,4.0,18–24,Grado,Estudiante,5,2,Media: explicación breve con algo de detalle,"Intermedio: algunos términos técnicos, pero fáciles de seguir",Texto detallado + imagen,Medio: el error podría causar cierta confusión o problema,"Explicaciones con ejemplos similares, Explicaciones con comparaciones o contraejemplos, Explicaciones basadas en reglas o razonamientos paso a paso, Explicaciones visuales (zonas destacadas en la imagen)","Transparencia: entender por qué el sistema tomó esa decisión, Eficiencia: comprender la respuesta de forma rápida, Efectividad: recibir una explicación útil para realizar mejor la tarea, Persuasión: convencerte de que la decisión del sistema está justificada, Detección de errores(Debugging): detectar fallos, errores o comportamientos inesperados del sistema, Escrutinio: evaluar críticamente si la decisión del sistema es adecuada, razonable o justa",3,2026-04-04 19:29:27.951,"[""Estudiante""]","5 Experto: trabajo/investigo en IA; implemento, entreno y evalúo modelos con regularidad.","Experto: trabajo/investigo en IA; implemento, entreno y evalúo modelos con regularidad.","2 Básico: reconozco animales comunes (león, elefante…), poco más.","Básico: reconozco animales comunes (león, elefante…), poco más.","[""Explicaciones con ejemplos similares"", ""Explicaciones con comparaciones o contraejemplos"", ""Explicaciones basadas en reglas o razonamientos paso a paso"", ""Explicaciones visuales (zonas destacadas en la imagen)""]","[""Transparencia: entender por qué el sistema tomó esa decisión"", ""Eficiencia: comprender la respuesta de forma rápida"", ""Efectividad: recibir una explicación útil para realizar mejor la tarea"", ""Persuasión: convencerte de que la decisión del sistema está justificada"", ""Detección de errores(Debugging): detectar fallos"", ""errores o comportamientos inesperados del sistema"", ""Escrutinio: evaluar críticamente si la decisión del sistema es adecuada"", ""razonable o justa""]",Una breve explicación de los métodos de detección de los animales usados estaría bien. Para entender un poco que es lo que están haciendo en cada paso,,Animales salvajes,,,,,Anchor,Grad-CAM,IG,LIME,Saliency,
C0114,U011,4,img_04,Opción B,4,5,4,4.333333333333333,18–24,Grado,Estudiante,5,2,Media: explicación breve con algo de detalle,"Intermedio: algunos términos técnicos, pero fáciles de seguir",Texto detallado + imagen,Medio: el error podría causar cierta confusión o problema,"Explicaciones con ejemplos similares, Explicaciones con comparaciones o contraejemplos, Explicaciones basadas en reglas o razonamientos paso a paso, Explicaciones visuales (zonas destacadas en la imagen)","Transparencia: entender por qué el sistema tomó esa decisión, Eficiencia: comprender la respuesta de forma rápida, Efectividad: recibir una explicación útil para realizar mejor la tarea, Persuasión: convencerte de que la decisión del sistema está justificada, Detección de errores(Debugging): detectar fallos, errores o comportamientos inesperados del sistema, Escrutinio: evaluar críticamente si la decisión del sistema es adecuada, razonable o justa",4,2026-04-04 19:29:27.951,"[""Estudiante""]","5 Experto: trabajo/investigo en IA; implemento, entreno y evalúo modelos con regularidad.","Experto: trabajo/investigo en IA; implemento, entreno y evalúo modelos con regularidad.","2 Básico: reconozco animales comunes (león, elefante…), poco más.","Básico: reconozco animales comunes (león, elefante…), poco más.","[""Explicaciones con ejemplos similares"", ""Explicaciones con comparaciones o contraejemplos"", ""Explicaciones basadas en reglas o razonamientos paso a paso"", ""Explicaciones visuales (zonas destacadas en la imagen)""]","[""Transparencia: entender por qué el sistema tomó esa decisión"", ""Eficiencia: comprender la respuesta de forma rápida"", ""Efectividad: recibir una explicación útil para realizar mejor la tarea"", ""Persuasión: convencerte de que la decisión del sistema está justificada"", ""Detección de errores(Debugging): detectar fallos"", ""errores o comportamientos inesperados del sistema"", ""Escrutinio: evaluar críticamente si la decisión del sistema es adecuada"", ""razonable o justa""]",Una breve explicación de los métodos de detección de los animales usados estaría bien. Para entender un poco que es lo que están haciendo en cada paso,,Animales salvajes,,,,,Anchor,Grad-CAM,IG,LIME,Saliency,
C0115,U011,5,img_05,Opción F (Ninguna),1,1,1,1.0,18–24,Grado,Estudiante,5,2,Media: explicación breve con algo de detalle,"Intermedio: algunos términos técnicos, pero fáciles de seguir",Texto detallado + imagen,Medio: el error podría causar cierta confusión o problema,"Explicaciones con ejemplos similares, Explicaciones con comparaciones o contraejemplos, Explicaciones basadas en reglas o razonamientos paso a paso, Explicaciones visuales (zonas destacadas en la imagen)","Transparencia: entender por qué el sistema tomó esa decisión, Eficiencia: comprender la respuesta de forma rápida, Efectividad: recibir una explicación útil para realizar mejor la tarea, Persuasión: convencerte de que la decisión del sistema está justificada, Detección de errores(Debugging): detectar fallos, errores o comportamientos inesperados del sistema, Escrutinio: evaluar críticamente si la decisión del sistema es adecuada, razonable o justa",5,2026-04-04 19:29:27.951,"[""Estudiante""]","5 Experto: trabajo/investigo en IA; implemento, entreno y evalúo modelos con regularidad.","Experto: trabajo/investigo en IA; implemento, entreno y evalúo modelos con regularidad.","2 Básico: reconozco animales comunes (león, elefante…), poco más.","Básico: reconozco animales comunes (león, elefante…), poco más.","[""Explicaciones con ejemplos similares"", ""Explicaciones con comparaciones o contraejemplos"", ""Explicaciones basadas en reglas o razonamientos paso a paso"", ""Explicaciones visuales (zonas destacadas en la imagen)""]","[""Transparencia: entender por qué el sistema tomó esa decisión"", ""Eficiencia: comprender la respuesta de forma rápida"", ""Efectividad: recibir una explicación útil para realizar mejor la tarea"", ""Persuasión: convencerte de que la decisión del sistema está justificada"", ""Detección de errores(Debugging): detectar fallos"", ""errores o comportamientos inesperados del sistema"", ""Escrutinio: evaluar críticamente si la decisión del sistema es adecuada"", ""razonable o justa""]",Una breve explicación de los métodos de detección de los animales usados estaría bien. Para entender un poco que es lo que están haciendo en cada paso,,Animales salvajes,,,,,Anchor,Grad-CAM,IG,LIME,Saliency,
C0116,U011,6,img_06,Opción A,3,4,4,3.6666666666666665,18–24,Grado,Estudiante,5,2,Media: explicación breve con algo de detalle,"Intermedio: algunos términos técnicos, pero fáciles de seguir",Texto detallado + imagen,Medio: el error podría causar cierta confusión o problema,"Explicaciones con ejemplos similares, Explicaciones con comparaciones o contraejemplos, Explicaciones basadas en reglas o razonamientos paso a paso, Explicaciones visuales (zonas destacadas en la imagen)","Transparencia: entender por qué el sistema tomó esa decisión, Eficiencia: comprender la respuesta de forma rápida, Efectividad: recibir una explicación útil para realizar mejor la tarea, Persuasión: convencerte de que la decisión del sistema está justificada, Detección de errores(Debugging): detectar fallos, errores o comportamientos inesperados del sistema, Escrutinio: evaluar críticamente si la decisión del sistema es adecuada, razonable o justa",6,2026-04-04 19:29:27.951,"[""Estudiante""]","5 Experto: trabajo/investigo en IA; implemento, entreno y evalúo modelos con regularidad.","Experto: trabajo/investigo en IA; implemento, entreno y evalúo modelos con regularidad.","2 Básico: reconozco animales comunes (león, elefante…), poco más.","Básico: reconozco animales comunes (león, elefante…), poco más.","[""Explicaciones con ejemplos similares"", ""Explicaciones con comparaciones o contraejemplos"", ""Explicaciones basadas en reglas o razonamientos paso a paso"", ""Explicaciones visuales (zonas destacadas en la imagen)""]","[""Transparencia: entender por qué el sistema tomó esa decisión"", ""Eficiencia: comprender la respuesta de forma rápida"", ""Efectividad: recibir una explicación útil para realizar mejor la tarea"", ""Persuasión: convencerte de que la decisión del sistema está justificada"", ""Detección de errores(Debugging): detectar fallos"", ""errores o comportamientos inesperados del sistema"", ""Escrutinio: evaluar críticamente si la decisión del sistema es adecuada"", ""razonable o justa""]",Una breve explicación de los métodos de detección de los animales usados estaría bien. Para entender un poco que es lo que están haciendo en cada paso,,Animales salvajes,,,,,Anchor,Grad-CAM,IG,LIME,Saliency,
C0117,U011,7,img_07,Opción F (Ninguna),1,1,1,1.0,18–24,Grado,Estudiante,5,2,Media: explicación breve con algo de detalle,"Intermedio: algunos términos técnicos, pero fáciles de seguir",Texto detallado + imagen,Medio: el error podría causar cierta confusión o problema,"Explicaciones con ejemplos similares, Explicaciones con comparaciones o contraejemplos, Explicaciones basadas en reglas o razonamientos paso a paso, Explicaciones visuales (zonas destacadas en la imagen)","Transparencia: entender por qué el sistema tomó esa decisión, Eficiencia: comprender la respuesta de forma rápida, Efectividad: recibir una explicación útil para realizar mejor la tarea, Persuasión: convencerte de que la decisión del sistema está justificada, Detección de errores(Debugging): detectar fallos, errores o comportamientos inesperados del sistema, Escrutinio: evaluar críticamente si la decisión del sistema es adecuada, razonable o justa",7,2026-04-04 19:29:27.951,"[""Estudiante""]","5 Experto: trabajo/investigo en IA; implemento, entreno y evalúo modelos con regularidad.","Experto: trabajo/investigo en IA; implemento, entreno y evalúo modelos con regularidad.","2 Básico: reconozco animales comunes (león, elefante…), poco más.","Básico: reconozco animales comunes (león, elefante…), poco más.","[""Explicaciones con ejemplos similares"", ""Explicaciones con comparaciones o contraejemplos"", ""Explicaciones basadas en reglas o razonamientos paso a paso"", ""Explicaciones visuales (zonas destacadas en la imagen)""]","[""Transparencia: entender por qué el sistema tomó esa decisión"", ""Eficiencia: comprender la respuesta de forma rápida"", ""Efectividad: recibir una explicación útil para realizar mejor la tarea"", ""Persuasión: convencerte de que la decisión del sistema está justificada"", ""Detección de errores(Debugging): detectar fallos"", ""errores o comportamientos inesperados del sistema"", ""Escrutinio: evaluar críticamente si la decisión del sistema es adecuada"", ""razonable o justa""]",Una breve explicación de los métodos de detección de los animales usados estaría bien. Para entender un poco que es lo que están haciendo en cada paso,,Animales salvajes,,,,,Anchor,Grad-CAM,IG,LIME,Saliency,
C0118,U011,8,img_08,Opción B,4,4,4,4.0,18–24,Grado,Estudiante,5,2,Media: explicación breve con algo de detalle,"Intermedio: algunos términos técnicos, pero fáciles de seguir",Texto detallado + imagen,Medio: el error podría causar cierta confusión o problema,"Explicaciones con ejemplos similares, Explicaciones con comparaciones o contraejemplos, Explicaciones basadas en reglas o razonamientos paso a paso, Explicaciones visuales (zonas destacadas en la imagen)","Transparencia: entender por qué el sistema tomó esa decisión, Eficiencia: comprender la respuesta de forma rápida, Efectividad: recibir una explicación útil para realizar mejor la tarea, Persuasión: convencerte de que la decisión del sistema está justificada, Detección de errores(Debugging): detectar fallos, errores o comportamientos inesperados del sistema, Escrutinio: evaluar críticamente si la decisión del sistema es adecuada, razonable o justa",8,2026-04-04 19:29:27.951,"[""Estudiante""]","5 Experto: trabajo/investigo en IA; implemento, entreno y evalúo modelos con regularidad.","Experto: trabajo/investigo en IA; implemento, entreno y evalúo modelos con regularidad.","2 Básico: reconozco animales comunes (león, elefante…), poco más.","Básico: reconozco animales comunes (león, elefante…), poco más.","[""Explicaciones con ejemplos similares"", ""Explicaciones con comparaciones o contraejemplos"", ""Explicaciones basadas en reglas o razonamientos paso a paso"", ""Explicaciones visuales (zonas destacadas en la imagen)""]","[""Transparencia: entender por qué el sistema tomó esa decisión"", ""Eficiencia: comprender la respuesta de forma rápida"", ""Efectividad: recibir una explicación útil para realizar mejor la tarea"", ""Persuasión: convencerte de que la decisión del sistema está justificada"", ""Detección de errores(Debugging): detectar fallos"", ""errores o comportamientos inesperados del sistema"", ""Escrutinio: evaluar críticamente si la decisión del sistema es adecuada"", ""razonable o justa""]",Una breve explicación de los métodos de detección de los animales usados estaría bien. Para entender un poco que es lo que están haciendo en cada paso,,Animales salvajes,,,,,Anchor,Grad-CAM,IG,LIME,Saliency,
C0119,U011,9,img_09,Opción F (Ninguna),1,1,1,1.0,18–24,Grado,Estudiante,5,2,Media: explicación breve con algo de detalle,"Intermedio: algunos términos técnicos, pero fáciles de seguir",Texto detallado + imagen,Medio: el error podría causar cierta confusión o problema,"Explicaciones con ejemplos similares, Explicaciones con comparaciones o contraejemplos, Explicaciones basadas en reglas o razonamientos paso a paso, Explicaciones visuales (zonas destacadas en la imagen)","Transparencia: entender por qué el sistema tomó esa decisión, Eficiencia: comprender la respuesta de forma rápida, Efectividad: recibir una explicación útil para realizar mejor la tarea, Persuasión: convencerte de que la decisión del sistema está justificada, Detección de errores(Debugging): detectar fallos, errores o comportamientos inesperados del sistema, Escrutinio: evaluar críticamente si la decisión del sistema es adecuada, razonable o justa",9,2026-04-04 19:29:27.951,"[""Estudiante""]","5 Experto: trabajo/investigo en IA; implemento, entreno y evalúo modelos con regularidad.","Experto: trabajo/investigo en IA; implemento, entreno y evalúo modelos con regularidad.","2 Básico: reconozco animales comunes (león, elefante…), poco más.","Básico: reconozco animales comunes (león, elefante…), poco más.","[""Explicaciones con ejemplos similares"", ""Explicaciones con comparaciones o contraejemplos"", ""Explicaciones basadas en reglas o razonamientos paso a paso"", ""Explicaciones visuales (zonas destacadas en la imagen)""]","[""Transparencia: entender por qué el sistema tomó esa decisión"", ""Eficiencia: comprender la respuesta de forma rápida"", ""Efectividad: recibir una explicación útil para realizar mejor la tarea"", ""Persuasión: convencerte de que la decisión del sistema está justificada"", ""Detección de errores(Debugging): detectar fallos"", ""errores o comportamientos inesperados del sistema"", ""Escrutinio: evaluar críticamente si la decisión del sistema es adecuada"", ""razonable o justa""]",Una breve explicación de los métodos de detección de los animales usados estaría bien. Para entender un poco que es lo que están haciendo en cada paso,,Animales salvajes,,,,,Anchor,Grad-CAM,IG,LIME,Saliency,
C0120,U011,10,img_10,Opción B,4,4,4,4.0,18–24,Grado,Estudiante,5,2,Media: explicación breve con algo de detalle,"Intermedio: algunos términos técnicos, pero fáciles de seguir",Texto detallado + imagen,Medio: el error podría causar cierta confusión o problema,"Explicaciones con ejemplos similares, Explicaciones con comparaciones o contraejemplos, Explicaciones basadas en reglas o razonamientos paso a paso, Explicaciones visuales (zonas destacadas en la imagen)","Transparencia: entender por qué el sistema tomó esa decisión, Eficiencia: comprender la respuesta de forma rápida, Efectividad: recibir una explicación útil para realizar mejor la tarea, Persuasión: convencerte de que la decisión del sistema está justificada, Detección de errores(Debugging): detectar fallos, errores o comportamientos inesperados del sistema, Escrutinio: evaluar críticamente si la decisión del sistema es adecuada, razonable o justa",10,2026-04-04 19:29:27.951,"[""Estudiante""]","5 Experto: trabajo/investigo en IA; implemento, entreno y evalúo modelos con regularidad.","Experto: trabajo/investigo en IA; implemento, entreno y evalúo modelos con regularidad.","2 Básico: reconozco animales comunes (león, elefante…), poco más.","Básico: reconozco animales comunes (león, elefante…), poco más.","[""Explicaciones con ejemplos similares"", ""Explicaciones con comparaciones o contraejemplos"", ""Explicaciones basadas en reglas o razonamientos paso a paso"", ""Explicaciones visuales (zonas destacadas en la imagen)""]","[""Transparencia: entender por qué el sistema tomó esa decisión"", ""Eficiencia: comprender la respuesta de forma rápida"", ""Efectividad: recibir una explicación útil para realizar mejor la tarea"", ""Persuasión: convencerte de que la decisión del sistema está justificada"", ""Detección de errores(Debugging): detectar fallos"", ""errores o comportamientos inesperados del sistema"", ""Escrutinio: evaluar críticamente si la decisión del sistema es adecuada"", ""razonable o justa""]",Una breve explicación de los métodos de detección de los animales usados estaría bien. Para entender un poco que es lo que están haciendo en cada paso,,Animales salvajes,,,,,Anchor,Grad-CAM,IG,LIME,Saliency,
C0121,U011,11,img_11,Opción B,4,4,4,4.0,18–24,Grado,Estudiante,5,2,Media: explicación breve con algo de detalle,"Intermedio: algunos términos técnicos, pero fáciles de seguir",Texto detallado + imagen,Medio: el error podría causar cierta confusión o problema,"Explicaciones con ejemplos similares, Explicaciones con comparaciones o contraejemplos, Explicaciones basadas en reglas o razonamientos paso a paso, Explicaciones visuales (zonas destacadas en la imagen)","Transparencia: entender por qué el sistema tomó esa decisión, Eficiencia: comprender la respuesta de forma rápida, Efectividad: recibir una explicación útil para realizar mejor la tarea, Persuasión: convencerte de que la decisión del sistema está justificada, Detección de errores(Debugging): detectar fallos, errores o comportamientos inesperados del sistema, Escrutinio: evaluar críticamente si la decisión del sistema es adecuada, razonable o justa",11,2026-04-04 19:29:27.951,"[""Estudiante""]","5 Experto: trabajo/investigo en IA; implemento, entreno y evalúo modelos con regularidad.","Experto: trabajo/investigo en IA; implemento, entreno y evalúo modelos con regularidad.","2 Básico: reconozco animales comunes (león, elefante…), poco más.","Básico: reconozco animales comunes (león, elefante…), poco más.","[""Explicaciones con ejemplos similares"", ""Explicaciones con comparaciones o contraejemplos"", ""Explicaciones basadas en reglas o razonamientos paso a paso"", ""Explicaciones visuales (zonas destacadas en la imagen)""]","[""Transparencia: entender por qué el sistema tomó esa decisión"", ""Eficiencia: comprender la respuesta de forma rápida"", ""Efectividad: recibir una explicación útil para realizar mejor la tarea"", ""Persuasión: convencerte de que la decisión del sistema está justificada"", ""Detección de errores(Debugging): detectar fallos"", ""errores o comportamientos inesperados del sistema"", ""Escrutinio: evaluar críticamente si la decisión del sistema es adecuada"", ""razonable o justa""]",Una breve explicación de los métodos de detección de los animales usados estaría bien. Para entender un poco que es lo que están haciendo en cada paso,,Animales salvajes,,,,,Anchor,Grad-CAM,IG,LIME,Saliency,
C0122,U012,1,img_01,Opción B,2,3,3,2.6666666666666665,18–24,Bachillerato/FP,Estudiante,4,3,Corta: solo lo esencial,"Intermedio: algunos términos técnicos, pero fáciles de seguir",Texto breve + imagen,Alto: el error podría tener consecuencias importantes,"Explicaciones con comparaciones o contraejemplos, Explicaciones centradas en atributos o características concretas, Explicaciones visuales (zonas destacadas en la imagen)","Transparencia: entender por qué el sistema tomó esa decisión, Eficiencia: comprender la respuesta de forma rápida, Satisfacción: que la explicación resulte clara y útil para ti, Detección de errores(Debugging): detectar fallos, errores o comportamientos inesperados del sistema, Escrutinio: evaluar críticamente si la decisión del sistema es adecuada, razonable o justa",1,2026-04-04 19:32:09.181,"[""Estudiante""]","4 Nivel técnico: he estudiado IA/ML o he hecho proyectos; entiendo métricas, redes neuronales, overfitting, etc.","Nivel técnico: he estudiado IA/ML o he hecho proyectos; entiendo métricas, redes neuronales, overfitting, etc.",3 Intermedio: suelo identificar bastantes y entiendo rasgos/hábitats generales.,Intermedio: suelo identificar bastantes y entiendo rasgos/hábitats generales.,"[""Explicaciones con comparaciones o contraejemplos"", ""Explicaciones centradas en atributos o características concretas"", ""Explicaciones visuales (zonas destacadas en la imagen)""]","[""Transparencia: entender por qué el sistema tomó esa decisión"", ""Eficiencia: comprender la respuesta de forma rápida"", ""Satisfacción: que la explicación resulte clara y útil para ti"", ""Detección de errores(Debugging): detectar fallos"", ""errores o comportamientos inesperados del sistema"", ""Escrutinio: evaluar críticamente si la decisión del sistema es adecuada"", ""razonable o justa""]",,,Animales salvajes,,,,,Anchor,Grad-CAM,IG,LIME,Saliency,
C0123,U012,2,img_02,Opción B,2,3,3,2.6666666666666665,18–24,Bachillerato/FP,Estudiante,4,3,Corta: solo lo esencial,"Intermedio: algunos términos técnicos, pero fáciles de seguir",Texto breve + imagen,Alto: el error podría tener consecuencias importantes,"Explicaciones con comparaciones o contraejemplos, Explicaciones centradas en atributos o características concretas, Explicaciones visuales (zonas destacadas en la imagen)","Transparencia: entender por qué el sistema tomó esa decisión, Eficiencia: comprender la respuesta de forma rápida, Satisfacción: que la explicación resulte clara y útil para ti, Detección de errores(Debugging): detectar fallos, errores o comportamientos inesperados del sistema, Escrutinio: evaluar críticamente si la decisión del sistema es adecuada, razonable o justa",2,2026-04-04 19:32:09.181,"[""Estudiante""]","4 Nivel técnico: he estudiado IA/ML o he hecho proyectos; entiendo métricas, redes neuronales, overfitting, etc.","Nivel técnico: he estudiado IA/ML o he hecho proyectos; entiendo métricas, redes neuronales, overfitting, etc.",3 Intermedio: suelo identificar bastantes y entiendo rasgos/hábitats generales.,Intermedio: suelo identificar bastantes y entiendo rasgos/hábitats generales.,"[""Explicaciones con comparaciones o contraejemplos"", ""Explicaciones centradas en atributos o características concretas"", ""Explicaciones visuales (zonas destacadas en la imagen)""]","[""Transparencia: entender por qué el sistema tomó esa decisión"", ""Eficiencia: comprender la respuesta de forma rápida"", ""Satisfacción: que la explicación resulte clara y útil para ti"", ""Detección de errores(Debugging): detectar fallos"", ""errores o comportamientos inesperados del sistema"", ""Escrutinio: evaluar críticamente si la decisión del sistema es adecuada"", ""razonable o justa""]",,,Animales salvajes,,,,,Anchor,Grad-CAM,IG,LIME,Saliency,
C0124,U012,3,img_03,Opción A,2,2,2,2.0,18–24,Bachillerato/FP,Estudiante,4,3,Corta: solo lo esencial,"Intermedio: algunos términos técnicos, pero fáciles de seguir",Texto breve + imagen,Alto: el error podría tener consecuencias importantes,"Explicaciones con comparaciones o contraejemplos, Explicaciones centradas en atributos o características concretas, Explicaciones visuales (zonas destacadas en la imagen)","Transparencia: entender por qué el sistema tomó esa decisión, Eficiencia: comprender la respuesta de forma rápida, Satisfacción: que la explicación resulte clara y útil para ti, Detección de errores(Debugging): detectar fallos, errores o comportamientos inesperados del sistema, Escrutinio: evaluar críticamente si la decisión del sistema es adecuada, razonable o justa",3,2026-04-04 19:32:09.181,"[""Estudiante""]","4 Nivel técnico: he estudiado IA/ML o he hecho proyectos; entiendo métricas, redes neuronales, overfitting, etc.","Nivel técnico: he estudiado IA/ML o he hecho proyectos; entiendo métricas, redes neuronales, overfitting, etc.",3 Intermedio: suelo identificar bastantes y entiendo rasgos/hábitats generales.,Intermedio: suelo identificar bastantes y entiendo rasgos/hábitats generales.,"[""Explicaciones con comparaciones o contraejemplos"", ""Explicaciones centradas en atributos o características concretas"", ""Explicaciones visuales (zonas destacadas en la imagen)""]","[""Transparencia: entender por qué el sistema tomó esa decisión"", ""Eficiencia: comprender la respuesta de forma rápida"", ""Satisfacción: que la explicación resulte clara y útil para ti"", ""Detección de errores(Debugging): detectar fallos"", ""errores o comportamientos inesperados del sistema"", ""Escrutinio: evaluar críticamente si la decisión del sistema es adecuada"", ""razonable o justa""]",,,Animales salvajes,,,,,Anchor,Grad-CAM,IG,LIME,Saliency,
C0125,U012,4,img_04,Opción A,4,3,3,3.3333333333333335,18–24,Bachillerato/FP,Estudiante,4,3,Corta: solo lo esencial,"Intermedio: algunos términos técnicos, pero fáciles de seguir",Texto breve + imagen,Alto: el error podría tener consecuencias importantes,"Explicaciones con comparaciones o contraejemplos, Explicaciones centradas en atributos o características concretas, Explicaciones visuales (zonas destacadas en la imagen)","Transparencia: entender por qué el sistema tomó esa decisión, Eficiencia: comprender la respuesta de forma rápida, Satisfacción: que la explicación resulte clara y útil para ti, Detección de errores(Debugging): detectar fallos, errores o comportamientos inesperados del sistema, Escrutinio: evaluar críticamente si la decisión del sistema es adecuada, razonable o justa",4,2026-04-04 19:32:09.181,"[""Estudiante""]","4 Nivel técnico: he estudiado IA/ML o he hecho proyectos; entiendo métricas, redes neuronales, overfitting, etc.","Nivel técnico: he estudiado IA/ML o he hecho proyectos; entiendo métricas, redes neuronales, overfitting, etc.",3 Intermedio: suelo identificar bastantes y entiendo rasgos/hábitats generales.,Intermedio: suelo identificar bastantes y entiendo rasgos/hábitats generales.,"[""Explicaciones con comparaciones o contraejemplos"", ""Explicaciones centradas en atributos o características concretas"", ""Explicaciones visuales (zonas destacadas en la imagen)""]","[""Transparencia: entender por qué el sistema tomó esa decisión"", ""Eficiencia: comprender la respuesta de forma rápida"", ""Satisfacción: que la explicación resulte clara y útil para ti"", ""Detección de errores(Debugging): detectar fallos"", ""errores o comportamientos inesperados del sistema"", ""Escrutinio: evaluar críticamente si la decisión del sistema es adecuada"", ""razonable o justa""]",,,Animales salvajes,,,,,Anchor,Grad-CAM,IG,LIME,Saliency,
C0126,U012,5,img_05,Opción D,2,3,3,2.6666666666666665,18–24,Bachillerato/FP,Estudiante,4,3,Corta: solo lo esencial,"Intermedio: algunos términos técnicos, pero fáciles de seguir",Texto breve + imagen,Alto: el error podría tener consecuencias importantes,"Explicaciones con comparaciones o contraejemplos, Explicaciones centradas en atributos o características concretas, Explicaciones visuales (zonas destacadas en la imagen)","Transparencia: entender por qué el sistema tomó esa decisión, Eficiencia: comprender la respuesta de forma rápida, Satisfacción: que la explicación resulte clara y útil para ti, Detección de errores(Debugging): detectar fallos, errores o comportamientos inesperados del sistema, Escrutinio: evaluar críticamente si la decisión del sistema es adecuada, razonable o justa",5,2026-04-04 19:32:09.181,"[""Estudiante""]","4 Nivel técnico: he estudiado IA/ML o he hecho proyectos; entiendo métricas, redes neuronales, overfitting, etc.","Nivel técnico: he estudiado IA/ML o he hecho proyectos; entiendo métricas, redes neuronales, overfitting, etc.",3 Intermedio: suelo identificar bastantes y entiendo rasgos/hábitats generales.,Intermedio: suelo identificar bastantes y entiendo rasgos/hábitats generales.,"[""Explicaciones con comparaciones o contraejemplos"", ""Explicaciones centradas en atributos o características concretas"", ""Explicaciones visuales (zonas destacadas en la imagen)""]","[""Transparencia: entender por qué el sistema tomó esa decisión"", ""Eficiencia: comprender la respuesta de forma rápida"", ""Satisfacción: que la explicación resulte clara y útil para ti"", ""Detección de errores(Debugging): detectar fallos"", ""errores o comportamientos inesperados del sistema"", ""Escrutinio: evaluar críticamente si la decisión del sistema es adecuada"", ""razonable o justa""]",,,Animales salvajes,,,,,Anchor,Grad-CAM,IG,LIME,Saliency,
C0127,U012,6,img_06,Opción A,2,3,3,2.6666666666666665,18–24,Bachillerato/FP,Estudiante,4,3,Corta: solo lo esencial,"Intermedio: algunos términos técnicos, pero fáciles de seguir",Texto breve + imagen,Alto: el error podría tener consecuencias importantes,"Explicaciones con comparaciones o contraejemplos, Explicaciones centradas en atributos o características concretas, Explicaciones visuales (zonas destacadas en la imagen)","Transparencia: entender por qué el sistema tomó esa decisión, Eficiencia: comprender la respuesta de forma rápida, Satisfacción: que la explicación resulte clara y útil para ti, Detección de errores(Debugging): detectar fallos, errores o comportamientos inesperados del sistema, Escrutinio: evaluar críticamente si la decisión del sistema es adecuada, razonable o justa",6,2026-04-04 19:32:09.181,"[""Estudiante""]","4 Nivel técnico: he estudiado IA/ML o he hecho proyectos; entiendo métricas, redes neuronales, overfitting, etc.","Nivel técnico: he estudiado IA/ML o he hecho proyectos; entiendo métricas, redes neuronales, overfitting, etc.",3 Intermedio: suelo identificar bastantes y entiendo rasgos/hábitats generales.,Intermedio: suelo identificar bastantes y entiendo rasgos/hábitats generales.,"[""Explicaciones con comparaciones o contraejemplos"", ""Explicaciones centradas en atributos o características concretas"", ""Explicaciones visuales (zonas destacadas en la imagen)""]","[""Transparencia: entender por qué el sistema tomó esa decisión"", ""Eficiencia: comprender la respuesta de forma rápida"", ""Satisfacción: que la explicación resulte clara y útil para ti"", ""Detección de errores(Debugging): detectar fallos"", ""errores o comportamientos inesperados del sistema"", ""Escrutinio: evaluar críticamente si la decisión del sistema es adecuada"", ""razonable o justa""]",,,Animales salvajes,,,,,Anchor,Grad-CAM,IG,LIME,Saliency,
C0128,U012,7,img_07,Opción D,2,3,3,2.6666666666666665,18–24,Bachillerato/FP,Estudiante,4,3,Corta: solo lo esencial,"Intermedio: algunos términos técnicos, pero fáciles de seguir",Texto breve + imagen,Alto: el error podría tener consecuencias importantes,"Explicaciones con comparaciones o contraejemplos, Explicaciones centradas en atributos o características concretas, Explicaciones visuales (zonas destacadas en la imagen)","Transparencia: entender por qué el sistema tomó esa decisión, Eficiencia: comprender la respuesta de forma rápida, Satisfacción: que la explicación resulte clara y útil para ti, Detección de errores(Debugging): detectar fallos, errores o comportamientos inesperados del sistema, Escrutinio: evaluar críticamente si la decisión del sistema es adecuada, razonable o justa",7,2026-04-04 19:32:09.181,"[""Estudiante""]","4 Nivel técnico: he estudiado IA/ML o he hecho proyectos; entiendo métricas, redes neuronales, overfitting, etc.","Nivel técnico: he estudiado IA/ML o he hecho proyectos; entiendo métricas, redes neuronales, overfitting, etc.",3 Intermedio: suelo identificar bastantes y entiendo rasgos/hábitats generales.,Intermedio: suelo identificar bastantes y entiendo rasgos/hábitats generales.,"[""Explicaciones con comparaciones o contraejemplos"", ""Explicaciones centradas en atributos o características concretas"", ""Explicaciones visuales (zonas destacadas en la imagen)""]","[""Transparencia: entender por qué el sistema tomó esa decisión"", ""Eficiencia: comprender la respuesta de forma rápida"", ""Satisfacción: que la explicación resulte clara y útil para ti"", ""Detección de errores(Debugging): detectar fallos"", ""errores o comportamientos inesperados del sistema"", ""Escrutinio: evaluar críticamente si la decisión del sistema es adecuada"", ""razonable o justa""]",,,Animales salvajes,,,,,Anchor,Grad-CAM,IG,LIME,Saliency,
C0129,U012,8,img_08,Opción B,2,3,3,2.6666666666666665,18–24,Bachillerato/FP,Estudiante,4,3,Corta: solo lo esencial,"Intermedio: algunos términos técnicos, pero fáciles de seguir",Texto breve + imagen,Alto: el error podría tener consecuencias importantes,"Explicaciones con comparaciones o contraejemplos, Explicaciones centradas en atributos o características concretas, Explicaciones visuales (zonas destacadas en la imagen)","Transparencia: entender por qué el sistema tomó esa decisión, Eficiencia: comprender la respuesta de forma rápida, Satisfacción: que la explicación resulte clara y útil para ti, Detección de errores(Debugging): detectar fallos, errores o comportamientos inesperados del sistema, Escrutinio: evaluar críticamente si la decisión del sistema es adecuada, razonable o justa",8,2026-04-04 19:32:09.181,"[""Estudiante""]","4 Nivel técnico: he estudiado IA/ML o he hecho proyectos; entiendo métricas, redes neuronales, overfitting, etc.","Nivel técnico: he estudiado IA/ML o he hecho proyectos; entiendo métricas, redes neuronales, overfitting, etc.",3 Intermedio: suelo identificar bastantes y entiendo rasgos/hábitats generales.,Intermedio: suelo identificar bastantes y entiendo rasgos/hábitats generales.,"[""Explicaciones con comparaciones o contraejemplos"", ""Explicaciones centradas en atributos o características concretas"", ""Explicaciones visuales (zonas destacadas en la imagen)""]","[""Transparencia: entender por qué el sistema tomó esa decisión"", ""Eficiencia: comprender la respuesta de forma rápida"", ""Satisfacción: que la explicación resulte clara y útil para ti"", ""Detección de errores(Debugging): detectar fallos"", ""errores o comportamientos inesperados del sistema"", ""Escrutinio: evaluar críticamente si la decisión del sistema es adecuada"", ""razonable o justa""]",,,Animales salvajes,,,,,Anchor,Grad-CAM,IG,LIME,Saliency,
C0130,U012,9,img_09,Opción B,3,3,3,3.0,18–24,Bachillerato/FP,Estudiante,4,3,Corta: solo lo esencial,"Intermedio: algunos términos técnicos, pero fáciles de seguir",Texto breve + imagen,Alto: el error podría tener consecuencias importantes,"Explicaciones con comparaciones o contraejemplos, Explicaciones centradas en atributos o características concretas, Explicaciones visuales (zonas destacadas en la imagen)","Transparencia: entender por qué el sistema tomó esa decisión, Eficiencia: comprender la respuesta de forma rápida, Satisfacción: que la explicación resulte clara y útil para ti, Detección de errores(Debugging): detectar fallos, errores o comportamientos inesperados del sistema, Escrutinio: evaluar críticamente si la decisión del sistema es adecuada, razonable o justa",9,2026-04-04 19:32:09.181,"[""Estudiante""]","4 Nivel técnico: he estudiado IA/ML o he hecho proyectos; entiendo métricas, redes neuronales, overfitting, etc.","Nivel técnico: he estudiado IA/ML o he hecho proyectos; entiendo métricas, redes neuronales, overfitting, etc.",3 Intermedio: suelo identificar bastantes y entiendo rasgos/hábitats generales.,Intermedio: suelo identificar bastantes y entiendo rasgos/hábitats generales.,"[""Explicaciones con comparaciones o contraejemplos"", ""Explicaciones centradas en atributos o características concretas"", ""Explicaciones visuales (zonas destacadas en la imagen)""]","[""Transparencia: entender por qué el sistema tomó esa decisión"", ""Eficiencia: comprender la respuesta de forma rápida"", ""Satisfacción: que la explicación resulte clara y útil para ti"", ""Detección de errores(Debugging): detectar fallos"", ""errores o comportamientos inesperados del sistema"", ""Escrutinio: evaluar críticamente si la decisión del sistema es adecuada"", ""razonable o justa""]",,,Animales salvajes,,,,,Anchor,Grad-CAM,IG,LIME,Saliency,
C0131,U012,10,img_10,Opción E,3,3,3,3.0,18–24,Bachillerato/FP,Estudiante,4,3,Corta: solo lo esencial,"Intermedio: algunos términos técnicos, pero fáciles de seguir",Texto breve + imagen,Alto: el error podría tener consecuencias importantes,"Explicaciones con comparaciones o contraejemplos, Explicaciones centradas en atributos o características concretas, Explicaciones visuales (zonas destacadas en la imagen)","Transparencia: entender por qué el sistema tomó esa decisión, Eficiencia: comprender la respuesta de forma rápida, Satisfacción: que la explicación resulte clara y útil para ti, Detección de errores(Debugging): detectar fallos, errores o comportamientos inesperados del sistema, Escrutinio: evaluar críticamente si la decisión del sistema es adecuada, razonable o justa",10,2026-04-04 19:32:09.181,"[""Estudiante""]","4 Nivel técnico: he estudiado IA/ML o he hecho proyectos; entiendo métricas, redes neuronales, overfitting, etc.","Nivel técnico: he estudiado IA/ML o he hecho proyectos; entiendo métricas, redes neuronales, overfitting, etc.",3 Intermedio: suelo identificar bastantes y entiendo rasgos/hábitats generales.,Intermedio: suelo identificar bastantes y entiendo rasgos/hábitats generales.,"[""Explicaciones con comparaciones o contraejemplos"", ""Explicaciones centradas en atributos o características concretas"", ""Explicaciones visuales (zonas destacadas en la imagen)""]","[""Transparencia: entender por qué el sistema tomó esa decisión"", ""Eficiencia: comprender la respuesta de forma rápida"", ""Satisfacción: que la explicación resulte clara y útil para ti"", ""Detección de errores(Debugging): detectar fallos"", ""errores o comportamientos inesperados del sistema"", ""Escrutinio: evaluar críticamente si la decisión del sistema es adecuada"", ""razonable o justa""]",,,Animales salvajes,,,,,Anchor,Grad-CAM,IG,LIME,Saliency,
C0132,U012,11,img_11,Opción B,4,3,3,3.3333333333333335,18–24,Bachillerato/FP,Estudiante,4,3,Corta: solo lo esencial,"Intermedio: algunos términos técnicos, pero fáciles de seguir",Texto breve + imagen,Alto: el error podría tener consecuencias importantes,"Explicaciones con comparaciones o contraejemplos, Explicaciones centradas en atributos o características concretas, Explicaciones visuales (zonas destacadas en la imagen)","Transparencia: entender por qué el sistema tomó esa decisión, Eficiencia: comprender la respuesta de forma rápida, Satisfacción: que la explicación resulte clara y útil para ti, Detección de errores(Debugging): detectar fallos, errores o comportamientos inesperados del sistema, Escrutinio: evaluar críticamente si la decisión del sistema es adecuada, razonable o justa",11,2026-04-04 19:32:09.181,"[""Estudiante""]","4 Nivel técnico: he estudiado IA/ML o he hecho proyectos; entiendo métricas, redes neuronales, overfitting, etc.","Nivel técnico: he estudiado IA/ML o he hecho proyectos; entiendo métricas, redes neuronales, overfitting, etc.",3 Intermedio: suelo identificar bastantes y entiendo rasgos/hábitats generales.,Intermedio: suelo identificar bastantes y entiendo rasgos/hábitats generales.,"[""Explicaciones con comparaciones o contraejemplos"", ""Explicaciones centradas en atributos o características concretas"", ""Explicaciones visuales (zonas destacadas en la imagen)""]","[""Transparencia: entender por qué el sistema tomó esa decisión"", ""Eficiencia: comprender la respuesta de forma rápida"", ""Satisfacción: que la explicación resulte clara y útil para ti"", ""Detección de errores(Debugging): detectar fallos"", ""errores o comportamientos inesperados del sistema"", ""Escrutinio: evaluar críticamente si la decisión del sistema es adecuada"", ""razonable o justa""]",,,Animales salvajes,,,,,Anchor,Grad-CAM,IG,LIME,Saliency,
C0133,U013,1,img_01,Opción E,2,4,4,3.3333333333333335,18–24,Prefiero no contestar,Prefiero no contestar,1,2,Corta: solo lo esencial,Simple: lenguaje claro y sin tecnicismos,Me da igual,Medio: el error podría causar cierta confusión o problema,No tengo preferencia / me da igual,"Educación: aprender más sobre la imagen, el problema o el funcionamiento del sistema",1,2026-04-04 19:45:20.405,"[""Prefiero no contestar""]",1 No sé lo que es la IA o apenas he oído el término.,No sé lo que es la IA o apenas he oído el término.,"2 Básico: reconozco animales comunes (león, elefante…), poco más.","Básico: reconozco animales comunes (león, elefante…), poco más.","[""No tengo preferencia / me da igual""]","[""Educación: aprender más sobre la imagen"", ""el problema o el funcionamiento del sistema""]",,,Animales salvajes,,,,,Anchor,Grad-CAM,IG,LIME,Saliency,
C0134,U013,2,img_02,Opción C,2,4,4,3.3333333333333335,18–24,Prefiero no contestar,Prefiero no contestar,1,2,Corta: solo lo esencial,Simple: lenguaje claro y sin tecnicismos,Me da igual,Medio: el error podría causar cierta confusión o problema,No tengo preferencia / me da igual,"Educación: aprender más sobre la imagen, el problema o el funcionamiento del sistema",2,2026-04-04 19:45:20.405,"[""Prefiero no contestar""]",1 No sé lo que es la IA o apenas he oído el término.,No sé lo que es la IA o apenas he oído el término.,"2 Básico: reconozco animales comunes (león, elefante…), poco más.","Básico: reconozco animales comunes (león, elefante…), poco más.","[""No tengo preferencia / me da igual""]","[""Educación: aprender más sobre la imagen"", ""el problema o el funcionamiento del sistema""]",,,Animales salvajes,,,,,Anchor,Grad-CAM,IG,LIME,Saliency,
C0135,U013,3,img_03,Opción E,2,4,4,3.3333333333333335,18–24,Prefiero no contestar,Prefiero no contestar,1,2,Corta: solo lo esencial,Simple: lenguaje claro y sin tecnicismos,Me da igual,Medio: el error podría causar cierta confusión o problema,No tengo preferencia / me da igual,"Educación: aprender más sobre la imagen, el problema o el funcionamiento del sistema",3,2026-04-04 19:45:20.405,"[""Prefiero no contestar""]",1 No sé lo que es la IA o apenas he oído el término.,No sé lo que es la IA o apenas he oído el término.,"2 Básico: reconozco animales comunes (león, elefante…), poco más.","Básico: reconozco animales comunes (león, elefante…), poco más.","[""No tengo preferencia / me da igual""]","[""Educación: aprender más sobre la imagen"", ""el problema o el funcionamiento del sistema""]",,,Animales salvajes,,,,,Anchor,Grad-CAM,IG,LIME,Saliency,
C0136,U013,4,img_04,Opción A,2,4,4,3.3333333333333335,18–24,Prefiero no contestar,Prefiero no contestar,1,2,Corta: solo lo esencial,Simple: lenguaje claro y sin tecnicismos,Me da igual,Medio: el error podría causar cierta confusión o problema,No tengo preferencia / me da igual,"Educación: aprender más sobre la imagen, el problema o el funcionamiento del sistema",4,2026-04-04 19:45:20.405,"[""Prefiero no contestar""]",1 No sé lo que es la IA o apenas he oído el término.,No sé lo que es la IA o apenas he oído el término.,"2 Básico: reconozco animales comunes (león, elefante…), poco más.","Básico: reconozco animales comunes (león, elefante…), poco más.","[""No tengo preferencia / me da igual""]","[""Educación: aprender más sobre la imagen"", ""el problema o el funcionamiento del sistema""]",,,Animales salvajes,,,,,Anchor,Grad-CAM,IG,LIME,Saliency,
C0137,U013,5,img_05,Opción F (Ninguna),1,1,1,1.0,18–24,Prefiero no contestar,Prefiero no contestar,1,2,Corta: solo lo esencial,Simple: lenguaje claro y sin tecnicismos,Me da igual,Medio: el error podría causar cierta confusión o problema,No tengo preferencia / me da igual,"Educación: aprender más sobre la imagen, el problema o el funcionamiento del sistema",5,2026-04-04 19:45:20.405,"[""Prefiero no contestar""]",1 No sé lo que es la IA o apenas he oído el término.,No sé lo que es la IA o apenas he oído el término.,"2 Básico: reconozco animales comunes (león, elefante…), poco más.","Básico: reconozco animales comunes (león, elefante…), poco más.","[""No tengo preferencia / me da igual""]","[""Educación: aprender más sobre la imagen"", ""el problema o el funcionamiento del sistema""]",,,Animales salvajes,,,,,Anchor,Grad-CAM,IG,LIME,Saliency,
C0138,U013,6,img_06,Opción D,3,3,3,3.0,18–24,Prefiero no contestar,Prefiero no contestar,1,2,Corta: solo lo esencial,Simple: lenguaje claro y sin tecnicismos,Me da igual,Medio: el error podría causar cierta confusión o problema,No tengo preferencia / me da igual,"Educación: aprender más sobre la imagen, el problema o el funcionamiento del sistema",6,2026-04-04 19:45:20.405,"[""Prefiero no contestar""]",1 No sé lo que es la IA o apenas he oído el término.,No sé lo que es la IA o apenas he oído el término.,"2 Básico: reconozco animales comunes (león, elefante…), poco más.","Básico: reconozco animales comunes (león, elefante…), poco más.","[""No tengo preferencia / me da igual""]","[""Educación: aprender más sobre la imagen"", ""el problema o el funcionamiento del sistema""]",,,Animales salvajes,,,,,Anchor,Grad-CAM,IG,LIME,Saliency,
C0139,U013,7,img_07,Opción F (Ninguna),1,1,1,1.0,18–24,Prefiero no contestar,Prefiero no contestar,1,2,Corta: solo lo esencial,Simple: lenguaje claro y sin tecnicismos,Me da igual,Medio: el error podría causar cierta confusión o problema,No tengo preferencia / me da igual,"Educación: aprender más sobre la imagen, el problema o el funcionamiento del sistema",7,2026-04-04 19:45:20.405,"[""Prefiero no contestar""]",1 No sé lo que es la IA o apenas he oído el término.,No sé lo que es la IA o apenas he oído el término.,"2 Básico: reconozco animales comunes (león, elefante…), poco más.","Básico: reconozco animales comunes (león, elefante…), poco más.","[""No tengo preferencia / me da igual""]","[""Educación: aprender más sobre la imagen"", ""el problema o el funcionamiento del sistema""]",,,Animales salvajes,,,,,Anchor,Grad-CAM,IG,LIME,Saliency,
C0140,U013,8,img_08,Opción F (Ninguna),1,1,1,1.0,18–24,Prefiero no contestar,Prefiero no contestar,1,2,Corta: solo lo esencial,Simple: lenguaje claro y sin tecnicismos,Me da igual,Medio: el error podría causar cierta confusión o problema,No tengo preferencia / me da igual,"Educación: aprender más sobre la imagen, el problema o el funcionamiento del sistema",8,2026-04-04 19:45:20.405,"[""Prefiero no contestar""]",1 No sé lo que es la IA o apenas he oído el término.,No sé lo que es la IA o apenas he oído el término.,"2 Básico: reconozco animales comunes (león, elefante…), poco más.","Básico: reconozco animales comunes (león, elefante…), poco más.","[""No tengo preferencia / me da igual""]","[""Educación: aprender más sobre la imagen"", ""el problema o el funcionamiento del sistema""]",,,Animales salvajes,,,,,Anchor,Grad-CAM,IG,LIME,Saliency,
C0141,U013,9,img_09,Opción F (Ninguna),1,1,1,1.0,18–24,Prefiero no contestar,Prefiero no contestar,1,2,Corta: solo lo esencial,Simple: lenguaje claro y sin tecnicismos,Me da igual,Medio: el error podría causar cierta confusión o problema,No tengo preferencia / me da igual,"Educación: aprender más sobre la imagen, el problema o el funcionamiento del sistema",9,2026-04-04 19:45:20.405,"[""Prefiero no contestar""]",1 No sé lo que es la IA o apenas he oído el término.,No sé lo que es la IA o apenas he oído el término.,"2 Básico: reconozco animales comunes (león, elefante…), poco más.","Básico: reconozco animales comunes (león, elefante…), poco más.","[""No tengo preferencia / me da igual""]","[""Educación: aprender más sobre la imagen"", ""el problema o el funcionamiento del sistema""]",,,Animales salvajes,,,,,Anchor,Grad-CAM,IG,LIME,Saliency,
C0142,U013,10,img_10,Opción F (Ninguna),1,1,1,1.0,18–24,Prefiero no contestar,Prefiero no contestar,1,2,Corta: solo lo esencial,Simple: lenguaje claro y sin tecnicismos,Me da igual,Medio: el error podría causar cierta confusión o problema,No tengo preferencia / me da igual,"Educación: aprender más sobre la imagen, el problema o el funcionamiento del sistema",10,2026-04-04 19:45:20.405,"[""Prefiero no contestar""]",1 No sé lo que es la IA o apenas he oído el término.,No sé lo que es la IA o apenas he oído el término.,"2 Básico: reconozco animales comunes (león, elefante…), poco más.","Básico: reconozco animales comunes (león, elefante…), poco más.","[""No tengo preferencia / me da igual""]","[""Educación: aprender más sobre la imagen"", ""el problema o el funcionamiento del sistema""]",,,Animales salvajes,,,,,Anchor,Grad-CAM,IG,LIME,Saliency,
C0143,U013,11,img_11,Opción B,3,3,2,2.6666666666666665,18–24,Prefiero no contestar,Prefiero no contestar,1,2,Corta: solo lo esencial,Simple: lenguaje claro y sin tecnicismos,Me da igual,Medio: el error podría causar cierta confusión o problema,No tengo preferencia / me da igual,"Educación: aprender más sobre la imagen, el problema o el funcionamiento del sistema",11,2026-04-04 19:45:20.405,"[""Prefiero no contestar""]",1 No sé lo que es la IA o apenas he oído el término.,No sé lo que es la IA o apenas he oído el término.,"2 Básico: reconozco animales comunes (león, elefante…), poco más.","Básico: reconozco animales comunes (león, elefante…), poco más.","[""No tengo preferencia / me da igual""]","[""Educación: aprender más sobre la imagen"", ""el problema o el funcionamiento del sistema""]",,,Animales salvajes,,,,,Anchor,Grad-CAM,IG,LIME,Saliency,
C0144,U014,1,img_01,Opción A,4,4,4,4.0,18–24,Grado,"Estudiante, Profesional del sector tecnológico / IA / datos",4,3,Larga: explicación completa y detallada,"Intermedio: algunos términos técnicos, pero fáciles de seguir",Texto detallado + imagen,Medio: el error podría causar cierta confusión o problema,"Explicaciones con comparaciones o contraejemplos, Explicaciones centradas en atributos o características concretas, Explicaciones basadas en reglas o razonamientos paso a paso","Transparencia: entender por qué el sistema tomó esa decisión, Confianza: sentir mayor seguridad en la respuesta del sistema, Efectividad: recibir una explicación útil para realizar mejor la tarea, Satisfacción: que la explicación resulte clara y útil para ti, Detección de errores(Debugging): detectar fallos, errores o comportamientos inesperados del sistema, Educación: aprender más sobre la imagen, el problema o el funcionamiento del sistema, Escrutinio: evaluar críticamente si la decisión del sistema es adecuada, razonable o justa",1,2026-04-04 20:01:12.294,"[""Estudiante"", ""Profesional del sector tecnológico / IA / datos""]","4 Nivel técnico: he estudiado IA/ML o he hecho proyectos; entiendo métricas, redes neuronales, overfitting, etc.","Nivel técnico: he estudiado IA/ML o he hecho proyectos; entiendo métricas, redes neuronales, overfitting, etc.",3 Intermedio: suelo identificar bastantes y entiendo rasgos/hábitats generales.,Intermedio: suelo identificar bastantes y entiendo rasgos/hábitats generales.,"[""Explicaciones con comparaciones o contraejemplos"", ""Explicaciones centradas en atributos o características concretas"", ""Explicaciones basadas en reglas o razonamientos paso a paso""]","[""Transparencia: entender por qué el sistema tomó esa decisión"", ""Confianza: sentir mayor seguridad en la respuesta del sistema"", ""Efectividad: recibir una explicación útil para realizar mejor la tarea"", ""Satisfacción: que la explicación resulte clara y útil para ti"", ""Detección de errores(Debugging): detectar fallos"", ""errores o comportamientos inesperados del sistema"", ""Educación: aprender más sobre la imagen"", ""el problema o el funcionamiento del sistema"", ""Escrutinio: evaluar críticamente si la decisión del sistema es adecuada"", ""razonable o justa""]",,,Animales salvajes,,,,,Anchor,Grad-CAM,IG,LIME,Saliency,
C0145,U014,2,img_02,Opción B,3,3,4,3.3333333333333335,18–24,Grado,"Estudiante, Profesional del sector tecnológico / IA / datos",4,3,Larga: explicación completa y detallada,"Intermedio: algunos términos técnicos, pero fáciles de seguir",Texto detallado + imagen,Medio: el error podría causar cierta confusión o problema,"Explicaciones con comparaciones o contraejemplos, Explicaciones centradas en atributos o características concretas, Explicaciones basadas en reglas o razonamientos paso a paso","Transparencia: entender por qué el sistema tomó esa decisión, Confianza: sentir mayor seguridad en la respuesta del sistema, Efectividad: recibir una explicación útil para realizar mejor la tarea, Satisfacción: que la explicación resulte clara y útil para ti, Detección de errores(Debugging): detectar fallos, errores o comportamientos inesperados del sistema, Educación: aprender más sobre la imagen, el problema o el funcionamiento del sistema, Escrutinio: evaluar críticamente si la decisión del sistema es adecuada, razonable o justa",2,2026-04-04 20:01:12.294,"[""Estudiante"", ""Profesional del sector tecnológico / IA / datos""]","4 Nivel técnico: he estudiado IA/ML o he hecho proyectos; entiendo métricas, redes neuronales, overfitting, etc.","Nivel técnico: he estudiado IA/ML o he hecho proyectos; entiendo métricas, redes neuronales, overfitting, etc.",3 Intermedio: suelo identificar bastantes y entiendo rasgos/hábitats generales.,Intermedio: suelo identificar bastantes y entiendo rasgos/hábitats generales.,"[""Explicaciones con comparaciones o contraejemplos"", ""Explicaciones centradas en atributos o características concretas"", ""Explicaciones basadas en reglas o razonamientos paso a paso""]","[""Transparencia: entender por qué el sistema tomó esa decisión"", ""Confianza: sentir mayor seguridad en la respuesta del sistema"", ""Efectividad: recibir una explicación útil para realizar mejor la tarea"", ""Satisfacción: que la explicación resulte clara y útil para ti"", ""Detección de errores(Debugging): detectar fallos"", ""errores o comportamientos inesperados del sistema"", ""Educación: aprender más sobre la imagen"", ""el problema o el funcionamiento del sistema"", ""Escrutinio: evaluar críticamente si la decisión del sistema es adecuada"", ""razonable o justa""]",,,Animales salvajes,,,,,Anchor,Grad-CAM,IG,LIME,Saliency,
C0146,U014,3,img_03,Opción A,4,4,5,4.333333333333333,18–24,Grado,"Estudiante, Profesional del sector tecnológico / IA / datos",4,3,Larga: explicación completa y detallada,"Intermedio: algunos términos técnicos, pero fáciles de seguir",Texto detallado + imagen,Medio: el error podría causar cierta confusión o problema,"Explicaciones con comparaciones o contraejemplos, Explicaciones centradas en atributos o características concretas, Explicaciones basadas en reglas o razonamientos paso a paso","Transparencia: entender por qué el sistema tomó esa decisión, Confianza: sentir mayor seguridad en la respuesta del sistema, Efectividad: recibir una explicación útil para realizar mejor la tarea, Satisfacción: que la explicación resulte clara y útil para ti, Detección de errores(Debugging): detectar fallos, errores o comportamientos inesperados del sistema, Educación: aprender más sobre la imagen, el problema o el funcionamiento del sistema, Escrutinio: evaluar críticamente si la decisión del sistema es adecuada, razonable o justa",3,2026-04-04 20:01:12.294,"[""Estudiante"", ""Profesional del sector tecnológico / IA / datos""]","4 Nivel técnico: he estudiado IA/ML o he hecho proyectos; entiendo métricas, redes neuronales, overfitting, etc.","Nivel técnico: he estudiado IA/ML o he hecho proyectos; entiendo métricas, redes neuronales, overfitting, etc.",3 Intermedio: suelo identificar bastantes y entiendo rasgos/hábitats generales.,Intermedio: suelo identificar bastantes y entiendo rasgos/hábitats generales.,"[""Explicaciones con comparaciones o contraejemplos"", ""Explicaciones centradas en atributos o características concretas"", ""Explicaciones basadas en reglas o razonamientos paso a paso""]","[""Transparencia: entender por qué el sistema tomó esa decisión"", ""Confianza: sentir mayor seguridad en la respuesta del sistema"", ""Efectividad: recibir una explicación útil para realizar mejor la tarea"", ""Satisfacción: que la explicación resulte clara y útil para ti"", ""Detección de errores(Debugging): detectar fallos"", ""errores o comportamientos inesperados del sistema"", ""Educación: aprender más sobre la imagen"", ""el problema o el funcionamiento del sistema"", ""Escrutinio: evaluar críticamente si la decisión del sistema es adecuada"", ""razonable o justa""]",,,Animales salvajes,,,,,Anchor,Grad-CAM,IG,LIME,Saliency,
C0147,U014,4,img_04,Opción A,5,5,5,5.0,18–24,Grado,"Estudiante, Profesional del sector tecnológico / IA / datos",4,3,Larga: explicación completa y detallada,"Intermedio: algunos términos técnicos, pero fáciles de seguir",Texto detallado + imagen,Medio: el error podría causar cierta confusión o problema,"Explicaciones con comparaciones o contraejemplos, Explicaciones centradas en atributos o características concretas, Explicaciones basadas en reglas o razonamientos paso a paso","Transparencia: entender por qué el sistema tomó esa decisión, Confianza: sentir mayor seguridad en la respuesta del sistema, Efectividad: recibir una explicación útil para realizar mejor la tarea, Satisfacción: que la explicación resulte clara y útil para ti, Detección de errores(Debugging): detectar fallos, errores o comportamientos inesperados del sistema, Educación: aprender más sobre la imagen, el problema o el funcionamiento del sistema, Escrutinio: evaluar críticamente si la decisión del sistema es adecuada, razonable o justa",4,2026-04-04 20:01:12.294,"[""Estudiante"", ""Profesional del sector tecnológico / IA / datos""]","4 Nivel técnico: he estudiado IA/ML o he hecho proyectos; entiendo métricas, redes neuronales, overfitting, etc.","Nivel técnico: he estudiado IA/ML o he hecho proyectos; entiendo métricas, redes neuronales, overfitting, etc.",3 Intermedio: suelo identificar bastantes y entiendo rasgos/hábitats generales.,Intermedio: suelo identificar bastantes y entiendo rasgos/hábitats generales.,"[""Explicaciones con comparaciones o contraejemplos"", ""Explicaciones centradas en atributos o características concretas"", ""Explicaciones basadas en reglas o razonamientos paso a paso""]","[""Transparencia: entender por qué el sistema tomó esa decisión"", ""Confianza: sentir mayor seguridad en la respuesta del sistema"", ""Efectividad: recibir una explicación útil para realizar mejor la tarea"", ""Satisfacción: que la explicación resulte clara y útil para ti"", ""Detección de errores(Debugging): detectar fallos"", ""errores o comportamientos inesperados del sistema"", ""Educación: aprender más sobre la imagen"", ""el problema o el funcionamiento del sistema"", ""Escrutinio: evaluar críticamente si la decisión del sistema es adecuada"", ""razonable o justa""]",,,Animales salvajes,,,,,Anchor,Grad-CAM,IG,LIME,Saliency,
C0148,U014,5,img_05,Opción C,3,2,4,3.0,18–24,Grado,"Estudiante, Profesional del sector tecnológico / IA / datos",4,3,Larga: explicación completa y detallada,"Intermedio: algunos términos técnicos, pero fáciles de seguir",Texto detallado + imagen,Medio: el error podría causar cierta confusión o problema,"Explicaciones con comparaciones o contraejemplos, Explicaciones centradas en atributos o características concretas, Explicaciones basadas en reglas o razonamientos paso a paso","Transparencia: entender por qué el sistema tomó esa decisión, Confianza: sentir mayor seguridad en la respuesta del sistema, Efectividad: recibir una explicación útil para realizar mejor la tarea, Satisfacción: que la explicación resulte clara y útil para ti, Detección de errores(Debugging): detectar fallos, errores o comportamientos inesperados del sistema, Educación: aprender más sobre la imagen, el problema o el funcionamiento del sistema, Escrutinio: evaluar críticamente si la decisión del sistema es adecuada, razonable o justa",5,2026-04-04 20:01:12.294,"[""Estudiante"", ""Profesional del sector tecnológico / IA / datos""]","4 Nivel técnico: he estudiado IA/ML o he hecho proyectos; entiendo métricas, redes neuronales, overfitting, etc.","Nivel técnico: he estudiado IA/ML o he hecho proyectos; entiendo métricas, redes neuronales, overfitting, etc.",3 Intermedio: suelo identificar bastantes y entiendo rasgos/hábitats generales.,Intermedio: suelo identificar bastantes y entiendo rasgos/hábitats generales.,"[""Explicaciones con comparaciones o contraejemplos"", ""Explicaciones centradas en atributos o características concretas"", ""Explicaciones basadas en reglas o razonamientos paso a paso""]","[""Transparencia: entender por qué el sistema tomó esa decisión"", ""Confianza: sentir mayor seguridad en la respuesta del sistema"", ""Efectividad: recibir una explicación útil para realizar mejor la tarea"", ""Satisfacción: que la explicación resulte clara y útil para ti"", ""Detección de errores(Debugging): detectar fallos"", ""errores o comportamientos inesperados del sistema"", ""Educación: aprender más sobre la imagen"", ""el problema o el funcionamiento del sistema"", ""Escrutinio: evaluar críticamente si la decisión del sistema es adecuada"", ""razonable o justa""]",,,Animales salvajes,,,,,Anchor,Grad-CAM,IG,LIME,Saliency,
C0149,U014,6,img_06,Opción A,4,4,4,4.0,18–24,Grado,"Estudiante, Profesional del sector tecnológico / IA / datos",4,3,Larga: explicación completa y detallada,"Intermedio: algunos términos técnicos, pero fáciles de seguir",Texto detallado + imagen,Medio: el error podría causar cierta confusión o problema,"Explicaciones con comparaciones o contraejemplos, Explicaciones centradas en atributos o características concretas, Explicaciones basadas en reglas o razonamientos paso a paso","Transparencia: entender por qué el sistema tomó esa decisión, Confianza: sentir mayor seguridad en la respuesta del sistema, Efectividad: recibir una explicación útil para realizar mejor la tarea, Satisfacción: que la explicación resulte clara y útil para ti, Detección de errores(Debugging): detectar fallos, errores o comportamientos inesperados del sistema, Educación: aprender más sobre la imagen, el problema o el funcionamiento del sistema, Escrutinio: evaluar críticamente si la decisión del sistema es adecuada, razonable o justa",6,2026-04-04 20:01:12.294,"[""Estudiante"", ""Profesional del sector tecnológico / IA / datos""]","4 Nivel técnico: he estudiado IA/ML o he hecho proyectos; entiendo métricas, redes neuronales, overfitting, etc.","Nivel técnico: he estudiado IA/ML o he hecho proyectos; entiendo métricas, redes neuronales, overfitting, etc.",3 Intermedio: suelo identificar bastantes y entiendo rasgos/hábitats generales.,Intermedio: suelo identificar bastantes y entiendo rasgos/hábitats generales.,"[""Explicaciones con comparaciones o contraejemplos"", ""Explicaciones centradas en atributos o características concretas"", ""Explicaciones basadas en reglas o razonamientos paso a paso""]","[""Transparencia: entender por qué el sistema tomó esa decisión"", ""Confianza: sentir mayor seguridad en la respuesta del sistema"", ""Efectividad: recibir una explicación útil para realizar mejor la tarea"", ""Satisfacción: que la explicación resulte clara y útil para ti"", ""Detección de errores(Debugging): detectar fallos"", ""errores o comportamientos inesperados del sistema"", ""Educación: aprender más sobre la imagen"", ""el problema o el funcionamiento del sistema"", ""Escrutinio: evaluar críticamente si la decisión del sistema es adecuada"", ""razonable o justa""]",,,Animales salvajes,,,,,Anchor,Grad-CAM,IG,LIME,Saliency,
C0150,U014,7,img_07,Opción C,4,5,5,4.666666666666667,18–24,Grado,"Estudiante, Profesional del sector tecnológico / IA / datos",4,3,Larga: explicación completa y detallada,"Intermedio: algunos términos técnicos, pero fáciles de seguir",Texto detallado + imagen,Medio: el error podría causar cierta confusión o problema,"Explicaciones con comparaciones o contraejemplos, Explicaciones centradas en atributos o características concretas, Explicaciones basadas en reglas o razonamientos paso a paso","Transparencia: entender por qué el sistema tomó esa decisión, Confianza: sentir mayor seguridad en la respuesta del sistema, Efectividad: recibir una explicación útil para realizar mejor la tarea, Satisfacción: que la explicación resulte clara y útil para ti, Detección de errores(Debugging): detectar fallos, errores o comportamientos inesperados del sistema, Educación: aprender más sobre la imagen, el problema o el funcionamiento del sistema, Escrutinio: evaluar críticamente si la decisión del sistema es adecuada, razonable o justa",7,2026-04-04 20:01:12.294,"[""Estudiante"", ""Profesional del sector tecnológico / IA / datos""]","4 Nivel técnico: he estudiado IA/ML o he hecho proyectos; entiendo métricas, redes neuronales, overfitting, etc.","Nivel técnico: he estudiado IA/ML o he hecho proyectos; entiendo métricas, redes neuronales, overfitting, etc.",3 Intermedio: suelo identificar bastantes y entiendo rasgos/hábitats generales.,Intermedio: suelo identificar bastantes y entiendo rasgos/hábitats generales.,"[""Explicaciones con comparaciones o contraejemplos"", ""Explicaciones centradas en atributos o características concretas"", ""Explicaciones basadas en reglas o razonamientos paso a paso""]","[""Transparencia: entender por qué el sistema tomó esa decisión"", ""Confianza: sentir mayor seguridad en la respuesta del sistema"", ""Efectividad: recibir una explicación útil para realizar mejor la tarea"", ""Satisfacción: que la explicación resulte clara y útil para ti"", ""Detección de errores(Debugging): detectar fallos"", ""errores o comportamientos inesperados del sistema"", ""Educación: aprender más sobre la imagen"", ""el problema o el funcionamiento del sistema"", ""Escrutinio: evaluar críticamente si la decisión del sistema es adecuada"", ""razonable o justa""]",,,Animales salvajes,,,,,Anchor,Grad-CAM,IG,LIME,Saliency,
C0151,U014,8,img_08,Opción C,4,5,5,4.666666666666667,18–24,Grado,"Estudiante, Profesional del sector tecnológico / IA / datos",4,3,Larga: explicación completa y detallada,"Intermedio: algunos términos técnicos, pero fáciles de seguir",Texto detallado + imagen,Medio: el error podría causar cierta confusión o problema,"Explicaciones con comparaciones o contraejemplos, Explicaciones centradas en atributos o características concretas, Explicaciones basadas en reglas o razonamientos paso a paso","Transparencia: entender por qué el sistema tomó esa decisión, Confianza: sentir mayor seguridad en la respuesta del sistema, Efectividad: recibir una explicación útil para realizar mejor la tarea, Satisfacción: que la explicación resulte clara y útil para ti, Detección de errores(Debugging): detectar fallos, errores o comportamientos inesperados del sistema, Educación: aprender más sobre la imagen, el problema o el funcionamiento del sistema, Escrutinio: evaluar críticamente si la decisión del sistema es adecuada, razonable o justa",8,2026-04-04 20:01:12.294,"[""Estudiante"", ""Profesional del sector tecnológico / IA / datos""]","4 Nivel técnico: he estudiado IA/ML o he hecho proyectos; entiendo métricas, redes neuronales, overfitting, etc.","Nivel técnico: he estudiado IA/ML o he hecho proyectos; entiendo métricas, redes neuronales, overfitting, etc.",3 Intermedio: suelo identificar bastantes y entiendo rasgos/hábitats generales.,Intermedio: suelo identificar bastantes y entiendo rasgos/hábitats generales.,"[""Explicaciones con comparaciones o contraejemplos"", ""Explicaciones centradas en atributos o características concretas"", ""Explicaciones basadas en reglas o razonamientos paso a paso""]","[""Transparencia: entender por qué el sistema tomó esa decisión"", ""Confianza: sentir mayor seguridad en la respuesta del sistema"", ""Efectividad: recibir una explicación útil para realizar mejor la tarea"", ""Satisfacción: que la explicación resulte clara y útil para ti"", ""Detección de errores(Debugging): detectar fallos"", ""errores o comportamientos inesperados del sistema"", ""Educación: aprender más sobre la imagen"", ""el problema o el funcionamiento del sistema"", ""Escrutinio: evaluar críticamente si la decisión del sistema es adecuada"", ""razonable o justa""]",,,Animales salvajes,,,,,Anchor,Grad-CAM,IG,LIME,Saliency,
C0152,U014,9,img_09,Opción B,3,3,4,3.3333333333333335,18–24,Grado,"Estudiante, Profesional del sector tecnológico / IA / datos",4,3,Larga: explicación completa y detallada,"Intermedio: algunos términos técnicos, pero fáciles de seguir",Texto detallado + imagen,Medio: el error podría causar cierta confusión o problema,"Explicaciones con comparaciones o contraejemplos, Explicaciones centradas en atributos o características concretas, Explicaciones basadas en reglas o razonamientos paso a paso","Transparencia: entender por qué el sistema tomó esa decisión, Confianza: sentir mayor seguridad en la respuesta del sistema, Efectividad: recibir una explicación útil para realizar mejor la tarea, Satisfacción: que la explicación resulte clara y útil para ti, Detección de errores(Debugging): detectar fallos, errores o comportamientos inesperados del sistema, Educación: aprender más sobre la imagen, el problema o el funcionamiento del sistema, Escrutinio: evaluar críticamente si la decisión del sistema es adecuada, razonable o justa",9,2026-04-04 20:01:12.294,"[""Estudiante"", ""Profesional del sector tecnológico / IA / datos""]","4 Nivel técnico: he estudiado IA/ML o he hecho proyectos; entiendo métricas, redes neuronales, overfitting, etc.","Nivel técnico: he estudiado IA/ML o he hecho proyectos; entiendo métricas, redes neuronales, overfitting, etc.",3 Intermedio: suelo identificar bastantes y entiendo rasgos/hábitats generales.,Intermedio: suelo identificar bastantes y entiendo rasgos/hábitats generales.,"[""Explicaciones con comparaciones o contraejemplos"", ""Explicaciones centradas en atributos o características concretas"", ""Explicaciones basadas en reglas o razonamientos paso a paso""]","[""Transparencia: entender por qué el sistema tomó esa decisión"", ""Confianza: sentir mayor seguridad en la respuesta del sistema"", ""Efectividad: recibir una explicación útil para realizar mejor la tarea"", ""Satisfacción: que la explicación resulte clara y útil para ti"", ""Detección de errores(Debugging): detectar fallos"", ""errores o comportamientos inesperados del sistema"", ""Educación: aprender más sobre la imagen"", ""el problema o el funcionamiento del sistema"", ""Escrutinio: evaluar críticamente si la decisión del sistema es adecuada"", ""razonable o justa""]",,,Animales salvajes,,,,,Anchor,Grad-CAM,IG,LIME,Saliency,
C0153,U014,10,img_10,Opción A,5,4,5,4.666666666666667,18–24,Grado,"Estudiante, Profesional del sector tecnológico / IA / datos",4,3,Larga: explicación completa y detallada,"Intermedio: algunos términos técnicos, pero fáciles de seguir",Texto detallado + imagen,Medio: el error podría causar cierta confusión o problema,"Explicaciones con comparaciones o contraejemplos, Explicaciones centradas en atributos o características concretas, Explicaciones basadas en reglas o razonamientos paso a paso","Transparencia: entender por qué el sistema tomó esa decisión, Confianza: sentir mayor seguridad en la respuesta del sistema, Efectividad: recibir una explicación útil para realizar mejor la tarea, Satisfacción: que la explicación resulte clara y útil para ti, Detección de errores(Debugging): detectar fallos, errores o comportamientos inesperados del sistema, Educación: aprender más sobre la imagen, el problema o el funcionamiento del sistema, Escrutinio: evaluar críticamente si la decisión del sistema es adecuada, razonable o justa",10,2026-04-04 20:01:12.294,"[""Estudiante"", ""Profesional del sector tecnológico / IA / datos""]","4 Nivel técnico: he estudiado IA/ML o he hecho proyectos; entiendo métricas, redes neuronales, overfitting, etc.","Nivel técnico: he estudiado IA/ML o he hecho proyectos; entiendo métricas, redes neuronales, overfitting, etc.",3 Intermedio: suelo identificar bastantes y entiendo rasgos/hábitats generales.,Intermedio: suelo identificar bastantes y entiendo rasgos/hábitats generales.,"[""Explicaciones con comparaciones o contraejemplos"", ""Explicaciones centradas en atributos o características concretas"", ""Explicaciones basadas en reglas o razonamientos paso a paso""]","[""Transparencia: entender por qué el sistema tomó esa decisión"", ""Confianza: sentir mayor seguridad en la respuesta del sistema"", ""Efectividad: recibir una explicación útil para realizar mejor la tarea"", ""Satisfacción: que la explicación resulte clara y útil para ti"", ""Detección de errores(Debugging): detectar fallos"", ""errores o comportamientos inesperados del sistema"", ""Educación: aprender más sobre la imagen"", ""el problema o el funcionamiento del sistema"", ""Escrutinio: evaluar críticamente si la decisión del sistema es adecuada"", ""razonable o justa""]",,,Animales salvajes,,,,,Anchor,Grad-CAM,IG,LIME,Saliency,
C0154,U014,11,img_11,Opción B,3,3,3,3.0,18–24,Grado,"Estudiante, Profesional del sector tecnológico / IA / datos",4,3,Larga: explicación completa y detallada,"Intermedio: algunos términos técnicos, pero fáciles de seguir",Texto detallado + imagen,Medio: el error podría causar cierta confusión o problema,"Explicaciones con comparaciones o contraejemplos, Explicaciones centradas en atributos o características concretas, Explicaciones basadas en reglas o razonamientos paso a paso","Transparencia: entender por qué el sistema tomó esa decisión, Confianza: sentir mayor seguridad en la respuesta del sistema, Efectividad: recibir una explicación útil para realizar mejor la tarea, Satisfacción: que la explicación resulte clara y útil para ti, Detección de errores(Debugging): detectar fallos, errores o comportamientos inesperados del sistema, Educación: aprender más sobre la imagen, el problema o el funcionamiento del sistema, Escrutinio: evaluar críticamente si la decisión del sistema es adecuada, razonable o justa",11,2026-04-04 20:01:12.294,"[""Estudiante"", ""Profesional del sector tecnológico / IA / datos""]","4 Nivel técnico: he estudiado IA/ML o he hecho proyectos; entiendo métricas, redes neuronales, overfitting, etc.","Nivel técnico: he estudiado IA/ML o he hecho proyectos; entiendo métricas, redes neuronales, overfitting, etc.",3 Intermedio: suelo identificar bastantes y entiendo rasgos/hábitats generales.,Intermedio: suelo identificar bastantes y entiendo rasgos/hábitats generales.,"[""Explicaciones con comparaciones o contraejemplos"", ""Explicaciones centradas en atributos o características concretas"", ""Explicaciones basadas en reglas o razonamientos paso a paso""]","[""Transparencia: entender por qué el sistema tomó esa decisión"", ""Confianza: sentir mayor seguridad en la respuesta del sistema"", ""Efectividad: recibir una explicación útil para realizar mejor la tarea"", ""Satisfacción: que la explicación resulte clara y útil para ti"", ""Detección de errores(Debugging): detectar fallos"", ""errores o comportamientos inesperados del sistema"", ""Educación: aprender más sobre la imagen"", ""el problema o el funcionamiento del sistema"", ""Escrutinio: evaluar críticamente si la decisión del sistema es adecuada"", ""razonable o justa""]",,,Animales salvajes,,,,,Anchor,Grad-CAM,IG,LIME,Saliency,
C0155,U015,1,img_01,Opción B,4,4,5,4.333333333333333,18–24,Grado,"Estudiante, Investigador/a (académico)",5,3,Media: explicación breve con algo de detalle,"Intermedio: algunos términos técnicos, pero fáciles de seguir",Texto detallado + imagen,Alto: el error podría tener consecuencias importantes,"Explicaciones con comparaciones o contraejemplos, Explicaciones visuales (zonas destacadas en la imagen)","Transparencia: entender por qué el sistema tomó esa decisión, Detección de errores(Debugging): detectar fallos, errores o comportamientos inesperados del sistema, Educación: aprender más sobre la imagen, el problema o el funcionamiento del sistema, Escrutinio: evaluar críticamente si la decisión del sistema es adecuada, razonable o justa",1,2026-04-04 21:17:50.679,"[""Estudiante"", ""Investigador/a (académico)""]","5 Experto: trabajo/investigo en IA; implemento, entreno y evalúo modelos con regularidad.","Experto: trabajo/investigo en IA; implemento, entreno y evalúo modelos con regularidad.",3 Intermedio: suelo identificar bastantes y entiendo rasgos/hábitats generales.,Intermedio: suelo identificar bastantes y entiendo rasgos/hábitats generales.,"[""Explicaciones con comparaciones o contraejemplos"", ""Explicaciones visuales (zonas destacadas en la imagen)""]","[""Transparencia: entender por qué el sistema tomó esa decisión"", ""Detección de errores(Debugging): detectar fallos"", ""errores o comportamientos inesperados del sistema"", ""Educación: aprender más sobre la imagen"", ""el problema o el funcionamiento del sistema"", ""Escrutinio: evaluar críticamente si la decisión del sistema es adecuada"", ""razonable o justa""]",Poner en qué clase clasificó cada imagen el modelo y con que accuracy,,Animales salvajes,,,,,Anchor,Grad-CAM,IG,LIME,Saliency,
C0156,U015,2,img_02,Opción C,4,3,4,3.6666666666666665,18–24,Grado,"Estudiante, Investigador/a (académico)",5,3,Media: explicación breve con algo de detalle,"Intermedio: algunos términos técnicos, pero fáciles de seguir",Texto detallado + imagen,Alto: el error podría tener consecuencias importantes,"Explicaciones con comparaciones o contraejemplos, Explicaciones visuales (zonas destacadas en la imagen)","Transparencia: entender por qué el sistema tomó esa decisión, Detección de errores(Debugging): detectar fallos, errores o comportamientos inesperados del sistema, Educación: aprender más sobre la imagen, el problema o el funcionamiento del sistema, Escrutinio: evaluar críticamente si la decisión del sistema es adecuada, razonable o justa",2,2026-04-04 21:17:50.679,"[""Estudiante"", ""Investigador/a (académico)""]","5 Experto: trabajo/investigo en IA; implemento, entreno y evalúo modelos con regularidad.","Experto: trabajo/investigo en IA; implemento, entreno y evalúo modelos con regularidad.",3 Intermedio: suelo identificar bastantes y entiendo rasgos/hábitats generales.,Intermedio: suelo identificar bastantes y entiendo rasgos/hábitats generales.,"[""Explicaciones con comparaciones o contraejemplos"", ""Explicaciones visuales (zonas destacadas en la imagen)""]","[""Transparencia: entender por qué el sistema tomó esa decisión"", ""Detección de errores(Debugging): detectar fallos"", ""errores o comportamientos inesperados del sistema"", ""Educación: aprender más sobre la imagen"", ""el problema o el funcionamiento del sistema"", ""Escrutinio: evaluar críticamente si la decisión del sistema es adecuada"", ""razonable o justa""]",Poner en qué clase clasificó cada imagen el modelo y con que accuracy,,Animales salvajes,,,,,Anchor,Grad-CAM,IG,LIME,Saliency,
C0157,U015,3,img_03,Opción A,4,4,5,4.333333333333333,18–24,Grado,"Estudiante, Investigador/a (académico)",5,3,Media: explicación breve con algo de detalle,"Intermedio: algunos términos técnicos, pero fáciles de seguir",Texto detallado + imagen,Alto: el error podría tener consecuencias importantes,"Explicaciones con comparaciones o contraejemplos, Explicaciones visuales (zonas destacadas en la imagen)","Transparencia: entender por qué el sistema tomó esa decisión, Detección de errores(Debugging): detectar fallos, errores o comportamientos inesperados del sistema, Educación: aprender más sobre la imagen, el problema o el funcionamiento del sistema, Escrutinio: evaluar críticamente si la decisión del sistema es adecuada, razonable o justa",3,2026-04-04 21:17:50.679,"[""Estudiante"", ""Investigador/a (académico)""]","5 Experto: trabajo/investigo en IA; implemento, entreno y evalúo modelos con regularidad.","Experto: trabajo/investigo en IA; implemento, entreno y evalúo modelos con regularidad.",3 Intermedio: suelo identificar bastantes y entiendo rasgos/hábitats generales.,Intermedio: suelo identificar bastantes y entiendo rasgos/hábitats generales.,"[""Explicaciones con comparaciones o contraejemplos"", ""Explicaciones visuales (zonas destacadas en la imagen)""]","[""Transparencia: entender por qué el sistema tomó esa decisión"", ""Detección de errores(Debugging): detectar fallos"", ""errores o comportamientos inesperados del sistema"", ""Educación: aprender más sobre la imagen"", ""el problema o el funcionamiento del sistema"", ""Escrutinio: evaluar críticamente si la decisión del sistema es adecuada"", ""razonable o justa""]",Poner en qué clase clasificó cada imagen el modelo y con que accuracy,,Animales salvajes,,,,,Anchor,Grad-CAM,IG,LIME,Saliency,
C0158,U015,4,img_04,Opción E,3,2,3,2.6666666666666665,18–24,Grado,"Estudiante, Investigador/a (académico)",5,3,Media: explicación breve con algo de detalle,"Intermedio: algunos términos técnicos, pero fáciles de seguir",Texto detallado + imagen,Alto: el error podría tener consecuencias importantes,"Explicaciones con comparaciones o contraejemplos, Explicaciones visuales (zonas destacadas en la imagen)","Transparencia: entender por qué el sistema tomó esa decisión, Detección de errores(Debugging): detectar fallos, errores o comportamientos inesperados del sistema, Educación: aprender más sobre la imagen, el problema o el funcionamiento del sistema, Escrutinio: evaluar críticamente si la decisión del sistema es adecuada, razonable o justa",4,2026-04-04 21:17:50.679,"[""Estudiante"", ""Investigador/a (académico)""]","5 Experto: trabajo/investigo en IA; implemento, entreno y evalúo modelos con regularidad.","Experto: trabajo/investigo en IA; implemento, entreno y evalúo modelos con regularidad.",3 Intermedio: suelo identificar bastantes y entiendo rasgos/hábitats generales.,Intermedio: suelo identificar bastantes y entiendo rasgos/hábitats generales.,"[""Explicaciones con comparaciones o contraejemplos"", ""Explicaciones visuales (zonas destacadas en la imagen)""]","[""Transparencia: entender por qué el sistema tomó esa decisión"", ""Detección de errores(Debugging): detectar fallos"", ""errores o comportamientos inesperados del sistema"", ""Educación: aprender más sobre la imagen"", ""el problema o el funcionamiento del sistema"", ""Escrutinio: evaluar críticamente si la decisión del sistema es adecuada"", ""razonable o justa""]",Poner en qué clase clasificó cada imagen el modelo y con que accuracy,,Animales salvajes,,,,,Anchor,Grad-CAM,IG,LIME,Saliency,
C0159,U015,5,img_05,Opción F (Ninguna),1,2,2,1.6666666666666667,18–24,Grado,"Estudiante, Investigador/a (académico)",5,3,Media: explicación breve con algo de detalle,"Intermedio: algunos términos técnicos, pero fáciles de seguir",Texto detallado + imagen,Alto: el error podría tener consecuencias importantes,"Explicaciones con comparaciones o contraejemplos, Explicaciones visuales (zonas destacadas en la imagen)","Transparencia: entender por qué el sistema tomó esa decisión, Detección de errores(Debugging): detectar fallos, errores o comportamientos inesperados del sistema, Educación: aprender más sobre la imagen, el problema o el funcionamiento del sistema, Escrutinio: evaluar críticamente si la decisión del sistema es adecuada, razonable o justa",5,2026-04-04 21:17:50.679,"[""Estudiante"", ""Investigador/a (académico)""]","5 Experto: trabajo/investigo en IA; implemento, entreno y evalúo modelos con regularidad.","Experto: trabajo/investigo en IA; implemento, entreno y evalúo modelos con regularidad.",3 Intermedio: suelo identificar bastantes y entiendo rasgos/hábitats generales.,Intermedio: suelo identificar bastantes y entiendo rasgos/hábitats generales.,"[""Explicaciones con comparaciones o contraejemplos"", ""Explicaciones visuales (zonas destacadas en la imagen)""]","[""Transparencia: entender por qué el sistema tomó esa decisión"", ""Detección de errores(Debugging): detectar fallos"", ""errores o comportamientos inesperados del sistema"", ""Educación: aprender más sobre la imagen"", ""el problema o el funcionamiento del sistema"", ""Escrutinio: evaluar críticamente si la decisión del sistema es adecuada"", ""razonable o justa""]",Poner en qué clase clasificó cada imagen el modelo y con que accuracy,,Animales salvajes,,,,,Anchor,Grad-CAM,IG,LIME,Saliency,
C0160,U015,6,img_06,Opción A,4,4,4,4.0,18–24,Grado,"Estudiante, Investigador/a (académico)",5,3,Media: explicación breve con algo de detalle,"Intermedio: algunos términos técnicos, pero fáciles de seguir",Texto detallado + imagen,Alto: el error podría tener consecuencias importantes,"Explicaciones con comparaciones o contraejemplos, Explicaciones visuales (zonas destacadas en la imagen)","Transparencia: entender por qué el sistema tomó esa decisión, Detección de errores(Debugging): detectar fallos, errores o comportamientos inesperados del sistema, Educación: aprender más sobre la imagen, el problema o el funcionamiento del sistema, Escrutinio: evaluar críticamente si la decisión del sistema es adecuada, razonable o justa",6,2026-04-04 21:17:50.679,"[""Estudiante"", ""Investigador/a (académico)""]","5 Experto: trabajo/investigo en IA; implemento, entreno y evalúo modelos con regularidad.","Experto: trabajo/investigo en IA; implemento, entreno y evalúo modelos con regularidad.",3 Intermedio: suelo identificar bastantes y entiendo rasgos/hábitats generales.,Intermedio: suelo identificar bastantes y entiendo rasgos/hábitats generales.,"[""Explicaciones con comparaciones o contraejemplos"", ""Explicaciones visuales (zonas destacadas en la imagen)""]","[""Transparencia: entender por qué el sistema tomó esa decisión"", ""Detección de errores(Debugging): detectar fallos"", ""errores o comportamientos inesperados del sistema"", ""Educación: aprender más sobre la imagen"", ""el problema o el funcionamiento del sistema"", ""Escrutinio: evaluar críticamente si la decisión del sistema es adecuada"", ""razonable o justa""]",Poner en qué clase clasificó cada imagen el modelo y con que accuracy,,Animales salvajes,,,,,Anchor,Grad-CAM,IG,LIME,Saliency,
C0161,U015,7,img_07,Opción C,4,5,4,4.333333333333333,18–24,Grado,"Estudiante, Investigador/a (académico)",5,3,Media: explicación breve con algo de detalle,"Intermedio: algunos términos técnicos, pero fáciles de seguir",Texto detallado + imagen,Alto: el error podría tener consecuencias importantes,"Explicaciones con comparaciones o contraejemplos, Explicaciones visuales (zonas destacadas en la imagen)","Transparencia: entender por qué el sistema tomó esa decisión, Detección de errores(Debugging): detectar fallos, errores o comportamientos inesperados del sistema, Educación: aprender más sobre la imagen, el problema o el funcionamiento del sistema, Escrutinio: evaluar críticamente si la decisión del sistema es adecuada, razonable o justa",7,2026-04-04 21:17:50.679,"[""Estudiante"", ""Investigador/a (académico)""]","5 Experto: trabajo/investigo en IA; implemento, entreno y evalúo modelos con regularidad.","Experto: trabajo/investigo en IA; implemento, entreno y evalúo modelos con regularidad.",3 Intermedio: suelo identificar bastantes y entiendo rasgos/hábitats generales.,Intermedio: suelo identificar bastantes y entiendo rasgos/hábitats generales.,"[""Explicaciones con comparaciones o contraejemplos"", ""Explicaciones visuales (zonas destacadas en la imagen)""]","[""Transparencia: entender por qué el sistema tomó esa decisión"", ""Detección de errores(Debugging): detectar fallos"", ""errores o comportamientos inesperados del sistema"", ""Educación: aprender más sobre la imagen"", ""el problema o el funcionamiento del sistema"", ""Escrutinio: evaluar críticamente si la decisión del sistema es adecuada"", ""razonable o justa""]",Poner en qué clase clasificó cada imagen el modelo y con que accuracy,,Animales salvajes,,,,,Anchor,Grad-CAM,IG,LIME,Saliency,
C0162,U015,8,img_08,Opción C,4,4,5,4.333333333333333,18–24,Grado,"Estudiante, Investigador/a (académico)",5,3,Media: explicación breve con algo de detalle,"Intermedio: algunos términos técnicos, pero fáciles de seguir",Texto detallado + imagen,Alto: el error podría tener consecuencias importantes,"Explicaciones con comparaciones o contraejemplos, Explicaciones visuales (zonas destacadas en la imagen)","Transparencia: entender por qué el sistema tomó esa decisión, Detección de errores(Debugging): detectar fallos, errores o comportamientos inesperados del sistema, Educación: aprender más sobre la imagen, el problema o el funcionamiento del sistema, Escrutinio: evaluar críticamente si la decisión del sistema es adecuada, razonable o justa",8,2026-04-04 21:17:50.679,"[""Estudiante"", ""Investigador/a (académico)""]","5 Experto: trabajo/investigo en IA; implemento, entreno y evalúo modelos con regularidad.","Experto: trabajo/investigo en IA; implemento, entreno y evalúo modelos con regularidad.",3 Intermedio: suelo identificar bastantes y entiendo rasgos/hábitats generales.,Intermedio: suelo identificar bastantes y entiendo rasgos/hábitats generales.,"[""Explicaciones con comparaciones o contraejemplos"", ""Explicaciones visuales (zonas destacadas en la imagen)""]","[""Transparencia: entender por qué el sistema tomó esa decisión"", ""Detección de errores(Debugging): detectar fallos"", ""errores o comportamientos inesperados del sistema"", ""Educación: aprender más sobre la imagen"", ""el problema o el funcionamiento del sistema"", ""Escrutinio: evaluar críticamente si la decisión del sistema es adecuada"", ""razonable o justa""]",Poner en qué clase clasificó cada imagen el modelo y con que accuracy,,Animales salvajes,,,,,Anchor,Grad-CAM,IG,LIME,Saliency,
C0163,U015,9,img_09,Opción C,3,2,2,2.3333333333333335,18–24,Grado,"Estudiante, Investigador/a (académico)",5,3,Media: explicación breve con algo de detalle,"Intermedio: algunos términos técnicos, pero fáciles de seguir",Texto detallado + imagen,Alto: el error podría tener consecuencias importantes,"Explicaciones con comparaciones o contraejemplos, Explicaciones visuales (zonas destacadas en la imagen)","Transparencia: entender por qué el sistema tomó esa decisión, Detección de errores(Debugging): detectar fallos, errores o comportamientos inesperados del sistema, Educación: aprender más sobre la imagen, el problema o el funcionamiento del sistema, Escrutinio: evaluar críticamente si la decisión del sistema es adecuada, razonable o justa",9,2026-04-04 21:17:50.679,"[""Estudiante"", ""Investigador/a (académico)""]","5 Experto: trabajo/investigo en IA; implemento, entreno y evalúo modelos con regularidad.","Experto: trabajo/investigo en IA; implemento, entreno y evalúo modelos con regularidad.",3 Intermedio: suelo identificar bastantes y entiendo rasgos/hábitats generales.,Intermedio: suelo identificar bastantes y entiendo rasgos/hábitats generales.,"[""Explicaciones con comparaciones o contraejemplos"", ""Explicaciones visuales (zonas destacadas en la imagen)""]","[""Transparencia: entender por qué el sistema tomó esa decisión"", ""Detección de errores(Debugging): detectar fallos"", ""errores o comportamientos inesperados del sistema"", ""Educación: aprender más sobre la imagen"", ""el problema o el funcionamiento del sistema"", ""Escrutinio: evaluar críticamente si la decisión del sistema es adecuada"", ""razonable o justa""]",Poner en qué clase clasificó cada imagen el modelo y con que accuracy,,Animales salvajes,,,,,Anchor,Grad-CAM,IG,LIME,Saliency,
C0164,U015,10,img_10,Opción B,3,3,4,3.3333333333333335,18–24,Grado,"Estudiante, Investigador/a (académico)",5,3,Media: explicación breve con algo de detalle,"Intermedio: algunos términos técnicos, pero fáciles de seguir",Texto detallado + imagen,Alto: el error podría tener consecuencias importantes,"Explicaciones con comparaciones o contraejemplos, Explicaciones visuales (zonas destacadas en la imagen)","Transparencia: entender por qué el sistema tomó esa decisión, Detección de errores(Debugging): detectar fallos, errores o comportamientos inesperados del sistema, Educación: aprender más sobre la imagen, el problema o el funcionamiento del sistema, Escrutinio: evaluar críticamente si la decisión del sistema es adecuada, razonable o justa",10,2026-04-04 21:17:50.679,"[""Estudiante"", ""Investigador/a (académico)""]","5 Experto: trabajo/investigo en IA; implemento, entreno y evalúo modelos con regularidad.","Experto: trabajo/investigo en IA; implemento, entreno y evalúo modelos con regularidad.",3 Intermedio: suelo identificar bastantes y entiendo rasgos/hábitats generales.,Intermedio: suelo identificar bastantes y entiendo rasgos/hábitats generales.,"[""Explicaciones con comparaciones o contraejemplos"", ""Explicaciones visuales (zonas destacadas en la imagen)""]","[""Transparencia: entender por qué el sistema tomó esa decisión"", ""Detección de errores(Debugging): detectar fallos"", ""errores o comportamientos inesperados del sistema"", ""Educación: aprender más sobre la imagen"", ""el problema o el funcionamiento del sistema"", ""Escrutinio: evaluar críticamente si la decisión del sistema es adecuada"", ""razonable o justa""]",Poner en qué clase clasificó cada imagen el modelo y con que accuracy,,Animales salvajes,,,,,Anchor,Grad-CAM,IG,LIME,Saliency,
C0165,U015,11,img_11,Opción B,4,4,5,4.333333333333333,18–24,Grado,"Estudiante, Investigador/a (académico)",5,3,Media: explicación breve con algo de detalle,"Intermedio: algunos términos técnicos, pero fáciles de seguir",Texto detallado + imagen,Alto: el error podría tener consecuencias importantes,"Explicaciones con comparaciones o contraejemplos, Explicaciones visuales (zonas destacadas en la imagen)","Transparencia: entender por qué el sistema tomó esa decisión, Detección de errores(Debugging): detectar fallos, errores o comportamientos inesperados del sistema, Educación: aprender más sobre la imagen, el problema o el funcionamiento del sistema, Escrutinio: evaluar críticamente si la decisión del sistema es adecuada, razonable o justa",11,2026-04-04 21:17:50.679,"[""Estudiante"", ""Investigador/a (académico)""]","5 Experto: trabajo/investigo en IA; implemento, entreno y evalúo modelos con regularidad.","Experto: trabajo/investigo en IA; implemento, entreno y evalúo modelos con regularidad.",3 Intermedio: suelo identificar bastantes y entiendo rasgos/hábitats generales.,Intermedio: suelo identificar bastantes y entiendo rasgos/hábitats generales.,"[""Explicaciones con comparaciones o contraejemplos"", ""Explicaciones visuales (zonas destacadas en la imagen)""]","[""Transparencia: entender por qué el sistema tomó esa decisión"", ""Detección de errores(Debugging): detectar fallos"", ""errores o comportamientos inesperados del sistema"", ""Educación: aprender más sobre la imagen"", ""el problema o el funcionamiento del sistema"", ""Escrutinio: evaluar críticamente si la decisión del sistema es adecuada"", ""razonable o justa""]",Poner en qué clase clasificó cada imagen el modelo y con que accuracy,,Animales salvajes,,,,,Anchor,Grad-CAM,IG,LIME,Saliency,
C0166,U016,1,img_01,Opción A,2,2,2,2.0,18–24,Bachillerato/FP,Estudiante,3,3,Media: explicación breve con algo de detalle,"Intermedio: algunos términos técnicos, pero fáciles de seguir",Texto breve + imagen,Medio: el error podría causar cierta confusión o problema,"Explicaciones con ejemplos similares, Explicaciones basadas en reglas o razonamientos paso a paso, Explicaciones visuales (zonas destacadas en la imagen)","Confianza: sentir mayor seguridad en la respuesta del sistema, Efectividad: recibir una explicación útil para realizar mejor la tarea, Satisfacción: que la explicación resulte clara y útil para ti, Detección de errores(Debugging): detectar fallos, errores o comportamientos inesperados del sistema",1,2026-04-04 23:48:33.891,"[""Estudiante""]","3 Nivel usuario: la he usado alguna vez y entiendo conceptos básicos (modelo, datos, entrenamiento) sin detalle técnico.","Nivel usuario: la he usado alguna vez y entiendo conceptos básicos (modelo, datos, entrenamiento) sin detalle técnico.",3 Intermedio: suelo identificar bastantes y entiendo rasgos/hábitats generales.,Intermedio: suelo identificar bastantes y entiendo rasgos/hábitats generales.,"[""Explicaciones con ejemplos similares"", ""Explicaciones basadas en reglas o razonamientos paso a paso"", ""Explicaciones visuales (zonas destacadas en la imagen)""]","[""Confianza: sentir mayor seguridad en la respuesta del sistema"", ""Efectividad: recibir una explicación útil para realizar mejor la tarea"", ""Satisfacción: que la explicación resulte clara y útil para ti"", ""Detección de errores(Debugging): detectar fallos"", ""errores o comportamientos inesperados del sistema""]",,,Animales salvajes,,,,,Anchor,Grad-CAM,IG,LIME,Saliency,
C0167,U016,2,img_02,Opción E,2,2,2,2.0,18–24,Bachillerato/FP,Estudiante,3,3,Media: explicación breve con algo de detalle,"Intermedio: algunos términos técnicos, pero fáciles de seguir",Texto breve + imagen,Medio: el error podría causar cierta confusión o problema,"Explicaciones con ejemplos similares, Explicaciones basadas en reglas o razonamientos paso a paso, Explicaciones visuales (zonas destacadas en la imagen)","Confianza: sentir mayor seguridad en la respuesta del sistema, Efectividad: recibir una explicación útil para realizar mejor la tarea, Satisfacción: que la explicación resulte clara y útil para ti, Detección de errores(Debugging): detectar fallos, errores o comportamientos inesperados del sistema",2,2026-04-04 23:48:33.891,"[""Estudiante""]","3 Nivel usuario: la he usado alguna vez y entiendo conceptos básicos (modelo, datos, entrenamiento) sin detalle técnico.","Nivel usuario: la he usado alguna vez y entiendo conceptos básicos (modelo, datos, entrenamiento) sin detalle técnico.",3 Intermedio: suelo identificar bastantes y entiendo rasgos/hábitats generales.,Intermedio: suelo identificar bastantes y entiendo rasgos/hábitats generales.,"[""Explicaciones con ejemplos similares"", ""Explicaciones basadas en reglas o razonamientos paso a paso"", ""Explicaciones visuales (zonas destacadas en la imagen)""]","[""Confianza: sentir mayor seguridad en la respuesta del sistema"", ""Efectividad: recibir una explicación útil para realizar mejor la tarea"", ""Satisfacción: que la explicación resulte clara y útil para ti"", ""Detección de errores(Debugging): detectar fallos"", ""errores o comportamientos inesperados del sistema""]",,,Animales salvajes,,,,,Anchor,Grad-CAM,IG,LIME,Saliency,
C0168,U016,3,img_03,Opción A,2,2,2,2.0,18–24,Bachillerato/FP,Estudiante,3,3,Media: explicación breve con algo de detalle,"Intermedio: algunos términos técnicos, pero fáciles de seguir",Texto breve + imagen,Medio: el error podría causar cierta confusión o problema,"Explicaciones con ejemplos similares, Explicaciones basadas en reglas o razonamientos paso a paso, Explicaciones visuales (zonas destacadas en la imagen)","Confianza: sentir mayor seguridad en la respuesta del sistema, Efectividad: recibir una explicación útil para realizar mejor la tarea, Satisfacción: que la explicación resulte clara y útil para ti, Detección de errores(Debugging): detectar fallos, errores o comportamientos inesperados del sistema",3,2026-04-04 23:48:33.891,"[""Estudiante""]","3 Nivel usuario: la he usado alguna vez y entiendo conceptos básicos (modelo, datos, entrenamiento) sin detalle técnico.","Nivel usuario: la he usado alguna vez y entiendo conceptos básicos (modelo, datos, entrenamiento) sin detalle técnico.",3 Intermedio: suelo identificar bastantes y entiendo rasgos/hábitats generales.,Intermedio: suelo identificar bastantes y entiendo rasgos/hábitats generales.,"[""Explicaciones con ejemplos similares"", ""Explicaciones basadas en reglas o razonamientos paso a paso"", ""Explicaciones visuales (zonas destacadas en la imagen)""]","[""Confianza: sentir mayor seguridad en la respuesta del sistema"", ""Efectividad: recibir una explicación útil para realizar mejor la tarea"", ""Satisfacción: que la explicación resulte clara y útil para ti"", ""Detección de errores(Debugging): detectar fallos"", ""errores o comportamientos inesperados del sistema""]",,,Animales salvajes,,,,,Anchor,Grad-CAM,IG,LIME,Saliency,
C0169,U016,4,img_04,Opción A,2,2,2,2.0,18–24,Bachillerato/FP,Estudiante,3,3,Media: explicación breve con algo de detalle,"Intermedio: algunos términos técnicos, pero fáciles de seguir",Texto breve + imagen,Medio: el error podría causar cierta confusión o problema,"Explicaciones con ejemplos similares, Explicaciones basadas en reglas o razonamientos paso a paso, Explicaciones visuales (zonas destacadas en la imagen)","Confianza: sentir mayor seguridad en la respuesta del sistema, Efectividad: recibir una explicación útil para realizar mejor la tarea, Satisfacción: que la explicación resulte clara y útil para ti, Detección de errores(Debugging): detectar fallos, errores o comportamientos inesperados del sistema",4,2026-04-04 23:48:33.891,"[""Estudiante""]","3 Nivel usuario: la he usado alguna vez y entiendo conceptos básicos (modelo, datos, entrenamiento) sin detalle técnico.","Nivel usuario: la he usado alguna vez y entiendo conceptos básicos (modelo, datos, entrenamiento) sin detalle técnico.",3 Intermedio: suelo identificar bastantes y entiendo rasgos/hábitats generales.,Intermedio: suelo identificar bastantes y entiendo rasgos/hábitats generales.,"[""Explicaciones con ejemplos similares"", ""Explicaciones basadas en reglas o razonamientos paso a paso"", ""Explicaciones visuales (zonas destacadas en la imagen)""]","[""Confianza: sentir mayor seguridad en la respuesta del sistema"", ""Efectividad: recibir una explicación útil para realizar mejor la tarea"", ""Satisfacción: que la explicación resulte clara y útil para ti"", ""Detección de errores(Debugging): detectar fallos"", ""errores o comportamientos inesperados del sistema""]",,,Animales salvajes,,,,,Anchor,Grad-CAM,IG,LIME,Saliency,
C0170,U016,5,img_05,Opción D,1,1,1,1.0,18–24,Bachillerato/FP,Estudiante,3,3,Media: explicación breve con algo de detalle,"Intermedio: algunos términos técnicos, pero fáciles de seguir",Texto breve + imagen,Medio: el error podría causar cierta confusión o problema,"Explicaciones con ejemplos similares, Explicaciones basadas en reglas o razonamientos paso a paso, Explicaciones visuales (zonas destacadas en la imagen)","Confianza: sentir mayor seguridad en la respuesta del sistema, Efectividad: recibir una explicación útil para realizar mejor la tarea, Satisfacción: que la explicación resulte clara y útil para ti, Detección de errores(Debugging): detectar fallos, errores o comportamientos inesperados del sistema",5,2026-04-04 23:48:33.891,"[""Estudiante""]","3 Nivel usuario: la he usado alguna vez y entiendo conceptos básicos (modelo, datos, entrenamiento) sin detalle técnico.","Nivel usuario: la he usado alguna vez y entiendo conceptos básicos (modelo, datos, entrenamiento) sin detalle técnico.",3 Intermedio: suelo identificar bastantes y entiendo rasgos/hábitats generales.,Intermedio: suelo identificar bastantes y entiendo rasgos/hábitats generales.,"[""Explicaciones con ejemplos similares"", ""Explicaciones basadas en reglas o razonamientos paso a paso"", ""Explicaciones visuales (zonas destacadas en la imagen)""]","[""Confianza: sentir mayor seguridad en la respuesta del sistema"", ""Efectividad: recibir una explicación útil para realizar mejor la tarea"", ""Satisfacción: que la explicación resulte clara y útil para ti"", ""Detección de errores(Debugging): detectar fallos"", ""errores o comportamientos inesperados del sistema""]",,,Animales salvajes,,,,,Anchor,Grad-CAM,IG,LIME,Saliency,
C0171,U016,6,img_06,Opción D,2,2,2,2.0,18–24,Bachillerato/FP,Estudiante,3,3,Media: explicación breve con algo de detalle,"Intermedio: algunos términos técnicos, pero fáciles de seguir",Texto breve + imagen,Medio: el error podría causar cierta confusión o problema,"Explicaciones con ejemplos similares, Explicaciones basadas en reglas o razonamientos paso a paso, Explicaciones visuales (zonas destacadas en la imagen)","Confianza: sentir mayor seguridad en la respuesta del sistema, Efectividad: recibir una explicación útil para realizar mejor la tarea, Satisfacción: que la explicación resulte clara y útil para ti, Detección de errores(Debugging): detectar fallos, errores o comportamientos inesperados del sistema",6,2026-04-04 23:48:33.891,"[""Estudiante""]","3 Nivel usuario: la he usado alguna vez y entiendo conceptos básicos (modelo, datos, entrenamiento) sin detalle técnico.","Nivel usuario: la he usado alguna vez y entiendo conceptos básicos (modelo, datos, entrenamiento) sin detalle técnico.",3 Intermedio: suelo identificar bastantes y entiendo rasgos/hábitats generales.,Intermedio: suelo identificar bastantes y entiendo rasgos/hábitats generales.,"[""Explicaciones con ejemplos similares"", ""Explicaciones basadas en reglas o razonamientos paso a paso"", ""Explicaciones visuales (zonas destacadas en la imagen)""]","[""Confianza: sentir mayor seguridad en la respuesta del sistema"", ""Efectividad: recibir una explicación útil para realizar mejor la tarea"", ""Satisfacción: que la explicación resulte clara y útil para ti"", ""Detección de errores(Debugging): detectar fallos"", ""errores o comportamientos inesperados del sistema""]",,,Animales salvajes,,,,,Anchor,Grad-CAM,IG,LIME,Saliency,
C0172,U016,7,img_07,Opción C,2,2,2,2.0,18–24,Bachillerato/FP,Estudiante,3,3,Media: explicación breve con algo de detalle,"Intermedio: algunos términos técnicos, pero fáciles de seguir",Texto breve + imagen,Medio: el error podría causar cierta confusión o problema,"Explicaciones con ejemplos similares, Explicaciones basadas en reglas o razonamientos paso a paso, Explicaciones visuales (zonas destacadas en la imagen)","Confianza: sentir mayor seguridad en la respuesta del sistema, Efectividad: recibir una explicación útil para realizar mejor la tarea, Satisfacción: que la explicación resulte clara y útil para ti, Detección de errores(Debugging): detectar fallos, errores o comportamientos inesperados del sistema",7,2026-04-04 23:48:33.891,"[""Estudiante""]","3 Nivel usuario: la he usado alguna vez y entiendo conceptos básicos (modelo, datos, entrenamiento) sin detalle técnico.","Nivel usuario: la he usado alguna vez y entiendo conceptos básicos (modelo, datos, entrenamiento) sin detalle técnico.",3 Intermedio: suelo identificar bastantes y entiendo rasgos/hábitats generales.,Intermedio: suelo identificar bastantes y entiendo rasgos/hábitats generales.,"[""Explicaciones con ejemplos similares"", ""Explicaciones basadas en reglas o razonamientos paso a paso"", ""Explicaciones visuales (zonas destacadas en la imagen)""]","[""Confianza: sentir mayor seguridad en la respuesta del sistema"", ""Efectividad: recibir una explicación útil para realizar mejor la tarea"", ""Satisfacción: que la explicación resulte clara y útil para ti"", ""Detección de errores(Debugging): detectar fallos"", ""errores o comportamientos inesperados del sistema""]",,,Animales salvajes,,,,,Anchor,Grad-CAM,IG,LIME,Saliency,
C0173,U016,8,img_08,Opción D,1,1,2,1.3333333333333333,18–24,Bachillerato/FP,Estudiante,3,3,Media: explicación breve con algo de detalle,"Intermedio: algunos términos técnicos, pero fáciles de seguir",Texto breve + imagen,Medio: el error podría causar cierta confusión o problema,"Explicaciones con ejemplos similares, Explicaciones basadas en reglas o razonamientos paso a paso, Explicaciones visuales (zonas destacadas en la imagen)","Confianza: sentir mayor seguridad en la respuesta del sistema, Efectividad: recibir una explicación útil para realizar mejor la tarea, Satisfacción: que la explicación resulte clara y útil para ti, Detección de errores(Debugging): detectar fallos, errores o comportamientos inesperados del sistema",8,2026-04-04 23:48:33.891,"[""Estudiante""]","3 Nivel usuario: la he usado alguna vez y entiendo conceptos básicos (modelo, datos, entrenamiento) sin detalle técnico.","Nivel usuario: la he usado alguna vez y entiendo conceptos básicos (modelo, datos, entrenamiento) sin detalle técnico.",3 Intermedio: suelo identificar bastantes y entiendo rasgos/hábitats generales.,Intermedio: suelo identificar bastantes y entiendo rasgos/hábitats generales.,"[""Explicaciones con ejemplos similares"", ""Explicaciones basadas en reglas o razonamientos paso a paso"", ""Explicaciones visuales (zonas destacadas en la imagen)""]","[""Confianza: sentir mayor seguridad en la respuesta del sistema"", ""Efectividad: recibir una explicación útil para realizar mejor la tarea"", ""Satisfacción: que la explicación resulte clara y útil para ti"", ""Detección de errores(Debugging): detectar fallos"", ""errores o comportamientos inesperados del sistema""]",,,Animales salvajes,,,,,Anchor,Grad-CAM,IG,LIME,Saliency,
C0174,U016,9,img_09,Opción E,1,1,2,1.3333333333333333,18–24,Bachillerato/FP,Estudiante,3,3,Media: explicación breve con algo de detalle,"Intermedio: algunos términos técnicos, pero fáciles de seguir",Texto breve + imagen,Medio: el error podría causar cierta confusión o problema,"Explicaciones con ejemplos similares, Explicaciones basadas en reglas o razonamientos paso a paso, Explicaciones visuales (zonas destacadas en la imagen)","Confianza: sentir mayor seguridad en la respuesta del sistema, Efectividad: recibir una explicación útil para realizar mejor la tarea, Satisfacción: que la explicación resulte clara y útil para ti, Detección de errores(Debugging): detectar fallos, errores o comportamientos inesperados del sistema",9,2026-04-04 23:48:33.891,"[""Estudiante""]","3 Nivel usuario: la he usado alguna vez y entiendo conceptos básicos (modelo, datos, entrenamiento) sin detalle técnico.","Nivel usuario: la he usado alguna vez y entiendo conceptos básicos (modelo, datos, entrenamiento) sin detalle técnico.",3 Intermedio: suelo identificar bastantes y entiendo rasgos/hábitats generales.,Intermedio: suelo identificar bastantes y entiendo rasgos/hábitats generales.,"[""Explicaciones con ejemplos similares"", ""Explicaciones basadas en reglas o razonamientos paso a paso"", ""Explicaciones visuales (zonas destacadas en la imagen)""]","[""Confianza: sentir mayor seguridad en la respuesta del sistema"", ""Efectividad: recibir una explicación útil para realizar mejor la tarea"", ""Satisfacción: que la explicación resulte clara y útil para ti"", ""Detección de errores(Debugging): detectar fallos"", ""errores o comportamientos inesperados del sistema""]",,,Animales salvajes,,,,,Anchor,Grad-CAM,IG,LIME,Saliency,
C0175,U016,10,img_10,Opción E,3,3,3,3.0,18–24,Bachillerato/FP,Estudiante,3,3,Media: explicación breve con algo de detalle,"Intermedio: algunos términos técnicos, pero fáciles de seguir",Texto breve + imagen,Medio: el error podría causar cierta confusión o problema,"Explicaciones con ejemplos similares, Explicaciones basadas en reglas o razonamientos paso a paso, Explicaciones visuales (zonas destacadas en la imagen)","Confianza: sentir mayor seguridad en la respuesta del sistema, Efectividad: recibir una explicación útil para realizar mejor la tarea, Satisfacción: que la explicación resulte clara y útil para ti, Detección de errores(Debugging): detectar fallos, errores o comportamientos inesperados del sistema",10,2026-04-04 23:48:33.891,"[""Estudiante""]","3 Nivel usuario: la he usado alguna vez y entiendo conceptos básicos (modelo, datos, entrenamiento) sin detalle técnico.","Nivel usuario: la he usado alguna vez y entiendo conceptos básicos (modelo, datos, entrenamiento) sin detalle técnico.",3 Intermedio: suelo identificar bastantes y entiendo rasgos/hábitats generales.,Intermedio: suelo identificar bastantes y entiendo rasgos/hábitats generales.,"[""Explicaciones con ejemplos similares"", ""Explicaciones basadas en reglas o razonamientos paso a paso"", ""Explicaciones visuales (zonas destacadas en la imagen)""]","[""Confianza: sentir mayor seguridad en la respuesta del sistema"", ""Efectividad: recibir una explicación útil para realizar mejor la tarea"", ""Satisfacción: que la explicación resulte clara y útil para ti"", ""Detección de errores(Debugging): detectar fallos"", ""errores o comportamientos inesperados del sistema""]",,,Animales salvajes,,,,,Anchor,Grad-CAM,IG,LIME,Saliency,
C0176,U016,11,img_11,Opción B,2,2,2,2.0,18–24,Bachillerato/FP,Estudiante,3,3,Media: explicación breve con algo de detalle,"Intermedio: algunos términos técnicos, pero fáciles de seguir",Texto breve + imagen,Medio: el error podría causar cierta confusión o problema,"Explicaciones con ejemplos similares, Explicaciones basadas en reglas o razonamientos paso a paso, Explicaciones visuales (zonas destacadas en la imagen)","Confianza: sentir mayor seguridad en la respuesta del sistema, Efectividad: recibir una explicación útil para realizar mejor la tarea, Satisfacción: que la explicación resulte clara y útil para ti, Detección de errores(Debugging): detectar fallos, errores o comportamientos inesperados del sistema",11,2026-04-04 23:48:33.891,"[""Estudiante""]","3 Nivel usuario: la he usado alguna vez y entiendo conceptos básicos (modelo, datos, entrenamiento) sin detalle técnico.","Nivel usuario: la he usado alguna vez y entiendo conceptos básicos (modelo, datos, entrenamiento) sin detalle técnico.",3 Intermedio: suelo identificar bastantes y entiendo rasgos/hábitats generales.,Intermedio: suelo identificar bastantes y entiendo rasgos/hábitats generales.,"[""Explicaciones con ejemplos similares"", ""Explicaciones basadas en reglas o razonamientos paso a paso"", ""Explicaciones visuales (zonas destacadas en la imagen)""]","[""Confianza: sentir mayor seguridad en la respuesta del sistema"", ""Efectividad: recibir una explicación útil para realizar mejor la tarea"", ""Satisfacción: que la explicación resulte clara y útil para ti"", ""Detección de errores(Debugging): detectar fallos"", ""errores o comportamientos inesperados del sistema""]",,,Animales salvajes,,,,,Anchor,Grad-CAM,IG,LIME,Saliency,
C0177,U017,1,img_01,Opción B,2,2,2,2.0,18–24,Grado,Estudiante,3,3,Media: explicación breve con algo de detalle,"Intermedio: algunos términos técnicos, pero fáciles de seguir",Principalmente visual,Alto: el error podría tener consecuencias importantes,"Explicaciones con comparaciones o contraejemplos, Explicaciones visuales (zonas destacadas en la imagen)","Transparencia: entender por qué el sistema tomó esa decisión, Detección de errores(Debugging): detectar fallos, errores o comportamientos inesperados del sistema, Educación: aprender más sobre la imagen, el problema o el funcionamiento del sistema",1,2026-04-05 22:00:28.342,"[""Estudiante""]","3 Nivel usuario: la he usado alguna vez y entiendo conceptos básicos (modelo, datos, entrenamiento) sin detalle técnico.","Nivel usuario: la he usado alguna vez y entiendo conceptos básicos (modelo, datos, entrenamiento) sin detalle técnico.",3 Intermedio: suelo identificar bastantes y entiendo rasgos/hábitats generales.,Intermedio: suelo identificar bastantes y entiendo rasgos/hábitats generales.,"[""Explicaciones con comparaciones o contraejemplos"", ""Explicaciones visuales (zonas destacadas en la imagen)""]","[""Transparencia: entender por qué el sistema tomó esa decisión"", ""Detección de errores(Debugging): detectar fallos"", ""errores o comportamientos inesperados del sistema"", ""Educación: aprender más sobre la imagen"", ""el problema o el funcionamiento del sistema""]",,,Animales salvajes,,,,,Anchor,Grad-CAM,IG,LIME,Saliency,
C0178,U017,2,img_02,Opción A,3,3,3,3.0,18–24,Grado,Estudiante,3,3,Media: explicación breve con algo de detalle,"Intermedio: algunos términos técnicos, pero fáciles de seguir",Principalmente visual,Alto: el error podría tener consecuencias importantes,"Explicaciones con comparaciones o contraejemplos, Explicaciones visuales (zonas destacadas en la imagen)","Transparencia: entender por qué el sistema tomó esa decisión, Detección de errores(Debugging): detectar fallos, errores o comportamientos inesperados del sistema, Educación: aprender más sobre la imagen, el problema o el funcionamiento del sistema",2,2026-04-05 22:00:28.342,"[""Estudiante""]","3 Nivel usuario: la he usado alguna vez y entiendo conceptos básicos (modelo, datos, entrenamiento) sin detalle técnico.","Nivel usuario: la he usado alguna vez y entiendo conceptos básicos (modelo, datos, entrenamiento) sin detalle técnico.",3 Intermedio: suelo identificar bastantes y entiendo rasgos/hábitats generales.,Intermedio: suelo identificar bastantes y entiendo rasgos/hábitats generales.,"[""Explicaciones con comparaciones o contraejemplos"", ""Explicaciones visuales (zonas destacadas en la imagen)""]","[""Transparencia: entender por qué el sistema tomó esa decisión"", ""Detección de errores(Debugging): detectar fallos"", ""errores o comportamientos inesperados del sistema"", ""Educación: aprender más sobre la imagen"", ""el problema o el funcionamiento del sistema""]",,,Animales salvajes,,,,,Anchor,Grad-CAM,IG,LIME,Saliency,
C0179,U017,3,img_03,Opción B,2,2,2,2.0,18–24,Grado,Estudiante,3,3,Media: explicación breve con algo de detalle,"Intermedio: algunos términos técnicos, pero fáciles de seguir",Principalmente visual,Alto: el error podría tener consecuencias importantes,"Explicaciones con comparaciones o contraejemplos, Explicaciones visuales (zonas destacadas en la imagen)","Transparencia: entender por qué el sistema tomó esa decisión, Detección de errores(Debugging): detectar fallos, errores o comportamientos inesperados del sistema, Educación: aprender más sobre la imagen, el problema o el funcionamiento del sistema",3,2026-04-05 22:00:28.342,"[""Estudiante""]","3 Nivel usuario: la he usado alguna vez y entiendo conceptos básicos (modelo, datos, entrenamiento) sin detalle técnico.","Nivel usuario: la he usado alguna vez y entiendo conceptos básicos (modelo, datos, entrenamiento) sin detalle técnico.",3 Intermedio: suelo identificar bastantes y entiendo rasgos/hábitats generales.,Intermedio: suelo identificar bastantes y entiendo rasgos/hábitats generales.,"[""Explicaciones con comparaciones o contraejemplos"", ""Explicaciones visuales (zonas destacadas en la imagen)""]","[""Transparencia: entender por qué el sistema tomó esa decisión"", ""Detección de errores(Debugging): detectar fallos"", ""errores o comportamientos inesperados del sistema"", ""Educación: aprender más sobre la imagen"", ""el problema o el funcionamiento del sistema""]",,,Animales salvajes,,,,,Anchor,Grad-CAM,IG,LIME,Saliency,
C0180,U017,4,img_04,Opción D,3,3,2,2.6666666666666665,18–24,Grado,Estudiante,3,3,Media: explicación breve con algo de detalle,"Intermedio: algunos términos técnicos, pero fáciles de seguir",Principalmente visual,Alto: el error podría tener consecuencias importantes,"Explicaciones con comparaciones o contraejemplos, Explicaciones visuales (zonas destacadas en la imagen)","Transparencia: entender por qué el sistema tomó esa decisión, Detección de errores(Debugging): detectar fallos, errores o comportamientos inesperados del sistema, Educación: aprender más sobre la imagen, el problema o el funcionamiento del sistema",4,2026-04-05 22:00:28.342,"[""Estudiante""]","3 Nivel usuario: la he usado alguna vez y entiendo conceptos básicos (modelo, datos, entrenamiento) sin detalle técnico.","Nivel usuario: la he usado alguna vez y entiendo conceptos básicos (modelo, datos, entrenamiento) sin detalle técnico.",3 Intermedio: suelo identificar bastantes y entiendo rasgos/hábitats generales.,Intermedio: suelo identificar bastantes y entiendo rasgos/hábitats generales.,"[""Explicaciones con comparaciones o contraejemplos"", ""Explicaciones visuales (zonas destacadas en la imagen)""]","[""Transparencia: entender por qué el sistema tomó esa decisión"", ""Detección de errores(Debugging): detectar fallos"", ""errores o comportamientos inesperados del sistema"", ""Educación: aprender más sobre la imagen"", ""el problema o el funcionamiento del sistema""]",,,Animales salvajes,,,,,Anchor,Grad-CAM,IG,LIME,Saliency,
C0181,U017,5,img_05,Opción A,3,3,3,3.0,18–24,Grado,Estudiante,3,3,Media: explicación breve con algo de detalle,"Intermedio: algunos términos técnicos, pero fáciles de seguir",Principalmente visual,Alto: el error podría tener consecuencias importantes,"Explicaciones con comparaciones o contraejemplos, Explicaciones visuales (zonas destacadas en la imagen)","Transparencia: entender por qué el sistema tomó esa decisión, Detección de errores(Debugging): detectar fallos, errores o comportamientos inesperados del sistema, Educación: aprender más sobre la imagen, el problema o el funcionamiento del sistema",5,2026-04-05 22:00:28.342,"[""Estudiante""]","3 Nivel usuario: la he usado alguna vez y entiendo conceptos básicos (modelo, datos, entrenamiento) sin detalle técnico.","Nivel usuario: la he usado alguna vez y entiendo conceptos básicos (modelo, datos, entrenamiento) sin detalle técnico.",3 Intermedio: suelo identificar bastantes y entiendo rasgos/hábitats generales.,Intermedio: suelo identificar bastantes y entiendo rasgos/hábitats generales.,"[""Explicaciones con comparaciones o contraejemplos"", ""Explicaciones visuales (zonas destacadas en la imagen)""]","[""Transparencia: entender por qué el sistema tomó esa decisión"", ""Detección de errores(Debugging): detectar fallos"", ""errores o comportamientos inesperados del sistema"", ""Educación: aprender más sobre la imagen"", ""el problema o el funcionamiento del sistema""]",,,Animales salvajes,,,,,Anchor,Grad-CAM,IG,LIME,Saliency,
C0182,U017,6,img_06,Opción B,2,2,2,2.0,18–24,Grado,Estudiante,3,3,Media: explicación breve con algo de detalle,"Intermedio: algunos términos técnicos, pero fáciles de seguir",Principalmente visual,Alto: el error podría tener consecuencias importantes,"Explicaciones con comparaciones o contraejemplos, Explicaciones visuales (zonas destacadas en la imagen)","Transparencia: entender por qué el sistema tomó esa decisión, Detección de errores(Debugging): detectar fallos, errores o comportamientos inesperados del sistema, Educación: aprender más sobre la imagen, el problema o el funcionamiento del sistema",6,2026-04-05 22:00:28.342,"[""Estudiante""]","3 Nivel usuario: la he usado alguna vez y entiendo conceptos básicos (modelo, datos, entrenamiento) sin detalle técnico.","Nivel usuario: la he usado alguna vez y entiendo conceptos básicos (modelo, datos, entrenamiento) sin detalle técnico.",3 Intermedio: suelo identificar bastantes y entiendo rasgos/hábitats generales.,Intermedio: suelo identificar bastantes y entiendo rasgos/hábitats generales.,"[""Explicaciones con comparaciones o contraejemplos"", ""Explicaciones visuales (zonas destacadas en la imagen)""]","[""Transparencia: entender por qué el sistema tomó esa decisión"", ""Detección de errores(Debugging): detectar fallos"", ""errores o comportamientos inesperados del sistema"", ""Educación: aprender más sobre la imagen"", ""el problema o el funcionamiento del sistema""]",,,Animales salvajes,,,,,Anchor,Grad-CAM,IG,LIME,Saliency,
C0183,U017,7,img_07,Opción C,3,3,3,3.0,18–24,Grado,Estudiante,3,3,Media: explicación breve con algo de detalle,"Intermedio: algunos términos técnicos, pero fáciles de seguir",Principalmente visual,Alto: el error podría tener consecuencias importantes,"Explicaciones con comparaciones o contraejemplos, Explicaciones visuales (zonas destacadas en la imagen)","Transparencia: entender por qué el sistema tomó esa decisión, Detección de errores(Debugging): detectar fallos, errores o comportamientos inesperados del sistema, Educación: aprender más sobre la imagen, el problema o el funcionamiento del sistema",7,2026-04-05 22:00:28.342,"[""Estudiante""]","3 Nivel usuario: la he usado alguna vez y entiendo conceptos básicos (modelo, datos, entrenamiento) sin detalle técnico.","Nivel usuario: la he usado alguna vez y entiendo conceptos básicos (modelo, datos, entrenamiento) sin detalle técnico.",3 Intermedio: suelo identificar bastantes y entiendo rasgos/hábitats generales.,Intermedio: suelo identificar bastantes y entiendo rasgos/hábitats generales.,"[""Explicaciones con comparaciones o contraejemplos"", ""Explicaciones visuales (zonas destacadas en la imagen)""]","[""Transparencia: entender por qué el sistema tomó esa decisión"", ""Detección de errores(Debugging): detectar fallos"", ""errores o comportamientos inesperados del sistema"", ""Educación: aprender más sobre la imagen"", ""el problema o el funcionamiento del sistema""]",,,Animales salvajes,,,,,Anchor,Grad-CAM,IG,LIME,Saliency,
C0184,U017,8,img_08,Opción B,3,3,3,3.0,18–24,Grado,Estudiante,3,3,Media: explicación breve con algo de detalle,"Intermedio: algunos términos técnicos, pero fáciles de seguir",Principalmente visual,Alto: el error podría tener consecuencias importantes,"Explicaciones con comparaciones o contraejemplos, Explicaciones visuales (zonas destacadas en la imagen)","Transparencia: entender por qué el sistema tomó esa decisión, Detección de errores(Debugging): detectar fallos, errores o comportamientos inesperados del sistema, Educación: aprender más sobre la imagen, el problema o el funcionamiento del sistema",8,2026-04-05 22:00:28.342,"[""Estudiante""]","3 Nivel usuario: la he usado alguna vez y entiendo conceptos básicos (modelo, datos, entrenamiento) sin detalle técnico.","Nivel usuario: la he usado alguna vez y entiendo conceptos básicos (modelo, datos, entrenamiento) sin detalle técnico.",3 Intermedio: suelo identificar bastantes y entiendo rasgos/hábitats generales.,Intermedio: suelo identificar bastantes y entiendo rasgos/hábitats generales.,"[""Explicaciones con comparaciones o contraejemplos"", ""Explicaciones visuales (zonas destacadas en la imagen)""]","[""Transparencia: entender por qué el sistema tomó esa decisión"", ""Detección de errores(Debugging): detectar fallos"", ""errores o comportamientos inesperados del sistema"", ""Educación: aprender más sobre la imagen"", ""el problema o el funcionamiento del sistema""]",,,Animales salvajes,,,,,Anchor,Grad-CAM,IG,LIME,Saliency,
C0185,U017,9,img_09,Opción E,4,4,4,4.0,18–24,Grado,Estudiante,3,3,Media: explicación breve con algo de detalle,"Intermedio: algunos términos técnicos, pero fáciles de seguir",Principalmente visual,Alto: el error podría tener consecuencias importantes,"Explicaciones con comparaciones o contraejemplos, Explicaciones visuales (zonas destacadas en la imagen)","Transparencia: entender por qué el sistema tomó esa decisión, Detección de errores(Debugging): detectar fallos, errores o comportamientos inesperados del sistema, Educación: aprender más sobre la imagen, el problema o el funcionamiento del sistema",9,2026-04-05 22:00:28.342,"[""Estudiante""]","3 Nivel usuario: la he usado alguna vez y entiendo conceptos básicos (modelo, datos, entrenamiento) sin detalle técnico.","Nivel usuario: la he usado alguna vez y entiendo conceptos básicos (modelo, datos, entrenamiento) sin detalle técnico.",3 Intermedio: suelo identificar bastantes y entiendo rasgos/hábitats generales.,Intermedio: suelo identificar bastantes y entiendo rasgos/hábitats generales.,"[""Explicaciones con comparaciones o contraejemplos"", ""Explicaciones visuales (zonas destacadas en la imagen)""]","[""Transparencia: entender por qué el sistema tomó esa decisión"", ""Detección de errores(Debugging): detectar fallos"", ""errores o comportamientos inesperados del sistema"", ""Educación: aprender más sobre la imagen"", ""el problema o el funcionamiento del sistema""]",,,Animales salvajes,,,,,Anchor,Grad-CAM,IG,LIME,Saliency,
C0186,U017,10,img_10,Opción C,3,3,3,3.0,18–24,Grado,Estudiante,3,3,Media: explicación breve con algo de detalle,"Intermedio: algunos términos técnicos, pero fáciles de seguir",Principalmente visual,Alto: el error podría tener consecuencias importantes,"Explicaciones con comparaciones o contraejemplos, Explicaciones visuales (zonas destacadas en la imagen)","Transparencia: entender por qué el sistema tomó esa decisión, Detección de errores(Debugging): detectar fallos, errores o comportamientos inesperados del sistema, Educación: aprender más sobre la imagen, el problema o el funcionamiento del sistema",10,2026-04-05 22:00:28.342,"[""Estudiante""]","3 Nivel usuario: la he usado alguna vez y entiendo conceptos básicos (modelo, datos, entrenamiento) sin detalle técnico.","Nivel usuario: la he usado alguna vez y entiendo conceptos básicos (modelo, datos, entrenamiento) sin detalle técnico.",3 Intermedio: suelo identificar bastantes y entiendo rasgos/hábitats generales.,Intermedio: suelo identificar bastantes y entiendo rasgos/hábitats generales.,"[""Explicaciones con comparaciones o contraejemplos"", ""Explicaciones visuales (zonas destacadas en la imagen)""]","[""Transparencia: entender por qué el sistema tomó esa decisión"", ""Detección de errores(Debugging): detectar fallos"", ""errores o comportamientos inesperados del sistema"", ""Educación: aprender más sobre la imagen"", ""el problema o el funcionamiento del sistema""]",,,Animales salvajes,,,,,Anchor,Grad-CAM,IG,LIME,Saliency,
C0187,U017,11,img_11,Opción B,3,2,3,2.6666666666666665,18–24,Grado,Estudiante,3,3,Media: explicación breve con algo de detalle,"Intermedio: algunos términos técnicos, pero fáciles de seguir",Principalmente visual,Alto: el error podría tener consecuencias importantes,"Explicaciones con comparaciones o contraejemplos, Explicaciones visuales (zonas destacadas en la imagen)","Transparencia: entender por qué el sistema tomó esa decisión, Detección de errores(Debugging): detectar fallos, errores o comportamientos inesperados del sistema, Educación: aprender más sobre la imagen, el problema o el funcionamiento del sistema",11,2026-04-05 22:00:28.342,"[""Estudiante""]","3 Nivel usuario: la he usado alguna vez y entiendo conceptos básicos (modelo, datos, entrenamiento) sin detalle técnico.","Nivel usuario: la he usado alguna vez y entiendo conceptos básicos (modelo, datos, entrenamiento) sin detalle técnico.",3 Intermedio: suelo identificar bastantes y entiendo rasgos/hábitats generales.,Intermedio: suelo identificar bastantes y entiendo rasgos/hábitats generales.,"[""Explicaciones con comparaciones o contraejemplos"", ""Explicaciones visuales (zonas destacadas en la imagen)""]","[""Transparencia: entender por qué el sistema tomó esa decisión"", ""Detección de errores(Debugging): detectar fallos"", ""errores o comportamientos inesperados del sistema"", ""Educación: aprender más sobre la imagen"", ""el problema o el funcionamiento del sistema""]",,,Animales salvajes,,,,,Anchor,Grad-CAM,IG,LIME,Saliency,
C0188,U018,1,img_01,Opción A,2,2,2,2.0,18–24,Bachillerato/FP,Estudiante,2,2,Media: explicación breve con algo de detalle,"Intermedio: algunos términos técnicos, pero fáciles de seguir",Texto breve + imagen,Medio: el error podría causar cierta confusión o problema,Explicaciones con comparaciones o contraejemplos,"Efectividad: recibir una explicación útil para realizar mejor la tarea, Satisfacción: que la explicación resulte clara y útil para ti",1,2026-04-05 23:14:00.813,"[""Estudiante""]","2 Conozco la idea general (p. ej., “ChatGPT”, “reconocimiento de caras”), pero no sé cómo funciona.","Conozco la idea general (p. ej., “ChatGPT”, “reconocimiento de caras”), pero no sé cómo funciona.","2 Básico: reconozco animales comunes (león, elefante…), poco más.","Básico: reconozco animales comunes (león, elefante…), poco más.","[""Explicaciones con comparaciones o contraejemplos""]","[""Efectividad: recibir una explicación útil para realizar mejor la tarea"", ""Satisfacción: que la explicación resulte clara y útil para ti""]",Más explicación sobre el funcionamiento de la IA,,Animales salvajes,,,,,Anchor,Grad-CAM,IG,LIME,Saliency,
C0189,U018,2,img_02,Opción D,2,2,2,2.0,18–24,Bachillerato/FP,Estudiante,2,2,Media: explicación breve con algo de detalle,"Intermedio: algunos términos técnicos, pero fáciles de seguir",Texto breve + imagen,Medio: el error podría causar cierta confusión o problema,Explicaciones con comparaciones o contraejemplos,"Efectividad: recibir una explicación útil para realizar mejor la tarea, Satisfacción: que la explicación resulte clara y útil para ti",2,2026-04-05 23:14:00.813,"[""Estudiante""]","2 Conozco la idea general (p. ej., “ChatGPT”, “reconocimiento de caras”), pero no sé cómo funciona.","Conozco la idea general (p. ej., “ChatGPT”, “reconocimiento de caras”), pero no sé cómo funciona.","2 Básico: reconozco animales comunes (león, elefante…), poco más.","Básico: reconozco animales comunes (león, elefante…), poco más.","[""Explicaciones con comparaciones o contraejemplos""]","[""Efectividad: recibir una explicación útil para realizar mejor la tarea"", ""Satisfacción: que la explicación resulte clara y útil para ti""]",Más explicación sobre el funcionamiento de la IA,,Animales salvajes,,,,,Anchor,Grad-CAM,IG,LIME,Saliency,
C0190,U018,3,img_03,Opción A,2,2,2,2.0,18–24,Bachillerato/FP,Estudiante,2,2,Media: explicación breve con algo de detalle,"Intermedio: algunos términos técnicos, pero fáciles de seguir",Texto breve + imagen,Medio: el error podría causar cierta confusión o problema,Explicaciones con comparaciones o contraejemplos,"Efectividad: recibir una explicación útil para realizar mejor la tarea, Satisfacción: que la explicación resulte clara y útil para ti",3,2026-04-05 23:14:00.813,"[""Estudiante""]","2 Conozco la idea general (p. ej., “ChatGPT”, “reconocimiento de caras”), pero no sé cómo funciona.","Conozco la idea general (p. ej., “ChatGPT”, “reconocimiento de caras”), pero no sé cómo funciona.","2 Básico: reconozco animales comunes (león, elefante…), poco más.","Básico: reconozco animales comunes (león, elefante…), poco más.","[""Explicaciones con comparaciones o contraejemplos""]","[""Efectividad: recibir una explicación útil para realizar mejor la tarea"", ""Satisfacción: que la explicación resulte clara y útil para ti""]",Más explicación sobre el funcionamiento de la IA,,Animales salvajes,,,,,Anchor,Grad-CAM,IG,LIME,Saliency,
C0191,U018,4,img_04,Opción E,3,3,3,3.0,18–24,Bachillerato/FP,Estudiante,2,2,Media: explicación breve con algo de detalle,"Intermedio: algunos términos técnicos, pero fáciles de seguir",Texto breve + imagen,Medio: el error podría causar cierta confusión o problema,Explicaciones con comparaciones o contraejemplos,"Efectividad: recibir una explicación útil para realizar mejor la tarea, Satisfacción: que la explicación resulte clara y útil para ti",4,2026-04-05 23:14:00.813,"[""Estudiante""]","2 Conozco la idea general (p. ej., “ChatGPT”, “reconocimiento de caras”), pero no sé cómo funciona.","Conozco la idea general (p. ej., “ChatGPT”, “reconocimiento de caras”), pero no sé cómo funciona.","2 Básico: reconozco animales comunes (león, elefante…), poco más.","Básico: reconozco animales comunes (león, elefante…), poco más.","[""Explicaciones con comparaciones o contraejemplos""]","[""Efectividad: recibir una explicación útil para realizar mejor la tarea"", ""Satisfacción: que la explicación resulte clara y útil para ti""]",Más explicación sobre el funcionamiento de la IA,,Animales salvajes,,,,,Anchor,Grad-CAM,IG,LIME,Saliency,
C0192,U018,5,img_05,Opción D,3,4,4,3.6666666666666665,18–24,Bachillerato/FP,Estudiante,2,2,Media: explicación breve con algo de detalle,"Intermedio: algunos términos técnicos, pero fáciles de seguir",Texto breve + imagen,Medio: el error podría causar cierta confusión o problema,Explicaciones con comparaciones o contraejemplos,"Efectividad: recibir una explicación útil para realizar mejor la tarea, Satisfacción: que la explicación resulte clara y útil para ti",5,2026-04-05 23:14:00.813,"[""Estudiante""]","2 Conozco la idea general (p. ej., “ChatGPT”, “reconocimiento de caras”), pero no sé cómo funciona.","Conozco la idea general (p. ej., “ChatGPT”, “reconocimiento de caras”), pero no sé cómo funciona.","2 Básico: reconozco animales comunes (león, elefante…), poco más.","Básico: reconozco animales comunes (león, elefante…), poco más.","[""Explicaciones con comparaciones o contraejemplos""]","[""Efectividad: recibir una explicación útil para realizar mejor la tarea"", ""Satisfacción: que la explicación resulte clara y útil para ti""]",Más explicación sobre el funcionamiento de la IA,,Animales salvajes,,,,,Anchor,Grad-CAM,IG,LIME,Saliency,
C0193,U018,6,img_06,Opción C,3,3,3,3.0,18–24,Bachillerato/FP,Estudiante,2,2,Media: explicación breve con algo de detalle,"Intermedio: algunos términos técnicos, pero fáciles de seguir",Texto breve + imagen,Medio: el error podría causar cierta confusión o problema,Explicaciones con comparaciones o contraejemplos,"Efectividad: recibir una explicación útil para realizar mejor la tarea, Satisfacción: que la explicación resulte clara y útil para ti",6,2026-04-05 23:14:00.813,"[""Estudiante""]","2 Conozco la idea general (p. ej., “ChatGPT”, “reconocimiento de caras”), pero no sé cómo funciona.","Conozco la idea general (p. ej., “ChatGPT”, “reconocimiento de caras”), pero no sé cómo funciona.","2 Básico: reconozco animales comunes (león, elefante…), poco más.","Básico: reconozco animales comunes (león, elefante…), poco más.","[""Explicaciones con comparaciones o contraejemplos""]","[""Efectividad: recibir una explicación útil para realizar mejor la tarea"", ""Satisfacción: que la explicación resulte clara y útil para ti""]",Más explicación sobre el funcionamiento de la IA,,Animales salvajes,,,,,Anchor,Grad-CAM,IG,LIME,Saliency,
C0194,U018,7,img_07,Opción C,4,3,3,3.3333333333333335,18–24,Bachillerato/FP,Estudiante,2,2,Media: explicación breve con algo de detalle,"Intermedio: algunos términos técnicos, pero fáciles de seguir",Texto breve + imagen,Medio: el error podría causar cierta confusión o problema,Explicaciones con comparaciones o contraejemplos,"Efectividad: recibir una explicación útil para realizar mejor la tarea, Satisfacción: que la explicación resulte clara y útil para ti",7,2026-04-05 23:14:00.813,"[""Estudiante""]","2 Conozco la idea general (p. ej., “ChatGPT”, “reconocimiento de caras”), pero no sé cómo funciona.","Conozco la idea general (p. ej., “ChatGPT”, “reconocimiento de caras”), pero no sé cómo funciona.","2 Básico: reconozco animales comunes (león, elefante…), poco más.","Básico: reconozco animales comunes (león, elefante…), poco más.","[""Explicaciones con comparaciones o contraejemplos""]","[""Efectividad: recibir una explicación útil para realizar mejor la tarea"", ""Satisfacción: que la explicación resulte clara y útil para ti""]",Más explicación sobre el funcionamiento de la IA,,Animales salvajes,,,,,Anchor,Grad-CAM,IG,LIME,Saliency,
C0195,U018,8,img_08,Opción E,3,4,3,3.3333333333333335,18–24,Bachillerato/FP,Estudiante,2,2,Media: explicación breve con algo de detalle,"Intermedio: algunos términos técnicos, pero fáciles de seguir",Texto breve + imagen,Medio: el error podría causar cierta confusión o problema,Explicaciones con comparaciones o contraejemplos,"Efectividad: recibir una explicación útil para realizar mejor la tarea, Satisfacción: que la explicación resulte clara y útil para ti",8,2026-04-05 23:14:00.813,"[""Estudiante""]","2 Conozco la idea general (p. ej., “ChatGPT”, “reconocimiento de caras”), pero no sé cómo funciona.","Conozco la idea general (p. ej., “ChatGPT”, “reconocimiento de caras”), pero no sé cómo funciona.","2 Básico: reconozco animales comunes (león, elefante…), poco más.","Básico: reconozco animales comunes (león, elefante…), poco más.","[""Explicaciones con comparaciones o contraejemplos""]","[""Efectividad: recibir una explicación útil para realizar mejor la tarea"", ""Satisfacción: que la explicación resulte clara y útil para ti""]",Más explicación sobre el funcionamiento de la IA,,Animales salvajes,,,,,Anchor,Grad-CAM,IG,LIME,Saliency,
C0196,U018,9,img_09,Opción E,3,2,3,2.6666666666666665,18–24,Bachillerato/FP,Estudiante,2,2,Media: explicación breve con algo de detalle,"Intermedio: algunos términos técnicos, pero fáciles de seguir",Texto breve + imagen,Medio: el error podría causar cierta confusión o problema,Explicaciones con comparaciones o contraejemplos,"Efectividad: recibir una explicación útil para realizar mejor la tarea, Satisfacción: que la explicación resulte clara y útil para ti",9,2026-04-05 23:14:00.813,"[""Estudiante""]","2 Conozco la idea general (p. ej., “ChatGPT”, “reconocimiento de caras”), pero no sé cómo funciona.","Conozco la idea general (p. ej., “ChatGPT”, “reconocimiento de caras”), pero no sé cómo funciona.","2 Básico: reconozco animales comunes (león, elefante…), poco más.","Básico: reconozco animales comunes (león, elefante…), poco más.","[""Explicaciones con comparaciones o contraejemplos""]","[""Efectividad: recibir una explicación útil para realizar mejor la tarea"", ""Satisfacción: que la explicación resulte clara y útil para ti""]",Más explicación sobre el funcionamiento de la IA,,Animales salvajes,,,,,Anchor,Grad-CAM,IG,LIME,Saliency,
C0197,U018,10,img_10,Opción A,3,2,2,2.3333333333333335,18–24,Bachillerato/FP,Estudiante,2,2,Media: explicación breve con algo de detalle,"Intermedio: algunos términos técnicos, pero fáciles de seguir",Texto breve + imagen,Medio: el error podría causar cierta confusión o problema,Explicaciones con comparaciones o contraejemplos,"Efectividad: recibir una explicación útil para realizar mejor la tarea, Satisfacción: que la explicación resulte clara y útil para ti",10,2026-04-05 23:14:00.813,"[""Estudiante""]","2 Conozco la idea general (p. ej., “ChatGPT”, “reconocimiento de caras”), pero no sé cómo funciona.","Conozco la idea general (p. ej., “ChatGPT”, “reconocimiento de caras”), pero no sé cómo funciona.","2 Básico: reconozco animales comunes (león, elefante…), poco más.","Básico: reconozco animales comunes (león, elefante…), poco más.","[""Explicaciones con comparaciones o contraejemplos""]","[""Efectividad: recibir una explicación útil para realizar mejor la tarea"", ""Satisfacción: que la explicación resulte clara y útil para ti""]",Más explicación sobre el funcionamiento de la IA,,Animales salvajes,,,,,Anchor,Grad-CAM,IG,LIME,Saliency,
C0198,U018,11,img_11,Opción E,1,1,1,1.0,18–24,Bachillerato/FP,Estudiante,2,2,Media: explicación breve con algo de detalle,"Intermedio: algunos términos técnicos, pero fáciles de seguir",Texto breve + imagen,Medio: el error podría causar cierta confusión o problema,Explicaciones con comparaciones o contraejemplos,"Efectividad: recibir una explicación útil para realizar mejor la tarea, Satisfacción: que la explicación resulte clara y útil para ti",11,2026-04-05 23:14:00.813,"[""Estudiante""]","2 Conozco la idea general (p. ej., “ChatGPT”, “reconocimiento de caras”), pero no sé cómo funciona.","Conozco la idea general (p. ej., “ChatGPT”, “reconocimiento de caras”), pero no sé cómo funciona.","2 Básico: reconozco animales comunes (león, elefante…), poco más.","Básico: reconozco animales comunes (león, elefante…), poco más.","[""Explicaciones con comparaciones o contraejemplos""]","[""Efectividad: recibir una explicación útil para realizar mejor la tarea"", ""Satisfacción: que la explicación resulte clara y útil para ti""]",Más explicación sobre el funcionamiento de la IA,,Animales salvajes,,,,,Anchor,Grad-CAM,IG,LIME,Saliency,
C0199,U019,1,img_01,Opción B,4,4,5,4.333333333333333,25–34,Doctorado,"Investigador/a (académico), Docente / profesor/a",5,2,Media: explicación breve con algo de detalle,"Intermedio: algunos términos técnicos, pero fáciles de seguir",Texto detallado + imagen,Alto: el error podría tener consecuencias importantes,"Explicaciones con ejemplos similares, Explicaciones con comparaciones o contraejemplos, Explicaciones centradas en atributos o características concretas","Transparencia: entender por qué el sistema tomó esa decisión, Confianza: sentir mayor seguridad en la respuesta del sistema, Efectividad: recibir una explicación útil para realizar mejor la tarea, Satisfacción: que la explicación resulte clara y útil para ti",1,2026-04-06 13:29:28.095,"[""Investigador/a (académico)"", ""Docente / profesor/a""]","5 Experto: trabajo/investigo en IA; implemento, entreno y evalúo modelos con regularidad.","Experto: trabajo/investigo en IA; implemento, entreno y evalúo modelos con regularidad.","2 Básico: reconozco animales comunes (león, elefante…), poco más.","Básico: reconozco animales comunes (león, elefante…), poco más.","[""Explicaciones con ejemplos similares"", ""Explicaciones con comparaciones o contraejemplos"", ""Explicaciones centradas en atributos o características concretas""]","[""Transparencia: entender por qué el sistema tomó esa decisión"", ""Confianza: sentir mayor seguridad en la respuesta del sistema"", ""Efectividad: recibir una explicación útil para realizar mejor la tarea"", ""Satisfacción: que la explicación resulte clara y útil para ti""]",,,Animales salvajes,,,,,Anchor,Grad-CAM,IG,LIME,Saliency,
C0200,U019,2,img_02,Opción B,4,4,4,4.0,25–34,Doctorado,"Investigador/a (académico), Docente / profesor/a",5,2,Media: explicación breve con algo de detalle,"Intermedio: algunos términos técnicos, pero fáciles de seguir",Texto detallado + imagen,Alto: el error podría tener consecuencias importantes,"Explicaciones con ejemplos similares, Explicaciones con comparaciones o contraejemplos, Explicaciones centradas en atributos o características concretas","Transparencia: entender por qué el sistema tomó esa decisión, Confianza: sentir mayor seguridad en la respuesta del sistema, Efectividad: recibir una explicación útil para realizar mejor la tarea, Satisfacción: que la explicación resulte clara y útil para ti",2,2026-04-06 13:29:28.095,"[""Investigador/a (académico)"", ""Docente / profesor/a""]","5 Experto: trabajo/investigo en IA; implemento, entreno y evalúo modelos con regularidad.","Experto: trabajo/investigo en IA; implemento, entreno y evalúo modelos con regularidad.","2 Básico: reconozco animales comunes (león, elefante…), poco más.","Básico: reconozco animales comunes (león, elefante…), poco más.","[""Explicaciones con ejemplos similares"", ""Explicaciones con comparaciones o contraejemplos"", ""Explicaciones centradas en atributos o características concretas""]","[""Transparencia: entender por qué el sistema tomó esa decisión"", ""Confianza: sentir mayor seguridad en la respuesta del sistema"", ""Efectividad: recibir una explicación útil para realizar mejor la tarea"", ""Satisfacción: que la explicación resulte clara y útil para ti""]",,,Animales salvajes,,,,,Anchor,Grad-CAM,IG,LIME,Saliency,
C0201,U019,3,img_03,Opción E,3,4,5,4.0,25–34,Doctorado,"Investigador/a (académico), Docente / profesor/a",5,2,Media: explicación breve con algo de detalle,"Intermedio: algunos términos técnicos, pero fáciles de seguir",Texto detallado + imagen,Alto: el error podría tener consecuencias importantes,"Explicaciones con ejemplos similares, Explicaciones con comparaciones o contraejemplos, Explicaciones centradas en atributos o características concretas","Transparencia: entender por qué el sistema tomó esa decisión, Confianza: sentir mayor seguridad en la respuesta del sistema, Efectividad: recibir una explicación útil para realizar mejor la tarea, Satisfacción: que la explicación resulte clara y útil para ti",3,2026-04-06 13:29:28.095,"[""Investigador/a (académico)"", ""Docente / profesor/a""]","5 Experto: trabajo/investigo en IA; implemento, entreno y evalúo modelos con regularidad.","Experto: trabajo/investigo en IA; implemento, entreno y evalúo modelos con regularidad.","2 Básico: reconozco animales comunes (león, elefante…), poco más.","Básico: reconozco animales comunes (león, elefante…), poco más.","[""Explicaciones con ejemplos similares"", ""Explicaciones con comparaciones o contraejemplos"", ""Explicaciones centradas en atributos o características concretas""]","[""Transparencia: entender por qué el sistema tomó esa decisión"", ""Confianza: sentir mayor seguridad en la respuesta del sistema"", ""Efectividad: recibir una explicación útil para realizar mejor la tarea"", ""Satisfacción: que la explicación resulte clara y útil para ti""]",,,Animales salvajes,,,,,Anchor,Grad-CAM,IG,LIME,Saliency,
C0202,U019,4,img_04,Opción C,4,4,4,4.0,25–34,Doctorado,"Investigador/a (académico), Docente / profesor/a",5,2,Media: explicación breve con algo de detalle,"Intermedio: algunos términos técnicos, pero fáciles de seguir",Texto detallado + imagen,Alto: el error podría tener consecuencias importantes,"Explicaciones con ejemplos similares, Explicaciones con comparaciones o contraejemplos, Explicaciones centradas en atributos o características concretas","Transparencia: entender por qué el sistema tomó esa decisión, Confianza: sentir mayor seguridad en la respuesta del sistema, Efectividad: recibir una explicación útil para realizar mejor la tarea, Satisfacción: que la explicación resulte clara y útil para ti",4,2026-04-06 13:29:28.095,"[""Investigador/a (académico)"", ""Docente / profesor/a""]","5 Experto: trabajo/investigo en IA; implemento, entreno y evalúo modelos con regularidad.","Experto: trabajo/investigo en IA; implemento, entreno y evalúo modelos con regularidad.","2 Básico: reconozco animales comunes (león, elefante…), poco más.","Básico: reconozco animales comunes (león, elefante…), poco más.","[""Explicaciones con ejemplos similares"", ""Explicaciones con comparaciones o contraejemplos"", ""Explicaciones centradas en atributos o características concretas""]","[""Transparencia: entender por qué el sistema tomó esa decisión"", ""Confianza: sentir mayor seguridad en la respuesta del sistema"", ""Efectividad: recibir una explicación útil para realizar mejor la tarea"", ""Satisfacción: que la explicación resulte clara y útil para ti""]",,,Animales salvajes,,,,,Anchor,Grad-CAM,IG,LIME,Saliency,
C0203,U019,5,img_05,Opción A,2,3,3,2.6666666666666665,25–34,Doctorado,"Investigador/a (académico), Docente / profesor/a",5,2,Media: explicación breve con algo de detalle,"Intermedio: algunos términos técnicos, pero fáciles de seguir",Texto detallado + imagen,Alto: el error podría tener consecuencias importantes,"Explicaciones con ejemplos similares, Explicaciones con comparaciones o contraejemplos, Explicaciones centradas en atributos o características concretas","Transparencia: entender por qué el sistema tomó esa decisión, Confianza: sentir mayor seguridad en la respuesta del sistema, Efectividad: recibir una explicación útil para realizar mejor la tarea, Satisfacción: que la explicación resulte clara y útil para ti",5,2026-04-06 13:29:28.095,"[""Investigador/a (académico)"", ""Docente / profesor/a""]","5 Experto: trabajo/investigo en IA; implemento, entreno y evalúo modelos con regularidad.","Experto: trabajo/investigo en IA; implemento, entreno y evalúo modelos con regularidad.","2 Básico: reconozco animales comunes (león, elefante…), poco más.","Básico: reconozco animales comunes (león, elefante…), poco más.","[""Explicaciones con ejemplos similares"", ""Explicaciones con comparaciones o contraejemplos"", ""Explicaciones centradas en atributos o características concretas""]","[""Transparencia: entender por qué el sistema tomó esa decisión"", ""Confianza: sentir mayor seguridad en la respuesta del sistema"", ""Efectividad: recibir una explicación útil para realizar mejor la tarea"", ""Satisfacción: que la explicación resulte clara y útil para ti""]",,,Animales salvajes,,,,,Anchor,Grad-CAM,IG,LIME,Saliency,
C0204,U019,6,img_06,Opción A,5,5,5,5.0,25–34,Doctorado,"Investigador/a (académico), Docente / profesor/a",5,2,Media: explicación breve con algo de detalle,"Intermedio: algunos términos técnicos, pero fáciles de seguir",Texto detallado + imagen,Alto: el error podría tener consecuencias importantes,"Explicaciones con ejemplos similares, Explicaciones con comparaciones o contraejemplos, Explicaciones centradas en atributos o características concretas","Transparencia: entender por qué el sistema tomó esa decisión, Confianza: sentir mayor seguridad en la respuesta del sistema, Efectividad: recibir una explicación útil para realizar mejor la tarea, Satisfacción: que la explicación resulte clara y útil para ti",6,2026-04-06 13:29:28.095,"[""Investigador/a (académico)"", ""Docente / profesor/a""]","5 Experto: trabajo/investigo en IA; implemento, entreno y evalúo modelos con regularidad.","Experto: trabajo/investigo en IA; implemento, entreno y evalúo modelos con regularidad.","2 Básico: reconozco animales comunes (león, elefante…), poco más.","Básico: reconozco animales comunes (león, elefante…), poco más.","[""Explicaciones con ejemplos similares"", ""Explicaciones con comparaciones o contraejemplos"", ""Explicaciones centradas en atributos o características concretas""]","[""Transparencia: entender por qué el sistema tomó esa decisión"", ""Confianza: sentir mayor seguridad en la respuesta del sistema"", ""Efectividad: recibir una explicación útil para realizar mejor la tarea"", ""Satisfacción: que la explicación resulte clara y útil para ti""]",,,Animales salvajes,,,,,Anchor,Grad-CAM,IG,LIME,Saliency,
C0205,U019,7,img_07,Opción D,4,5,5,4.666666666666667,25–34,Doctorado,"Investigador/a (académico), Docente / profesor/a",5,2,Media: explicación breve con algo de detalle,"Intermedio: algunos términos técnicos, pero fáciles de seguir",Texto detallado + imagen,Alto: el error podría tener consecuencias importantes,"Explicaciones con ejemplos similares, Explicaciones con comparaciones o contraejemplos, Explicaciones centradas en atributos o características concretas","Transparencia: entender por qué el sistema tomó esa decisión, Confianza: sentir mayor seguridad en la respuesta del sistema, Efectividad: recibir una explicación útil para realizar mejor la tarea, Satisfacción: que la explicación resulte clara y útil para ti",7,2026-04-06 13:29:28.095,"[""Investigador/a (académico)"", ""Docente / profesor/a""]","5 Experto: trabajo/investigo en IA; implemento, entreno y evalúo modelos con regularidad.","Experto: trabajo/investigo en IA; implemento, entreno y evalúo modelos con regularidad.","2 Básico: reconozco animales comunes (león, elefante…), poco más.","Básico: reconozco animales comunes (león, elefante…), poco más.","[""Explicaciones con ejemplos similares"", ""Explicaciones con comparaciones o contraejemplos"", ""Explicaciones centradas en atributos o características concretas""]","[""Transparencia: entender por qué el sistema tomó esa decisión"", ""Confianza: sentir mayor seguridad en la respuesta del sistema"", ""Efectividad: recibir una explicación útil para realizar mejor la tarea"", ""Satisfacción: que la explicación resulte clara y útil para ti""]",,,Animales salvajes,,,,,Anchor,Grad-CAM,IG,LIME,Saliency,
C0206,U019,8,img_08,Opción A,4,5,5,4.666666666666667,25–34,Doctorado,"Investigador/a (académico), Docente / profesor/a",5,2,Media: explicación breve con algo de detalle,"Intermedio: algunos términos técnicos, pero fáciles de seguir",Texto detallado + imagen,Alto: el error podría tener consecuencias importantes,"Explicaciones con ejemplos similares, Explicaciones con comparaciones o contraejemplos, Explicaciones centradas en atributos o características concretas","Transparencia: entender por qué el sistema tomó esa decisión, Confianza: sentir mayor seguridad en la respuesta del sistema, Efectividad: recibir una explicación útil para realizar mejor la tarea, Satisfacción: que la explicación resulte clara y útil para ti",8,2026-04-06 13:29:28.095,"[""Investigador/a (académico)"", ""Docente / profesor/a""]","5 Experto: trabajo/investigo en IA; implemento, entreno y evalúo modelos con regularidad.","Experto: trabajo/investigo en IA; implemento, entreno y evalúo modelos con regularidad.","2 Básico: reconozco animales comunes (león, elefante…), poco más.","Básico: reconozco animales comunes (león, elefante…), poco más.","[""Explicaciones con ejemplos similares"", ""Explicaciones con comparaciones o contraejemplos"", ""Explicaciones centradas en atributos o características concretas""]","[""Transparencia: entender por qué el sistema tomó esa decisión"", ""Confianza: sentir mayor seguridad en la respuesta del sistema"", ""Efectividad: recibir una explicación útil para realizar mejor la tarea"", ""Satisfacción: que la explicación resulte clara y útil para ti""]",,,Animales salvajes,,,,,Anchor,Grad-CAM,IG,LIME,Saliency,
C0207,U019,9,img_09,Opción B,4,4,5,4.333333333333333,25–34,Doctorado,"Investigador/a (académico), Docente / profesor/a",5,2,Media: explicación breve con algo de detalle,"Intermedio: algunos términos técnicos, pero fáciles de seguir",Texto detallado + imagen,Alto: el error podría tener consecuencias importantes,"Explicaciones con ejemplos similares, Explicaciones con comparaciones o contraejemplos, Explicaciones centradas en atributos o características concretas","Transparencia: entender por qué el sistema tomó esa decisión, Confianza: sentir mayor seguridad en la respuesta del sistema, Efectividad: recibir una explicación útil para realizar mejor la tarea, Satisfacción: que la explicación resulte clara y útil para ti",9,2026-04-06 13:29:28.095,"[""Investigador/a (académico)"", ""Docente / profesor/a""]","5 Experto: trabajo/investigo en IA; implemento, entreno y evalúo modelos con regularidad.","Experto: trabajo/investigo en IA; implemento, entreno y evalúo modelos con regularidad.","2 Básico: reconozco animales comunes (león, elefante…), poco más.","Básico: reconozco animales comunes (león, elefante…), poco más.","[""Explicaciones con ejemplos similares"", ""Explicaciones con comparaciones o contraejemplos"", ""Explicaciones centradas en atributos o características concretas""]","[""Transparencia: entender por qué el sistema tomó esa decisión"", ""Confianza: sentir mayor seguridad en la respuesta del sistema"", ""Efectividad: recibir una explicación útil para realizar mejor la tarea"", ""Satisfacción: que la explicación resulte clara y útil para ti""]",,,Animales salvajes,,,,,Anchor,Grad-CAM,IG,LIME,Saliency,
C0208,U019,10,img_10,Opción E,4,4,5,4.333333333333333,25–34,Doctorado,"Investigador/a (académico), Docente / profesor/a",5,2,Media: explicación breve con algo de detalle,"Intermedio: algunos términos técnicos, pero fáciles de seguir",Texto detallado + imagen,Alto: el error podría tener consecuencias importantes,"Explicaciones con ejemplos similares, Explicaciones con comparaciones o contraejemplos, Explicaciones centradas en atributos o características concretas","Transparencia: entender por qué el sistema tomó esa decisión, Confianza: sentir mayor seguridad en la respuesta del sistema, Efectividad: recibir una explicación útil para realizar mejor la tarea, Satisfacción: que la explicación resulte clara y útil para ti",10,2026-04-06 13:29:28.095,"[""Investigador/a (académico)"", ""Docente / profesor/a""]","5 Experto: trabajo/investigo en IA; implemento, entreno y evalúo modelos con regularidad.","Experto: trabajo/investigo en IA; implemento, entreno y evalúo modelos con regularidad.","2 Básico: reconozco animales comunes (león, elefante…), poco más.","Básico: reconozco animales comunes (león, elefante…), poco más.","[""Explicaciones con ejemplos similares"", ""Explicaciones con comparaciones o contraejemplos"", ""Explicaciones centradas en atributos o características concretas""]","[""Transparencia: entender por qué el sistema tomó esa decisión"", ""Confianza: sentir mayor seguridad en la respuesta del sistema"", ""Efectividad: recibir una explicación útil para realizar mejor la tarea"", ""Satisfacción: que la explicación resulte clara y útil para ti""]",,,Animales salvajes,,,,,Anchor,Grad-CAM,IG,LIME,Saliency,
C0209,U019,11,img_11,Opción B,4,5,5,4.666666666666667,25–34,Doctorado,"Investigador/a (académico), Docente / profesor/a",5,2,Media: explicación breve con algo de detalle,"Intermedio: algunos términos técnicos, pero fáciles de seguir",Texto detallado + imagen,Alto: el error podría tener consecuencias importantes,"Explicaciones con ejemplos similares, Explicaciones con comparaciones o contraejemplos, Explicaciones centradas en atributos o características concretas","Transparencia: entender por qué el sistema tomó esa decisión, Confianza: sentir mayor seguridad en la respuesta del sistema, Efectividad: recibir una explicación útil para realizar mejor la tarea, Satisfacción: que la explicación resulte clara y útil para ti",11,2026-04-06 13:29:28.095,"[""Investigador/a (académico)"", ""Docente / profesor/a""]","5 Experto: trabajo/investigo en IA; implemento, entreno y evalúo modelos con regularidad.","Experto: trabajo/investigo en IA; implemento, entreno y evalúo modelos con regularidad.","2 Básico: reconozco animales comunes (león, elefante…), poco más.","Básico: reconozco animales comunes (león, elefante…), poco más.","[""Explicaciones con ejemplos similares"", ""Explicaciones con comparaciones o contraejemplos"", ""Explicaciones centradas en atributos o características concretas""]","[""Transparencia: entender por qué el sistema tomó esa decisión"", ""Confianza: sentir mayor seguridad en la respuesta del sistema"", ""Efectividad: recibir una explicación útil para realizar mejor la tarea"", ""Satisfacción: que la explicación resulte clara y útil para ti""]",,,Animales salvajes,,,,,Anchor,Grad-CAM,IG,LIME,Saliency,
C0210,U020,1,img_01,Opción A,4,5,5,4.666666666666667,35–44,Doctorado,"Investigador/a (académico), Docente / profesor/a",3,3,Media: explicación breve con algo de detalle,"Intermedio: algunos términos técnicos, pero fáciles de seguir",Texto detallado + imagen,Alto: el error podría tener consecuencias importantes,"Explicaciones centradas en atributos o características concretas, Explicaciones basadas en reglas o razonamientos paso a paso, Explicaciones visuales (zonas destacadas en la imagen)","Transparencia: entender por qué el sistema tomó esa decisión, Confianza: sentir mayor seguridad en la respuesta del sistema, Satisfacción: que la explicación resulte clara y útil para ti, Educación: aprender más sobre la imagen, el problema o el funcionamiento del sistema",1,2026-04-06 15:21:08.161,"[""Investigador/a (académico)"", ""Docente / profesor/a""]","3 Nivel usuario: la he usado alguna vez y entiendo conceptos básicos (modelo, datos, entrenamiento) sin detalle técnico.","Nivel usuario: la he usado alguna vez y entiendo conceptos básicos (modelo, datos, entrenamiento) sin detalle técnico.",3 Intermedio: suelo identificar bastantes y entiendo rasgos/hábitats generales.,Intermedio: suelo identificar bastantes y entiendo rasgos/hábitats generales.,"[""Explicaciones centradas en atributos o características concretas"", ""Explicaciones basadas en reglas o razonamientos paso a paso"", ""Explicaciones visuales (zonas destacadas en la imagen)""]","[""Transparencia: entender por qué el sistema tomó esa decisión"", ""Confianza: sentir mayor seguridad en la respuesta del sistema"", ""Satisfacción: que la explicación resulte clara y útil para ti"", ""Educación: aprender más sobre la imagen"", ""el problema o el funcionamiento del sistema""]",,,Animales salvajes,,,,,Anchor,Grad-CAM,IG,LIME,Saliency,
C0211,U020,2,img_02,Opción A,4,5,5,4.666666666666667,35–44,Doctorado,"Investigador/a (académico), Docente / profesor/a",3,3,Media: explicación breve con algo de detalle,"Intermedio: algunos términos técnicos, pero fáciles de seguir",Texto detallado + imagen,Alto: el error podría tener consecuencias importantes,"Explicaciones centradas en atributos o características concretas, Explicaciones basadas en reglas o razonamientos paso a paso, Explicaciones visuales (zonas destacadas en la imagen)","Transparencia: entender por qué el sistema tomó esa decisión, Confianza: sentir mayor seguridad en la respuesta del sistema, Satisfacción: que la explicación resulte clara y útil para ti, Educación: aprender más sobre la imagen, el problema o el funcionamiento del sistema",2,2026-04-06 15:21:08.161,"[""Investigador/a (académico)"", ""Docente / profesor/a""]","3 Nivel usuario: la he usado alguna vez y entiendo conceptos básicos (modelo, datos, entrenamiento) sin detalle técnico.","Nivel usuario: la he usado alguna vez y entiendo conceptos básicos (modelo, datos, entrenamiento) sin detalle técnico.",3 Intermedio: suelo identificar bastantes y entiendo rasgos/hábitats generales.,Intermedio: suelo identificar bastantes y entiendo rasgos/hábitats generales.,"[""Explicaciones centradas en atributos o características concretas"", ""Explicaciones basadas en reglas o razonamientos paso a paso"", ""Explicaciones visuales (zonas destacadas en la imagen)""]","[""Transparencia: entender por qué el sistema tomó esa decisión"", ""Confianza: sentir mayor seguridad en la respuesta del sistema"", ""Satisfacción: que la explicación resulte clara y útil para ti"", ""Educación: aprender más sobre la imagen"", ""el problema o el funcionamiento del sistema""]",,,Animales salvajes,,,,,Anchor,Grad-CAM,IG,LIME,Saliency,
C0212,U020,3,img_03,Opción E,3,3,3,3.0,35–44,Doctorado,"Investigador/a (académico), Docente / profesor/a",3,3,Media: explicación breve con algo de detalle,"Intermedio: algunos términos técnicos, pero fáciles de seguir",Texto detallado + imagen,Alto: el error podría tener consecuencias importantes,"Explicaciones centradas en atributos o características concretas, Explicaciones basadas en reglas o razonamientos paso a paso, Explicaciones visuales (zonas destacadas en la imagen)","Transparencia: entender por qué el sistema tomó esa decisión, Confianza: sentir mayor seguridad en la respuesta del sistema, Satisfacción: que la explicación resulte clara y útil para ti, Educación: aprender más sobre la imagen, el problema o el funcionamiento del sistema",3,2026-04-06 15:21:08.161,"[""Investigador/a (académico)"", ""Docente / profesor/a""]","3 Nivel usuario: la he usado alguna vez y entiendo conceptos básicos (modelo, datos, entrenamiento) sin detalle técnico.","Nivel usuario: la he usado alguna vez y entiendo conceptos básicos (modelo, datos, entrenamiento) sin detalle técnico.",3 Intermedio: suelo identificar bastantes y entiendo rasgos/hábitats generales.,Intermedio: suelo identificar bastantes y entiendo rasgos/hábitats generales.,"[""Explicaciones centradas en atributos o características concretas"", ""Explicaciones basadas en reglas o razonamientos paso a paso"", ""Explicaciones visuales (zonas destacadas en la imagen)""]","[""Transparencia: entender por qué el sistema tomó esa decisión"", ""Confianza: sentir mayor seguridad en la respuesta del sistema"", ""Satisfacción: que la explicación resulte clara y útil para ti"", ""Educación: aprender más sobre la imagen"", ""el problema o el funcionamiento del sistema""]",,,Animales salvajes,,,,,Anchor,Grad-CAM,IG,LIME,Saliency,
C0213,U020,4,img_04,Opción A,3,4,3,3.3333333333333335,35–44,Doctorado,"Investigador/a (académico), Docente / profesor/a",3,3,Media: explicación breve con algo de detalle,"Intermedio: algunos términos técnicos, pero fáciles de seguir",Texto detallado + imagen,Alto: el error podría tener consecuencias importantes,"Explicaciones centradas en atributos o características concretas, Explicaciones basadas en reglas o razonamientos paso a paso, Explicaciones visuales (zonas destacadas en la imagen)","Transparencia: entender por qué el sistema tomó esa decisión, Confianza: sentir mayor seguridad en la respuesta del sistema, Satisfacción: que la explicación resulte clara y útil para ti, Educación: aprender más sobre la imagen, el problema o el funcionamiento del sistema",4,2026-04-06 15:21:08.161,"[""Investigador/a (académico)"", ""Docente / profesor/a""]","3 Nivel usuario: la he usado alguna vez y entiendo conceptos básicos (modelo, datos, entrenamiento) sin detalle técnico.","Nivel usuario: la he usado alguna vez y entiendo conceptos básicos (modelo, datos, entrenamiento) sin detalle técnico.",3 Intermedio: suelo identificar bastantes y entiendo rasgos/hábitats generales.,Intermedio: suelo identificar bastantes y entiendo rasgos/hábitats generales.,"[""Explicaciones centradas en atributos o características concretas"", ""Explicaciones basadas en reglas o razonamientos paso a paso"", ""Explicaciones visuales (zonas destacadas en la imagen)""]","[""Transparencia: entender por qué el sistema tomó esa decisión"", ""Confianza: sentir mayor seguridad en la respuesta del sistema"", ""Satisfacción: que la explicación resulte clara y útil para ti"", ""Educación: aprender más sobre la imagen"", ""el problema o el funcionamiento del sistema""]",,,Animales salvajes,,,,,Anchor,Grad-CAM,IG,LIME,Saliency,
C0214,U020,5,img_05,Opción F (Ninguna),1,1,1,1.0,35–44,Doctorado,"Investigador/a (académico), Docente / profesor/a",3,3,Media: explicación breve con algo de detalle,"Intermedio: algunos términos técnicos, pero fáciles de seguir",Texto detallado + imagen,Alto: el error podría tener consecuencias importantes,"Explicaciones centradas en atributos o características concretas, Explicaciones basadas en reglas o razonamientos paso a paso, Explicaciones visuales (zonas destacadas en la imagen)","Transparencia: entender por qué el sistema tomó esa decisión, Confianza: sentir mayor seguridad en la respuesta del sistema, Satisfacción: que la explicación resulte clara y útil para ti, Educación: aprender más sobre la imagen, el problema o el funcionamiento del sistema",5,2026-04-06 15:21:08.161,"[""Investigador/a (académico)"", ""Docente / profesor/a""]","3 Nivel usuario: la he usado alguna vez y entiendo conceptos básicos (modelo, datos, entrenamiento) sin detalle técnico.","Nivel usuario: la he usado alguna vez y entiendo conceptos básicos (modelo, datos, entrenamiento) sin detalle técnico.",3 Intermedio: suelo identificar bastantes y entiendo rasgos/hábitats generales.,Intermedio: suelo identificar bastantes y entiendo rasgos/hábitats generales.,"[""Explicaciones centradas en atributos o características concretas"", ""Explicaciones basadas en reglas o razonamientos paso a paso"", ""Explicaciones visuales (zonas destacadas en la imagen)""]","[""Transparencia: entender por qué el sistema tomó esa decisión"", ""Confianza: sentir mayor seguridad en la respuesta del sistema"", ""Satisfacción: que la explicación resulte clara y útil para ti"", ""Educación: aprender más sobre la imagen"", ""el problema o el funcionamiento del sistema""]",,,Animales salvajes,,,,,Anchor,Grad-CAM,IG,LIME,Saliency,
C0215,U020,6,img_06,Opción A,4,5,4,4.333333333333333,35–44,Doctorado,"Investigador/a (académico), Docente / profesor/a",3,3,Media: explicación breve con algo de detalle,"Intermedio: algunos términos técnicos, pero fáciles de seguir",Texto detallado + imagen,Alto: el error podría tener consecuencias importantes,"Explicaciones centradas en atributos o características concretas, Explicaciones basadas en reglas o razonamientos paso a paso, Explicaciones visuales (zonas destacadas en la imagen)","Transparencia: entender por qué el sistema tomó esa decisión, Confianza: sentir mayor seguridad en la respuesta del sistema, Satisfacción: que la explicación resulte clara y útil para ti, Educación: aprender más sobre la imagen, el problema o el funcionamiento del sistema",6,2026-04-06 15:21:08.161,"[""Investigador/a (académico)"", ""Docente / profesor/a""]","3 Nivel usuario: la he usado alguna vez y entiendo conceptos básicos (modelo, datos, entrenamiento) sin detalle técnico.","Nivel usuario: la he usado alguna vez y entiendo conceptos básicos (modelo, datos, entrenamiento) sin detalle técnico.",3 Intermedio: suelo identificar bastantes y entiendo rasgos/hábitats generales.,Intermedio: suelo identificar bastantes y entiendo rasgos/hábitats generales.,"[""Explicaciones centradas en atributos o características concretas"", ""Explicaciones basadas en reglas o razonamientos paso a paso"", ""Explicaciones visuales (zonas destacadas en la imagen)""]","[""Transparencia: entender por qué el sistema tomó esa decisión"", ""Confianza: sentir mayor seguridad en la respuesta del sistema"", ""Satisfacción: que la explicación resulte clara y útil para ti"", ""Educación: aprender más sobre la imagen"", ""el problema o el funcionamiento del sistema""]",,,Animales salvajes,,,,,Anchor,Grad-CAM,IG,LIME,Saliency,
C0216,U020,7,img_07,Opción A,4,5,4,4.333333333333333,35–44,Doctorado,"Investigador/a (académico), Docente / profesor/a",3,3,Media: explicación breve con algo de detalle,"Intermedio: algunos términos técnicos, pero fáciles de seguir",Texto detallado + imagen,Alto: el error podría tener consecuencias importantes,"Explicaciones centradas en atributos o características concretas, Explicaciones basadas en reglas o razonamientos paso a paso, Explicaciones visuales (zonas destacadas en la imagen)","Transparencia: entender por qué el sistema tomó esa decisión, Confianza: sentir mayor seguridad en la respuesta del sistema, Satisfacción: que la explicación resulte clara y útil para ti, Educación: aprender más sobre la imagen, el problema o el funcionamiento del sistema",7,2026-04-06 15:21:08.161,"[""Investigador/a (académico)"", ""Docente / profesor/a""]","3 Nivel usuario: la he usado alguna vez y entiendo conceptos básicos (modelo, datos, entrenamiento) sin detalle técnico.","Nivel usuario: la he usado alguna vez y entiendo conceptos básicos (modelo, datos, entrenamiento) sin detalle técnico.",3 Intermedio: suelo identificar bastantes y entiendo rasgos/hábitats generales.,Intermedio: suelo identificar bastantes y entiendo rasgos/hábitats generales.,"[""Explicaciones centradas en atributos o características concretas"", ""Explicaciones basadas en reglas o razonamientos paso a paso"", ""Explicaciones visuales (zonas destacadas en la imagen)""]","[""Transparencia: entender por qué el sistema tomó esa decisión"", ""Confianza: sentir mayor seguridad en la respuesta del sistema"", ""Satisfacción: que la explicación resulte clara y útil para ti"", ""Educación: aprender más sobre la imagen"", ""el problema o el funcionamiento del sistema""]",,,Animales salvajes,,,,,Anchor,Grad-CAM,IG,LIME,Saliency,
C0217,U020,8,img_08,Opción F (Ninguna),1,1,1,1.0,35–44,Doctorado,"Investigador/a (académico), Docente / profesor/a",3,3,Media: explicación breve con algo de detalle,"Intermedio: algunos términos técnicos, pero fáciles de seguir",Texto detallado + imagen,Alto: el error podría tener consecuencias importantes,"Explicaciones centradas en atributos o características concretas, Explicaciones basadas en reglas o razonamientos paso a paso, Explicaciones visuales (zonas destacadas en la imagen)","Transparencia: entender por qué el sistema tomó esa decisión, Confianza: sentir mayor seguridad en la respuesta del sistema, Satisfacción: que la explicación resulte clara y útil para ti, Educación: aprender más sobre la imagen, el problema o el funcionamiento del sistema",8,2026-04-06 15:21:08.161,"[""Investigador/a (académico)"", ""Docente / profesor/a""]","3 Nivel usuario: la he usado alguna vez y entiendo conceptos básicos (modelo, datos, entrenamiento) sin detalle técnico.","Nivel usuario: la he usado alguna vez y entiendo conceptos básicos (modelo, datos, entrenamiento) sin detalle técnico.",3 Intermedio: suelo identificar bastantes y entiendo rasgos/hábitats generales.,Intermedio: suelo identificar bastantes y entiendo rasgos/hábitats generales.,"[""Explicaciones centradas en atributos o características concretas"", ""Explicaciones basadas en reglas o razonamientos paso a paso"", ""Explicaciones visuales (zonas destacadas en la imagen)""]","[""Transparencia: entender por qué el sistema tomó esa decisión"", ""Confianza: sentir mayor seguridad en la respuesta del sistema"", ""Satisfacción: que la explicación resulte clara y útil para ti"", ""Educación: aprender más sobre la imagen"", ""el problema o el funcionamiento del sistema""]",,,Animales salvajes,,,,,Anchor,Grad-CAM,IG,LIME,Saliency,
C0218,U020,9,img_09,Opción E,3,4,3,3.3333333333333335,35–44,Doctorado,"Investigador/a (académico), Docente / profesor/a",3,3,Media: explicación breve con algo de detalle,"Intermedio: algunos términos técnicos, pero fáciles de seguir",Texto detallado + imagen,Alto: el error podría tener consecuencias importantes,"Explicaciones centradas en atributos o características concretas, Explicaciones basadas en reglas o razonamientos paso a paso, Explicaciones visuales (zonas destacadas en la imagen)","Transparencia: entender por qué el sistema tomó esa decisión, Confianza: sentir mayor seguridad en la respuesta del sistema, Satisfacción: que la explicación resulte clara y útil para ti, Educación: aprender más sobre la imagen, el problema o el funcionamiento del sistema",9,2026-04-06 15:21:08.161,"[""Investigador/a (académico)"", ""Docente / profesor/a""]","3 Nivel usuario: la he usado alguna vez y entiendo conceptos básicos (modelo, datos, entrenamiento) sin detalle técnico.","Nivel usuario: la he usado alguna vez y entiendo conceptos básicos (modelo, datos, entrenamiento) sin detalle técnico.",3 Intermedio: suelo identificar bastantes y entiendo rasgos/hábitats generales.,Intermedio: suelo identificar bastantes y entiendo rasgos/hábitats generales.,"[""Explicaciones centradas en atributos o características concretas"", ""Explicaciones basadas en reglas o razonamientos paso a paso"", ""Explicaciones visuales (zonas destacadas en la imagen)""]","[""Transparencia: entender por qué el sistema tomó esa decisión"", ""Confianza: sentir mayor seguridad en la respuesta del sistema"", ""Satisfacción: que la explicación resulte clara y útil para ti"", ""Educación: aprender más sobre la imagen"", ""el problema o el funcionamiento del sistema""]",,,Animales salvajes,,,,,Anchor,Grad-CAM,IG,LIME,Saliency,
C0219,U020,10,img_10,Opción E,3,4,3,3.3333333333333335,35–44,Doctorado,"Investigador/a (académico), Docente / profesor/a",3,3,Media: explicación breve con algo de detalle,"Intermedio: algunos términos técnicos, pero fáciles de seguir",Texto detallado + imagen,Alto: el error podría tener consecuencias importantes,"Explicaciones centradas en atributos o características concretas, Explicaciones basadas en reglas o razonamientos paso a paso, Explicaciones visuales (zonas destacadas en la imagen)","Transparencia: entender por qué el sistema tomó esa decisión, Confianza: sentir mayor seguridad en la respuesta del sistema, Satisfacción: que la explicación resulte clara y útil para ti, Educación: aprender más sobre la imagen, el problema o el funcionamiento del sistema",10,2026-04-06 15:21:08.161,"[""Investigador/a (académico)"", ""Docente / profesor/a""]","3 Nivel usuario: la he usado alguna vez y entiendo conceptos básicos (modelo, datos, entrenamiento) sin detalle técnico.","Nivel usuario: la he usado alguna vez y entiendo conceptos básicos (modelo, datos, entrenamiento) sin detalle técnico.",3 Intermedio: suelo identificar bastantes y entiendo rasgos/hábitats generales.,Intermedio: suelo identificar bastantes y entiendo rasgos/hábitats generales.,"[""Explicaciones centradas en atributos o características concretas"", ""Explicaciones basadas en reglas o razonamientos paso a paso"", ""Explicaciones visuales (zonas destacadas en la imagen)""]","[""Transparencia: entender por qué el sistema tomó esa decisión"", ""Confianza: sentir mayor seguridad en la respuesta del sistema"", ""Satisfacción: que la explicación resulte clara y útil para ti"", ""Educación: aprender más sobre la imagen"", ""el problema o el funcionamiento del sistema""]",,,Animales salvajes,,,,,Anchor,Grad-CAM,IG,LIME,Saliency,
C0220,U020,11,img_11,Opción E,3,4,3,3.3333333333333335,35–44,Doctorado,"Investigador/a (académico), Docente / profesor/a",3,3,Media: explicación breve con algo de detalle,"Intermedio: algunos términos técnicos, pero fáciles de seguir",Texto detallado + imagen,Alto: el error podría tener consecuencias importantes,"Explicaciones centradas en atributos o características concretas, Explicaciones basadas en reglas o razonamientos paso a paso, Explicaciones visuales (zonas destacadas en la imagen)","Transparencia: entender por qué el sistema tomó esa decisión, Confianza: sentir mayor seguridad en la respuesta del sistema, Satisfacción: que la explicación resulte clara y útil para ti, Educación: aprender más sobre la imagen, el problema o el funcionamiento del sistema",11,2026-04-06 15:21:08.161,"[""Investigador/a (académico)"", ""Docente / profesor/a""]","3 Nivel usuario: la he usado alguna vez y entiendo conceptos básicos (modelo, datos, entrenamiento) sin detalle técnico.","Nivel usuario: la he usado alguna vez y entiendo conceptos básicos (modelo, datos, entrenamiento) sin detalle técnico.",3 Intermedio: suelo identificar bastantes y entiendo rasgos/hábitats generales.,Intermedio: suelo identificar bastantes y entiendo rasgos/hábitats generales.,"[""Explicaciones centradas en atributos o características concretas"", ""Explicaciones basadas en reglas o razonamientos paso a paso"", ""Explicaciones visuales (zonas destacadas en la imagen)""]","[""Transparencia: entender por qué el sistema tomó esa decisión"", ""Confianza: sentir mayor seguridad en la respuesta del sistema"", ""Satisfacción: que la explicación resulte clara y útil para ti"", ""Educación: aprender más sobre la imagen"", ""el problema o el funcionamiento del sistema""]",,,Animales salvajes,,,,,Anchor,Grad-CAM,IG,LIME,Saliency,
C0221,U021,1,img_01,Opción B,4,4,4,4.0,18–24,Grado,Investigador/a (académico),4,2,Media: explicación breve con algo de detalle,"Intermedio: algunos términos técnicos, pero fáciles de seguir",Texto breve + imagen,Alto: el error podría tener consecuencias importantes,"Explicaciones centradas en atributos o características concretas, Explicaciones visuales (zonas destacadas en la imagen)","Transparencia: entender por qué el sistema tomó esa decisión, Eficiencia: comprender la respuesta de forma rápida, Efectividad: recibir una explicación útil para realizar mejor la tarea, Detección de errores(Debugging): detectar fallos, errores o comportamientos inesperados del sistema",1,2026-04-06 18:37:28.876,"[""Investigador/a (académico)""]","4 Nivel técnico: he estudiado IA/ML o he hecho proyectos; entiendo métricas, redes neuronales, overfitting, etc.","Nivel técnico: he estudiado IA/ML o he hecho proyectos; entiendo métricas, redes neuronales, overfitting, etc.","2 Básico: reconozco animales comunes (león, elefante…), poco más.","Básico: reconozco animales comunes (león, elefante…), poco más.","[""Explicaciones centradas en atributos o características concretas"", ""Explicaciones visuales (zonas destacadas en la imagen)""]","[""Transparencia: entender por qué el sistema tomó esa decisión"", ""Eficiencia: comprender la respuesta de forma rápida"", ""Efectividad: recibir una explicación útil para realizar mejor la tarea"", ""Detección de errores(Debugging): detectar fallos"", ""errores o comportamientos inesperados del sistema""]","Estaría bien en algunos casos de las imágenes poder elegir más de una. En mi caso en la mayoría de ocasiones estaba entre elegir la opción B de mapa de calor y la opción E porque mostraban más claramente/acertadamente que zona era más importante o donde hay que poner el ""foco"" por decirlo de alguna manera, mientras que al solo poner una tenia que decantarme.",,Animales salvajes,,,,,Anchor,Grad-CAM,IG,LIME,Saliency,
C0222,U021,2,img_02,Opción B,4,4,4,4.0,18–24,Grado,Investigador/a (académico),4,2,Media: explicación breve con algo de detalle,"Intermedio: algunos términos técnicos, pero fáciles de seguir",Texto breve + imagen,Alto: el error podría tener consecuencias importantes,"Explicaciones centradas en atributos o características concretas, Explicaciones visuales (zonas destacadas en la imagen)","Transparencia: entender por qué el sistema tomó esa decisión, Eficiencia: comprender la respuesta de forma rápida, Efectividad: recibir una explicación útil para realizar mejor la tarea, Detección de errores(Debugging): detectar fallos, errores o comportamientos inesperados del sistema",2,2026-04-06 18:37:28.876,"[""Investigador/a (académico)""]","4 Nivel técnico: he estudiado IA/ML o he hecho proyectos; entiendo métricas, redes neuronales, overfitting, etc.","Nivel técnico: he estudiado IA/ML o he hecho proyectos; entiendo métricas, redes neuronales, overfitting, etc.","2 Básico: reconozco animales comunes (león, elefante…), poco más.","Básico: reconozco animales comunes (león, elefante…), poco más.","[""Explicaciones centradas en atributos o características concretas"", ""Explicaciones visuales (zonas destacadas en la imagen)""]","[""Transparencia: entender por qué el sistema tomó esa decisión"", ""Eficiencia: comprender la respuesta de forma rápida"", ""Efectividad: recibir una explicación útil para realizar mejor la tarea"", ""Detección de errores(Debugging): detectar fallos"", ""errores o comportamientos inesperados del sistema""]","Estaría bien en algunos casos de las imágenes poder elegir más de una. En mi caso en la mayoría de ocasiones estaba entre elegir la opción B de mapa de calor y la opción E porque mostraban más claramente/acertadamente que zona era más importante o donde hay que poner el ""foco"" por decirlo de alguna manera, mientras que al solo poner una tenia que decantarme.",,Animales salvajes,,,,,Anchor,Grad-CAM,IG,LIME,Saliency,
C0223,U021,3,img_03,Opción A,3,4,3,3.3333333333333335,18–24,Grado,Investigador/a (académico),4,2,Media: explicación breve con algo de detalle,"Intermedio: algunos términos técnicos, pero fáciles de seguir",Texto breve + imagen,Alto: el error podría tener consecuencias importantes,"Explicaciones centradas en atributos o características concretas, Explicaciones visuales (zonas destacadas en la imagen)","Transparencia: entender por qué el sistema tomó esa decisión, Eficiencia: comprender la respuesta de forma rápida, Efectividad: recibir una explicación útil para realizar mejor la tarea, Detección de errores(Debugging): detectar fallos, errores o comportamientos inesperados del sistema",3,2026-04-06 18:37:28.876,"[""Investigador/a (académico)""]","4 Nivel técnico: he estudiado IA/ML o he hecho proyectos; entiendo métricas, redes neuronales, overfitting, etc.","Nivel técnico: he estudiado IA/ML o he hecho proyectos; entiendo métricas, redes neuronales, overfitting, etc.","2 Básico: reconozco animales comunes (león, elefante…), poco más.","Básico: reconozco animales comunes (león, elefante…), poco más.","[""Explicaciones centradas en atributos o características concretas"", ""Explicaciones visuales (zonas destacadas en la imagen)""]","[""Transparencia: entender por qué el sistema tomó esa decisión"", ""Eficiencia: comprender la respuesta de forma rápida"", ""Efectividad: recibir una explicación útil para realizar mejor la tarea"", ""Detección de errores(Debugging): detectar fallos"", ""errores o comportamientos inesperados del sistema""]","Estaría bien en algunos casos de las imágenes poder elegir más de una. En mi caso en la mayoría de ocasiones estaba entre elegir la opción B de mapa de calor y la opción E porque mostraban más claramente/acertadamente que zona era más importante o donde hay que poner el ""foco"" por decirlo de alguna manera, mientras que al solo poner una tenia que decantarme.",,Animales salvajes,,,,,Anchor,Grad-CAM,IG,LIME,Saliency,
C0224,U021,4,img_04,Opción E,4,4,4,4.0,18–24,Grado,Investigador/a (académico),4,2,Media: explicación breve con algo de detalle,"Intermedio: algunos términos técnicos, pero fáciles de seguir",Texto breve + imagen,Alto: el error podría tener consecuencias importantes,"Explicaciones centradas en atributos o características concretas, Explicaciones visuales (zonas destacadas en la imagen)","Transparencia: entender por qué el sistema tomó esa decisión, Eficiencia: comprender la respuesta de forma rápida, Efectividad: recibir una explicación útil para realizar mejor la tarea, Detección de errores(Debugging): detectar fallos, errores o comportamientos inesperados del sistema",4,2026-04-06 18:37:28.876,"[""Investigador/a (académico)""]","4 Nivel técnico: he estudiado IA/ML o he hecho proyectos; entiendo métricas, redes neuronales, overfitting, etc.","Nivel técnico: he estudiado IA/ML o he hecho proyectos; entiendo métricas, redes neuronales, overfitting, etc.","2 Básico: reconozco animales comunes (león, elefante…), poco más.","Básico: reconozco animales comunes (león, elefante…), poco más.","[""Explicaciones centradas en atributos o características concretas"", ""Explicaciones visuales (zonas destacadas en la imagen)""]","[""Transparencia: entender por qué el sistema tomó esa decisión"", ""Eficiencia: comprender la respuesta de forma rápida"", ""Efectividad: recibir una explicación útil para realizar mejor la tarea"", ""Detección de errores(Debugging): detectar fallos"", ""errores o comportamientos inesperados del sistema""]","Estaría bien en algunos casos de las imágenes poder elegir más de una. En mi caso en la mayoría de ocasiones estaba entre elegir la opción B de mapa de calor y la opción E porque mostraban más claramente/acertadamente que zona era más importante o donde hay que poner el ""foco"" por decirlo de alguna manera, mientras que al solo poner una tenia que decantarme.",,Animales salvajes,,,,,Anchor,Grad-CAM,IG,LIME,Saliency,
C0225,U021,5,img_05,Opción F (Ninguna),1,1,1,1.0,18–24,Grado,Investigador/a (académico),4,2,Media: explicación breve con algo de detalle,"Intermedio: algunos términos técnicos, pero fáciles de seguir",Texto breve + imagen,Alto: el error podría tener consecuencias importantes,"Explicaciones centradas en atributos o características concretas, Explicaciones visuales (zonas destacadas en la imagen)","Transparencia: entender por qué el sistema tomó esa decisión, Eficiencia: comprender la respuesta de forma rápida, Efectividad: recibir una explicación útil para realizar mejor la tarea, Detección de errores(Debugging): detectar fallos, errores o comportamientos inesperados del sistema",5,2026-04-06 18:37:28.876,"[""Investigador/a (académico)""]","4 Nivel técnico: he estudiado IA/ML o he hecho proyectos; entiendo métricas, redes neuronales, overfitting, etc.","Nivel técnico: he estudiado IA/ML o he hecho proyectos; entiendo métricas, redes neuronales, overfitting, etc.","2 Básico: reconozco animales comunes (león, elefante…), poco más.","Básico: reconozco animales comunes (león, elefante…), poco más.","[""Explicaciones centradas en atributos o características concretas"", ""Explicaciones visuales (zonas destacadas en la imagen)""]","[""Transparencia: entender por qué el sistema tomó esa decisión"", ""Eficiencia: comprender la respuesta de forma rápida"", ""Efectividad: recibir una explicación útil para realizar mejor la tarea"", ""Detección de errores(Debugging): detectar fallos"", ""errores o comportamientos inesperados del sistema""]","Estaría bien en algunos casos de las imágenes poder elegir más de una. En mi caso en la mayoría de ocasiones estaba entre elegir la opción B de mapa de calor y la opción E porque mostraban más claramente/acertadamente que zona era más importante o donde hay que poner el ""foco"" por decirlo de alguna manera, mientras que al solo poner una tenia que decantarme.",,Animales salvajes,,,,,Anchor,Grad-CAM,IG,LIME,Saliency,
C0226,U021,6,img_06,Opción A,4,4,4,4.0,18–24,Grado,Investigador/a (académico),4,2,Media: explicación breve con algo de detalle,"Intermedio: algunos términos técnicos, pero fáciles de seguir",Texto breve + imagen,Alto: el error podría tener consecuencias importantes,"Explicaciones centradas en atributos o características concretas, Explicaciones visuales (zonas destacadas en la imagen)","Transparencia: entender por qué el sistema tomó esa decisión, Eficiencia: comprender la respuesta de forma rápida, Efectividad: recibir una explicación útil para realizar mejor la tarea, Detección de errores(Debugging): detectar fallos, errores o comportamientos inesperados del sistema",6,2026-04-06 18:37:28.876,"[""Investigador/a (académico)""]","4 Nivel técnico: he estudiado IA/ML o he hecho proyectos; entiendo métricas, redes neuronales, overfitting, etc.","Nivel técnico: he estudiado IA/ML o he hecho proyectos; entiendo métricas, redes neuronales, overfitting, etc.","2 Básico: reconozco animales comunes (león, elefante…), poco más.","Básico: reconozco animales comunes (león, elefante…), poco más.","[""Explicaciones centradas en atributos o características concretas"", ""Explicaciones visuales (zonas destacadas en la imagen)""]","[""Transparencia: entender por qué el sistema tomó esa decisión"", ""Eficiencia: comprender la respuesta de forma rápida"", ""Efectividad: recibir una explicación útil para realizar mejor la tarea"", ""Detección de errores(Debugging): detectar fallos"", ""errores o comportamientos inesperados del sistema""]","Estaría bien en algunos casos de las imágenes poder elegir más de una. En mi caso en la mayoría de ocasiones estaba entre elegir la opción B de mapa de calor y la opción E porque mostraban más claramente/acertadamente que zona era más importante o donde hay que poner el ""foco"" por decirlo de alguna manera, mientras que al solo poner una tenia que decantarme.",,Animales salvajes,,,,,Anchor,Grad-CAM,IG,LIME,Saliency,
C0227,U021,7,img_07,Opción B,3,4,3,3.3333333333333335,18–24,Grado,Investigador/a (académico),4,2,Media: explicación breve con algo de detalle,"Intermedio: algunos términos técnicos, pero fáciles de seguir",Texto breve + imagen,Alto: el error podría tener consecuencias importantes,"Explicaciones centradas en atributos o características concretas, Explicaciones visuales (zonas destacadas en la imagen)","Transparencia: entender por qué el sistema tomó esa decisión, Eficiencia: comprender la respuesta de forma rápida, Efectividad: recibir una explicación útil para realizar mejor la tarea, Detección de errores(Debugging): detectar fallos, errores o comportamientos inesperados del sistema",7,2026-04-06 18:37:28.876,"[""Investigador/a (académico)""]","4 Nivel técnico: he estudiado IA/ML o he hecho proyectos; entiendo métricas, redes neuronales, overfitting, etc.","Nivel técnico: he estudiado IA/ML o he hecho proyectos; entiendo métricas, redes neuronales, overfitting, etc.","2 Básico: reconozco animales comunes (león, elefante…), poco más.","Básico: reconozco animales comunes (león, elefante…), poco más.","[""Explicaciones centradas en atributos o características concretas"", ""Explicaciones visuales (zonas destacadas en la imagen)""]","[""Transparencia: entender por qué el sistema tomó esa decisión"", ""Eficiencia: comprender la respuesta de forma rápida"", ""Efectividad: recibir una explicación útil para realizar mejor la tarea"", ""Detección de errores(Debugging): detectar fallos"", ""errores o comportamientos inesperados del sistema""]","Estaría bien en algunos casos de las imágenes poder elegir más de una. En mi caso en la mayoría de ocasiones estaba entre elegir la opción B de mapa de calor y la opción E porque mostraban más claramente/acertadamente que zona era más importante o donde hay que poner el ""foco"" por decirlo de alguna manera, mientras que al solo poner una tenia que decantarme.",,Animales salvajes,,,,,Anchor,Grad-CAM,IG,LIME,Saliency,
C0228,U021,8,img_08,Opción B,4,4,4,4.0,18–24,Grado,Investigador/a (académico),4,2,Media: explicación breve con algo de detalle,"Intermedio: algunos términos técnicos, pero fáciles de seguir",Texto breve + imagen,Alto: el error podría tener consecuencias importantes,"Explicaciones centradas en atributos o características concretas, Explicaciones visuales (zonas destacadas en la imagen)","Transparencia: entender por qué el sistema tomó esa decisión, Eficiencia: comprender la respuesta de forma rápida, Efectividad: recibir una explicación útil para realizar mejor la tarea, Detección de errores(Debugging): detectar fallos, errores o comportamientos inesperados del sistema",8,2026-04-06 18:37:28.876,"[""Investigador/a (académico)""]","4 Nivel técnico: he estudiado IA/ML o he hecho proyectos; entiendo métricas, redes neuronales, overfitting, etc.","Nivel técnico: he estudiado IA/ML o he hecho proyectos; entiendo métricas, redes neuronales, overfitting, etc.","2 Básico: reconozco animales comunes (león, elefante…), poco más.","Básico: reconozco animales comunes (león, elefante…), poco más.","[""Explicaciones centradas en atributos o características concretas"", ""Explicaciones visuales (zonas destacadas en la imagen)""]","[""Transparencia: entender por qué el sistema tomó esa decisión"", ""Eficiencia: comprender la respuesta de forma rápida"", ""Efectividad: recibir una explicación útil para realizar mejor la tarea"", ""Detección de errores(Debugging): detectar fallos"", ""errores o comportamientos inesperados del sistema""]","Estaría bien en algunos casos de las imágenes poder elegir más de una. En mi caso en la mayoría de ocasiones estaba entre elegir la opción B de mapa de calor y la opción E porque mostraban más claramente/acertadamente que zona era más importante o donde hay que poner el ""foco"" por decirlo de alguna manera, mientras que al solo poner una tenia que decantarme.",,Animales salvajes,,,,,Anchor,Grad-CAM,IG,LIME,Saliency,
C0229,U021,9,img_09,Opción E,4,4,4,4.0,18–24,Grado,Investigador/a (académico),4,2,Media: explicación breve con algo de detalle,"Intermedio: algunos términos técnicos, pero fáciles de seguir",Texto breve + imagen,Alto: el error podría tener consecuencias importantes,"Explicaciones centradas en atributos o características concretas, Explicaciones visuales (zonas destacadas en la imagen)","Transparencia: entender por qué el sistema tomó esa decisión, Eficiencia: comprender la respuesta de forma rápida, Efectividad: recibir una explicación útil para realizar mejor la tarea, Detección de errores(Debugging): detectar fallos, errores o comportamientos inesperados del sistema",9,2026-04-06 18:37:28.876,"[""Investigador/a (académico)""]","4 Nivel técnico: he estudiado IA/ML o he hecho proyectos; entiendo métricas, redes neuronales, overfitting, etc.","Nivel técnico: he estudiado IA/ML o he hecho proyectos; entiendo métricas, redes neuronales, overfitting, etc.","2 Básico: reconozco animales comunes (león, elefante…), poco más.","Básico: reconozco animales comunes (león, elefante…), poco más.","[""Explicaciones centradas en atributos o características concretas"", ""Explicaciones visuales (zonas destacadas en la imagen)""]","[""Transparencia: entender por qué el sistema tomó esa decisión"", ""Eficiencia: comprender la respuesta de forma rápida"", ""Efectividad: recibir una explicación útil para realizar mejor la tarea"", ""Detección de errores(Debugging): detectar fallos"", ""errores o comportamientos inesperados del sistema""]","Estaría bien en algunos casos de las imágenes poder elegir más de una. En mi caso en la mayoría de ocasiones estaba entre elegir la opción B de mapa de calor y la opción E porque mostraban más claramente/acertadamente que zona era más importante o donde hay que poner el ""foco"" por decirlo de alguna manera, mientras que al solo poner una tenia que decantarme.",,Animales salvajes,,,,,Anchor,Grad-CAM,IG,LIME,Saliency,
C0230,U021,10,img_10,Opción B,4,4,4,4.0,18–24,Grado,Investigador/a (académico),4,2,Media: explicación breve con algo de detalle,"Intermedio: algunos términos técnicos, pero fáciles de seguir",Texto breve + imagen,Alto: el error podría tener consecuencias importantes,"Explicaciones centradas en atributos o características concretas, Explicaciones visuales (zonas destacadas en la imagen)","Transparencia: entender por qué el sistema tomó esa decisión, Eficiencia: comprender la respuesta de forma rápida, Efectividad: recibir una explicación útil para realizar mejor la tarea, Detección de errores(Debugging): detectar fallos, errores o comportamientos inesperados del sistema",10,2026-04-06 18:37:28.876,"[""Investigador/a (académico)""]","4 Nivel técnico: he estudiado IA/ML o he hecho proyectos; entiendo métricas, redes neuronales, overfitting, etc.","Nivel técnico: he estudiado IA/ML o he hecho proyectos; entiendo métricas, redes neuronales, overfitting, etc.","2 Básico: reconozco animales comunes (león, elefante…), poco más.","Básico: reconozco animales comunes (león, elefante…), poco más.","[""Explicaciones centradas en atributos o características concretas"", ""Explicaciones visuales (zonas destacadas en la imagen)""]","[""Transparencia: entender por qué el sistema tomó esa decisión"", ""Eficiencia: comprender la respuesta de forma rápida"", ""Efectividad: recibir una explicación útil para realizar mejor la tarea"", ""Detección de errores(Debugging): detectar fallos"", ""errores o comportamientos inesperados del sistema""]","Estaría bien en algunos casos de las imágenes poder elegir más de una. En mi caso en la mayoría de ocasiones estaba entre elegir la opción B de mapa de calor y la opción E porque mostraban más claramente/acertadamente que zona era más importante o donde hay que poner el ""foco"" por decirlo de alguna manera, mientras que al solo poner una tenia que decantarme.",,Animales salvajes,,,,,Anchor,Grad-CAM,IG,LIME,Saliency,
C0231,U021,11,img_11,Opción B,4,4,4,4.0,18–24,Grado,Investigador/a (académico),4,2,Media: explicación breve con algo de detalle,"Intermedio: algunos términos técnicos, pero fáciles de seguir",Texto breve + imagen,Alto: el error podría tener consecuencias importantes,"Explicaciones centradas en atributos o características concretas, Explicaciones visuales (zonas destacadas en la imagen)","Transparencia: entender por qué el sistema tomó esa decisión, Eficiencia: comprender la respuesta de forma rápida, Efectividad: recibir una explicación útil para realizar mejor la tarea, Detección de errores(Debugging): detectar fallos, errores o comportamientos inesperados del sistema",11,2026-04-06 18:37:28.876,"[""Investigador/a (académico)""]","4 Nivel técnico: he estudiado IA/ML o he hecho proyectos; entiendo métricas, redes neuronales, overfitting, etc.","Nivel técnico: he estudiado IA/ML o he hecho proyectos; entiendo métricas, redes neuronales, overfitting, etc.","2 Básico: reconozco animales comunes (león, elefante…), poco más.","Básico: reconozco animales comunes (león, elefante…), poco más.","[""Explicaciones centradas en atributos o características concretas"", ""Explicaciones visuales (zonas destacadas en la imagen)""]","[""Transparencia: entender por qué el sistema tomó esa decisión"", ""Eficiencia: comprender la respuesta de forma rápida"", ""Efectividad: recibir una explicación útil para realizar mejor la tarea"", ""Detección de errores(Debugging): detectar fallos"", ""errores o comportamientos inesperados del sistema""]","Estaría bien en algunos casos de las imágenes poder elegir más de una. En mi caso en la mayoría de ocasiones estaba entre elegir la opción B de mapa de calor y la opción E porque mostraban más claramente/acertadamente que zona era más importante o donde hay que poner el ""foco"" por decirlo de alguna manera, mientras que al solo poner una tenia que decantarme.",,Animales salvajes,,,,,Anchor,Grad-CAM,IG,LIME,Saliency,
C0232,U022,1,img_01,Opción B,4,4,4,4.0,25–34,Master,Profesional del sector tecnológico / IA / datos,3,4,Media: explicación breve con algo de detalle,"Intermedio: algunos términos técnicos, pero fáciles de seguir",Texto breve + imagen,Medio: el error podría causar cierta confusión o problema,Explicaciones visuales (zonas destacadas en la imagen),"Eficiencia: comprender la respuesta de forma rápida, Efectividad: recibir una explicación útil para realizar mejor la tarea, Satisfacción: que la explicación resulte clara y útil para ti, Detección de errores(Debugging): detectar fallos, errores o comportamientos inesperados del sistema",1,2026-04-06 22:32:21.664,"[""Profesional del sector tecnológico / IA / datos""]","3 Nivel usuario: la he usado alguna vez y entiendo conceptos básicos (modelo, datos, entrenamiento) sin detalle técnico.","Nivel usuario: la he usado alguna vez y entiendo conceptos básicos (modelo, datos, entrenamiento) sin detalle técnico.","4 Alto: distingo especies similares y detalles (familias, comportamiento, hábitat).","Alto: distingo especies similares y detalles (familias, comportamiento, hábitat).","[""Explicaciones visuales (zonas destacadas en la imagen)""]","[""Eficiencia: comprender la respuesta de forma rápida"", ""Efectividad: recibir una explicación útil para realizar mejor la tarea"", ""Satisfacción: que la explicación resulte clara y útil para ti"", ""Detección de errores(Debugging): detectar fallos"", ""errores o comportamientos inesperados del sistema""]",,,Animales salvajes,,,,,Anchor,Grad-CAM,IG,LIME,Saliency,
C0233,U022,2,img_02,Opción B,5,5,5,5.0,25–34,Master,Profesional del sector tecnológico / IA / datos,3,4,Media: explicación breve con algo de detalle,"Intermedio: algunos términos técnicos, pero fáciles de seguir",Texto breve + imagen,Medio: el error podría causar cierta confusión o problema,Explicaciones visuales (zonas destacadas en la imagen),"Eficiencia: comprender la respuesta de forma rápida, Efectividad: recibir una explicación útil para realizar mejor la tarea, Satisfacción: que la explicación resulte clara y útil para ti, Detección de errores(Debugging): detectar fallos, errores o comportamientos inesperados del sistema",2,2026-04-06 22:32:21.664,"[""Profesional del sector tecnológico / IA / datos""]","3 Nivel usuario: la he usado alguna vez y entiendo conceptos básicos (modelo, datos, entrenamiento) sin detalle técnico.","Nivel usuario: la he usado alguna vez y entiendo conceptos básicos (modelo, datos, entrenamiento) sin detalle técnico.","4 Alto: distingo especies similares y detalles (familias, comportamiento, hábitat).","Alto: distingo especies similares y detalles (familias, comportamiento, hábitat).","[""Explicaciones visuales (zonas destacadas en la imagen)""]","[""Eficiencia: comprender la respuesta de forma rápida"", ""Efectividad: recibir una explicación útil para realizar mejor la tarea"", ""Satisfacción: que la explicación resulte clara y útil para ti"", ""Detección de errores(Debugging): detectar fallos"", ""errores o comportamientos inesperados del sistema""]",,,Animales salvajes,,,,,Anchor,Grad-CAM,IG,LIME,Saliency,
C0234,U022,3,img_03,Opción A,4,5,5,4.666666666666667,25–34,Master,Profesional del sector tecnológico / IA / datos,3,4,Media: explicación breve con algo de detalle,"Intermedio: algunos términos técnicos, pero fáciles de seguir",Texto breve + imagen,Medio: el error podría causar cierta confusión o problema,Explicaciones visuales (zonas destacadas en la imagen),"Eficiencia: comprender la respuesta de forma rápida, Efectividad: recibir una explicación útil para realizar mejor la tarea, Satisfacción: que la explicación resulte clara y útil para ti, Detección de errores(Debugging): detectar fallos, errores o comportamientos inesperados del sistema",3,2026-04-06 22:32:21.664,"[""Profesional del sector tecnológico / IA / datos""]","3 Nivel usuario: la he usado alguna vez y entiendo conceptos básicos (modelo, datos, entrenamiento) sin detalle técnico.","Nivel usuario: la he usado alguna vez y entiendo conceptos básicos (modelo, datos, entrenamiento) sin detalle técnico.","4 Alto: distingo especies similares y detalles (familias, comportamiento, hábitat).","Alto: distingo especies similares y detalles (familias, comportamiento, hábitat).","[""Explicaciones visuales (zonas destacadas en la imagen)""]","[""Eficiencia: comprender la respuesta de forma rápida"", ""Efectividad: recibir una explicación útil para realizar mejor la tarea"", ""Satisfacción: que la explicación resulte clara y útil para ti"", ""Detección de errores(Debugging): detectar fallos"", ""errores o comportamientos inesperados del sistema""]",,,Animales salvajes,,,,,Anchor,Grad-CAM,IG,LIME,Saliency,
C0235,U022,4,img_04,Opción C,5,5,5,5.0,25–34,Master,Profesional del sector tecnológico / IA / datos,3,4,Media: explicación breve con algo de detalle,"Intermedio: algunos términos técnicos, pero fáciles de seguir",Texto breve + imagen,Medio: el error podría causar cierta confusión o problema,Explicaciones visuales (zonas destacadas en la imagen),"Eficiencia: comprender la respuesta de forma rápida, Efectividad: recibir una explicación útil para realizar mejor la tarea, Satisfacción: que la explicación resulte clara y útil para ti, Detección de errores(Debugging): detectar fallos, errores o comportamientos inesperados del sistema",4,2026-04-06 22:32:21.664,"[""Profesional del sector tecnológico / IA / datos""]","3 Nivel usuario: la he usado alguna vez y entiendo conceptos básicos (modelo, datos, entrenamiento) sin detalle técnico.","Nivel usuario: la he usado alguna vez y entiendo conceptos básicos (modelo, datos, entrenamiento) sin detalle técnico.","4 Alto: distingo especies similares y detalles (familias, comportamiento, hábitat).","Alto: distingo especies similares y detalles (familias, comportamiento, hábitat).","[""Explicaciones visuales (zonas destacadas en la imagen)""]","[""Eficiencia: comprender la respuesta de forma rápida"", ""Efectividad: recibir una explicación útil para realizar mejor la tarea"", ""Satisfacción: que la explicación resulte clara y útil para ti"", ""Detección de errores(Debugging): detectar fallos"", ""errores o comportamientos inesperados del sistema""]",,,Animales salvajes,,,,,Anchor,Grad-CAM,IG,LIME,Saliency,
C0236,U022,5,img_05,Opción A,3,4,4,3.6666666666666665,25–34,Master,Profesional del sector tecnológico / IA / datos,3,4,Media: explicación breve con algo de detalle,"Intermedio: algunos términos técnicos, pero fáciles de seguir",Texto breve + imagen,Medio: el error podría causar cierta confusión o problema,Explicaciones visuales (zonas destacadas en la imagen),"Eficiencia: comprender la respuesta de forma rápida, Efectividad: recibir una explicación útil para realizar mejor la tarea, Satisfacción: que la explicación resulte clara y útil para ti, Detección de errores(Debugging): detectar fallos, errores o comportamientos inesperados del sistema",5,2026-04-06 22:32:21.664,"[""Profesional del sector tecnológico / IA / datos""]","3 Nivel usuario: la he usado alguna vez y entiendo conceptos básicos (modelo, datos, entrenamiento) sin detalle técnico.","Nivel usuario: la he usado alguna vez y entiendo conceptos básicos (modelo, datos, entrenamiento) sin detalle técnico.","4 Alto: distingo especies similares y detalles (familias, comportamiento, hábitat).","Alto: distingo especies similares y detalles (familias, comportamiento, hábitat).","[""Explicaciones visuales (zonas destacadas en la imagen)""]","[""Eficiencia: comprender la respuesta de forma rápida"", ""Efectividad: recibir una explicación útil para realizar mejor la tarea"", ""Satisfacción: que la explicación resulte clara y útil para ti"", ""Detección de errores(Debugging): detectar fallos"", ""errores o comportamientos inesperados del sistema""]",,,Animales salvajes,,,,,Anchor,Grad-CAM,IG,LIME,Saliency,
C0237,U022,6,img_06,Opción A,4,5,5,4.666666666666667,25–34,Master,Profesional del sector tecnológico / IA / datos,3,4,Media: explicación breve con algo de detalle,"Intermedio: algunos términos técnicos, pero fáciles de seguir",Texto breve + imagen,Medio: el error podría causar cierta confusión o problema,Explicaciones visuales (zonas destacadas en la imagen),"Eficiencia: comprender la respuesta de forma rápida, Efectividad: recibir una explicación útil para realizar mejor la tarea, Satisfacción: que la explicación resulte clara y útil para ti, Detección de errores(Debugging): detectar fallos, errores o comportamientos inesperados del sistema",6,2026-04-06 22:32:21.664,"[""Profesional del sector tecnológico / IA / datos""]","3 Nivel usuario: la he usado alguna vez y entiendo conceptos básicos (modelo, datos, entrenamiento) sin detalle técnico.","Nivel usuario: la he usado alguna vez y entiendo conceptos básicos (modelo, datos, entrenamiento) sin detalle técnico.","4 Alto: distingo especies similares y detalles (familias, comportamiento, hábitat).","Alto: distingo especies similares y detalles (familias, comportamiento, hábitat).","[""Explicaciones visuales (zonas destacadas en la imagen)""]","[""Eficiencia: comprender la respuesta de forma rápida"", ""Efectividad: recibir una explicación útil para realizar mejor la tarea"", ""Satisfacción: que la explicación resulte clara y útil para ti"", ""Detección de errores(Debugging): detectar fallos"", ""errores o comportamientos inesperados del sistema""]",,,Animales salvajes,,,,,Anchor,Grad-CAM,IG,LIME,Saliency,
C0238,U022,7,img_07,Opción E,4,4,4,4.0,25–34,Master,Profesional del sector tecnológico / IA / datos,3,4,Media: explicación breve con algo de detalle,"Intermedio: algunos términos técnicos, pero fáciles de seguir",Texto breve + imagen,Medio: el error podría causar cierta confusión o problema,Explicaciones visuales (zonas destacadas en la imagen),"Eficiencia: comprender la respuesta de forma rápida, Efectividad: recibir una explicación útil para realizar mejor la tarea, Satisfacción: que la explicación resulte clara y útil para ti, Detección de errores(Debugging): detectar fallos, errores o comportamientos inesperados del sistema",7,2026-04-06 22:32:21.664,"[""Profesional del sector tecnológico / IA / datos""]","3 Nivel usuario: la he usado alguna vez y entiendo conceptos básicos (modelo, datos, entrenamiento) sin detalle técnico.","Nivel usuario: la he usado alguna vez y entiendo conceptos básicos (modelo, datos, entrenamiento) sin detalle técnico.","4 Alto: distingo especies similares y detalles (familias, comportamiento, hábitat).","Alto: distingo especies similares y detalles (familias, comportamiento, hábitat).","[""Explicaciones visuales (zonas destacadas en la imagen)""]","[""Eficiencia: comprender la respuesta de forma rápida"", ""Efectividad: recibir una explicación útil para realizar mejor la tarea"", ""Satisfacción: que la explicación resulte clara y útil para ti"", ""Detección de errores(Debugging): detectar fallos"", ""errores o comportamientos inesperados del sistema""]",,,Animales salvajes,,,,,Anchor,Grad-CAM,IG,LIME,Saliency,
C0239,U022,8,img_08,Opción C,4,4,4,4.0,25–34,Master,Profesional del sector tecnológico / IA / datos,3,4,Media: explicación breve con algo de detalle,"Intermedio: algunos términos técnicos, pero fáciles de seguir",Texto breve + imagen,Medio: el error podría causar cierta confusión o problema,Explicaciones visuales (zonas destacadas en la imagen),"Eficiencia: comprender la respuesta de forma rápida, Efectividad: recibir una explicación útil para realizar mejor la tarea, Satisfacción: que la explicación resulte clara y útil para ti, Detección de errores(Debugging): detectar fallos, errores o comportamientos inesperados del sistema",8,2026-04-06 22:32:21.664,"[""Profesional del sector tecnológico / IA / datos""]","3 Nivel usuario: la he usado alguna vez y entiendo conceptos básicos (modelo, datos, entrenamiento) sin detalle técnico.","Nivel usuario: la he usado alguna vez y entiendo conceptos básicos (modelo, datos, entrenamiento) sin detalle técnico.","4 Alto: distingo especies similares y detalles (familias, comportamiento, hábitat).","Alto: distingo especies similares y detalles (familias, comportamiento, hábitat).","[""Explicaciones visuales (zonas destacadas en la imagen)""]","[""Eficiencia: comprender la respuesta de forma rápida"", ""Efectividad: recibir una explicación útil para realizar mejor la tarea"", ""Satisfacción: que la explicación resulte clara y útil para ti"", ""Detección de errores(Debugging): detectar fallos"", ""errores o comportamientos inesperados del sistema""]",,,Animales salvajes,,,,,Anchor,Grad-CAM,IG,LIME,Saliency,
C0240,U022,9,img_09,Opción F (Ninguna),2,2,3,2.3333333333333335,25–34,Master,Profesional del sector tecnológico / IA / datos,3,4,Media: explicación breve con algo de detalle,"Intermedio: algunos términos técnicos, pero fáciles de seguir",Texto breve + imagen,Medio: el error podría causar cierta confusión o problema,Explicaciones visuales (zonas destacadas en la imagen),"Eficiencia: comprender la respuesta de forma rápida, Efectividad: recibir una explicación útil para realizar mejor la tarea, Satisfacción: que la explicación resulte clara y útil para ti, Detección de errores(Debugging): detectar fallos, errores o comportamientos inesperados del sistema",9,2026-04-06 22:32:21.664,"[""Profesional del sector tecnológico / IA / datos""]","3 Nivel usuario: la he usado alguna vez y entiendo conceptos básicos (modelo, datos, entrenamiento) sin detalle técnico.","Nivel usuario: la he usado alguna vez y entiendo conceptos básicos (modelo, datos, entrenamiento) sin detalle técnico.","4 Alto: distingo especies similares y detalles (familias, comportamiento, hábitat).","Alto: distingo especies similares y detalles (familias, comportamiento, hábitat).","[""Explicaciones visuales (zonas destacadas en la imagen)""]","[""Eficiencia: comprender la respuesta de forma rápida"", ""Efectividad: recibir una explicación útil para realizar mejor la tarea"", ""Satisfacción: que la explicación resulte clara y útil para ti"", ""Detección de errores(Debugging): detectar fallos"", ""errores o comportamientos inesperados del sistema""]",,,Animales salvajes,,,,,Anchor,Grad-CAM,IG,LIME,Saliency,
C0241,U022,10,img_10,Opción E,4,4,5,4.333333333333333,25–34,Master,Profesional del sector tecnológico / IA / datos,3,4,Media: explicación breve con algo de detalle,"Intermedio: algunos términos técnicos, pero fáciles de seguir",Texto breve + imagen,Medio: el error podría causar cierta confusión o problema,Explicaciones visuales (zonas destacadas en la imagen),"Eficiencia: comprender la respuesta de forma rápida, Efectividad: recibir una explicación útil para realizar mejor la tarea, Satisfacción: que la explicación resulte clara y útil para ti, Detección de errores(Debugging): detectar fallos, errores o comportamientos inesperados del sistema",10,2026-04-06 22:32:21.664,"[""Profesional del sector tecnológico / IA / datos""]","3 Nivel usuario: la he usado alguna vez y entiendo conceptos básicos (modelo, datos, entrenamiento) sin detalle técnico.","Nivel usuario: la he usado alguna vez y entiendo conceptos básicos (modelo, datos, entrenamiento) sin detalle técnico.","4 Alto: distingo especies similares y detalles (familias, comportamiento, hábitat).","Alto: distingo especies similares y detalles (familias, comportamiento, hábitat).","[""Explicaciones visuales (zonas destacadas en la imagen)""]","[""Eficiencia: comprender la respuesta de forma rápida"", ""Efectividad: recibir una explicación útil para realizar mejor la tarea"", ""Satisfacción: que la explicación resulte clara y útil para ti"", ""Detección de errores(Debugging): detectar fallos"", ""errores o comportamientos inesperados del sistema""]",,,Animales salvajes,,,,,Anchor,Grad-CAM,IG,LIME,Saliency,
C0242,U022,11,img_11,Opción B,3,3,3,3.0,25–34,Master,Profesional del sector tecnológico / IA / datos,3,4,Media: explicación breve con algo de detalle,"Intermedio: algunos términos técnicos, pero fáciles de seguir",Texto breve + imagen,Medio: el error podría causar cierta confusión o problema,Explicaciones visuales (zonas destacadas en la imagen),"Eficiencia: comprender la respuesta de forma rápida, Efectividad: recibir una explicación útil para realizar mejor la tarea, Satisfacción: que la explicación resulte clara y útil para ti, Detección de errores(Debugging): detectar fallos, errores o comportamientos inesperados del sistema",11,2026-04-06 22:32:21.664,"[""Profesional del sector tecnológico / IA / datos""]","3 Nivel usuario: la he usado alguna vez y entiendo conceptos básicos (modelo, datos, entrenamiento) sin detalle técnico.","Nivel usuario: la he usado alguna vez y entiendo conceptos básicos (modelo, datos, entrenamiento) sin detalle técnico.","4 Alto: distingo especies similares y detalles (familias, comportamiento, hábitat).","Alto: distingo especies similares y detalles (familias, comportamiento, hábitat).","[""Explicaciones visuales (zonas destacadas en la imagen)""]","[""Eficiencia: comprender la respuesta de forma rápida"", ""Efectividad: recibir una explicación útil para realizar mejor la tarea"", ""Satisfacción: que la explicación resulte clara y útil para ti"", ""Detección de errores(Debugging): detectar fallos"", ""errores o comportamientos inesperados del sistema""]",,,Animales salvajes,,,,,Anchor,Grad-CAM,IG,LIME,Saliency,
C0243,U023,1,img_01,Opción C,5,5,5,5.0,35–44,Grado,Desempleado/a / en búsqueda,4,2,Corta: solo lo esencial,Simple: lenguaje claro y sin tecnicismos,Texto breve + imagen,Medio: el error podría causar cierta confusión o problema,"Explicaciones con ejemplos similares, Explicaciones con comparaciones o contraejemplos, Explicaciones basadas en reglas o razonamientos paso a paso, Explicaciones visuales (zonas destacadas en la imagen)","Transparencia: entender por qué el sistema tomó esa decisión, Eficiencia: comprender la respuesta de forma rápida, Confianza: sentir mayor seguridad en la respuesta del sistema, Efectividad: recibir una explicación útil para realizar mejor la tarea, Satisfacción: que la explicación resulte clara y útil para ti, Persuasión: convencerte de que la decisión del sistema está justificada, Detección de errores(Debugging): detectar fallos, errores o comportamientos inesperados del sistema, Educación: aprender más sobre la imagen, el problema o el funcionamiento del sistema, Escrutinio: evaluar críticamente si la decisión del sistema es adecuada, razonable o justa",1,2026-04-07 00:49:41.881,"[""Desempleado/a / en búsqueda""]","4 Nivel técnico: he estudiado IA/ML o he hecho proyectos; entiendo métricas, redes neuronales, overfitting, etc.","Nivel técnico: he estudiado IA/ML o he hecho proyectos; entiendo métricas, redes neuronales, overfitting, etc.","2 Básico: reconozco animales comunes (león, elefante…), poco más.","Básico: reconozco animales comunes (león, elefante…), poco más.","[""Explicaciones con ejemplos similares"", ""Explicaciones con comparaciones o contraejemplos"", ""Explicaciones basadas en reglas o razonamientos paso a paso"", ""Explicaciones visuales (zonas destacadas en la imagen)""]","[""Transparencia: entender por qué el sistema tomó esa decisión"", ""Eficiencia: comprender la respuesta de forma rápida"", ""Confianza: sentir mayor seguridad en la respuesta del sistema"", ""Efectividad: recibir una explicación útil para realizar mejor la tarea"", ""Satisfacción: que la explicación resulte clara y útil para ti"", ""Persuasión: convencerte de que la decisión del sistema está justificada"", ""Detección de errores(Debugging): detectar fallos"", ""errores o comportamientos inesperados del sistema"", ""Educación: aprender más sobre la imagen"", ""el problema o el funcionamiento del sistema"", ""Escrutinio: evaluar críticamente si la decisión del sistema es adecuada"", ""razonable o justa""]","Pienso que se debe crear más conciencia de no obtener respuestas solamente de una caja negra. La XAI transforma a la IA de ser un ""oráculo"" incuestionable a ser un colaborador transparente. [Modo IA Google]",,Animales salvajes,,,,,Anchor,Grad-CAM,IG,LIME,Saliency,
C0244,U023,2,img_02,Opción E,2,3,1,2.0,35–44,Grado,Desempleado/a / en búsqueda,4,2,Corta: solo lo esencial,Simple: lenguaje claro y sin tecnicismos,Texto breve + imagen,Medio: el error podría causar cierta confusión o problema,"Explicaciones con ejemplos similares, Explicaciones con comparaciones o contraejemplos, Explicaciones basadas en reglas o razonamientos paso a paso, Explicaciones visuales (zonas destacadas en la imagen)","Transparencia: entender por qué el sistema tomó esa decisión, Eficiencia: comprender la respuesta de forma rápida, Confianza: sentir mayor seguridad en la respuesta del sistema, Efectividad: recibir una explicación útil para realizar mejor la tarea, Satisfacción: que la explicación resulte clara y útil para ti, Persuasión: convencerte de que la decisión del sistema está justificada, Detección de errores(Debugging): detectar fallos, errores o comportamientos inesperados del sistema, Educación: aprender más sobre la imagen, el problema o el funcionamiento del sistema, Escrutinio: evaluar críticamente si la decisión del sistema es adecuada, razonable o justa",2,2026-04-07 00:49:41.881,"[""Desempleado/a / en búsqueda""]","4 Nivel técnico: he estudiado IA/ML o he hecho proyectos; entiendo métricas, redes neuronales, overfitting, etc.","Nivel técnico: he estudiado IA/ML o he hecho proyectos; entiendo métricas, redes neuronales, overfitting, etc.","2 Básico: reconozco animales comunes (león, elefante…), poco más.","Básico: reconozco animales comunes (león, elefante…), poco más.","[""Explicaciones con ejemplos similares"", ""Explicaciones con comparaciones o contraejemplos"", ""Explicaciones basadas en reglas o razonamientos paso a paso"", ""Explicaciones visuales (zonas destacadas en la imagen)""]","[""Transparencia: entender por qué el sistema tomó esa decisión"", ""Eficiencia: comprender la respuesta de forma rápida"", ""Confianza: sentir mayor seguridad en la respuesta del sistema"", ""Efectividad: recibir una explicación útil para realizar mejor la tarea"", ""Satisfacción: que la explicación resulte clara y útil para ti"", ""Persuasión: convencerte de que la decisión del sistema está justificada"", ""Detección de errores(Debugging): detectar fallos"", ""errores o comportamientos inesperados del sistema"", ""Educación: aprender más sobre la imagen"", ""el problema o el funcionamiento del sistema"", ""Escrutinio: evaluar críticamente si la decisión del sistema es adecuada"", ""razonable o justa""]","Pienso que se debe crear más conciencia de no obtener respuestas solamente de una caja negra. La XAI transforma a la IA de ser un ""oráculo"" incuestionable a ser un colaborador transparente. [Modo IA Google]",,Animales salvajes,,,,,Anchor,Grad-CAM,IG,LIME,Saliency,
C0245,U023,3,img_03,Opción A,5,4,5,4.666666666666667,35–44,Grado,Desempleado/a / en búsqueda,4,2,Corta: solo lo esencial,Simple: lenguaje claro y sin tecnicismos,Texto breve + imagen,Medio: el error podría causar cierta confusión o problema,"Explicaciones con ejemplos similares, Explicaciones con comparaciones o contraejemplos, Explicaciones basadas en reglas o razonamientos paso a paso, Explicaciones visuales (zonas destacadas en la imagen)","Transparencia: entender por qué el sistema tomó esa decisión, Eficiencia: comprender la respuesta de forma rápida, Confianza: sentir mayor seguridad en la respuesta del sistema, Efectividad: recibir una explicación útil para realizar mejor la tarea, Satisfacción: que la explicación resulte clara y útil para ti, Persuasión: convencerte de que la decisión del sistema está justificada, Detección de errores(Debugging): detectar fallos, errores o comportamientos inesperados del sistema, Educación: aprender más sobre la imagen, el problema o el funcionamiento del sistema, Escrutinio: evaluar críticamente si la decisión del sistema es adecuada, razonable o justa",3,2026-04-07 00:49:41.881,"[""Desempleado/a / en búsqueda""]","4 Nivel técnico: he estudiado IA/ML o he hecho proyectos; entiendo métricas, redes neuronales, overfitting, etc.","Nivel técnico: he estudiado IA/ML o he hecho proyectos; entiendo métricas, redes neuronales, overfitting, etc.","2 Básico: reconozco animales comunes (león, elefante…), poco más.","Básico: reconozco animales comunes (león, elefante…), poco más.","[""Explicaciones con ejemplos similares"", ""Explicaciones con comparaciones o contraejemplos"", ""Explicaciones basadas en reglas o razonamientos paso a paso"", ""Explicaciones visuales (zonas destacadas en la imagen)""]","[""Transparencia: entender por qué el sistema tomó esa decisión"", ""Eficiencia: comprender la respuesta de forma rápida"", ""Confianza: sentir mayor seguridad en la respuesta del sistema"", ""Efectividad: recibir una explicación útil para realizar mejor la tarea"", ""Satisfacción: que la explicación resulte clara y útil para ti"", ""Persuasión: convencerte de que la decisión del sistema está justificada"", ""Detección de errores(Debugging): detectar fallos"", ""errores o comportamientos inesperados del sistema"", ""Educación: aprender más sobre la imagen"", ""el problema o el funcionamiento del sistema"", ""Escrutinio: evaluar críticamente si la decisión del sistema es adecuada"", ""razonable o justa""]","Pienso que se debe crear más conciencia de no obtener respuestas solamente de una caja negra. La XAI transforma a la IA de ser un ""oráculo"" incuestionable a ser un colaborador transparente. [Modo IA Google]",,Animales salvajes,,,,,Anchor,Grad-CAM,IG,LIME,Saliency,
C0246,U023,4,img_04,Opción B,4,5,5,4.666666666666667,35–44,Grado,Desempleado/a / en búsqueda,4,2,Corta: solo lo esencial,Simple: lenguaje claro y sin tecnicismos,Texto breve + imagen,Medio: el error podría causar cierta confusión o problema,"Explicaciones con ejemplos similares, Explicaciones con comparaciones o contraejemplos, Explicaciones basadas en reglas o razonamientos paso a paso, Explicaciones visuales (zonas destacadas en la imagen)","Transparencia: entender por qué el sistema tomó esa decisión, Eficiencia: comprender la respuesta de forma rápida, Confianza: sentir mayor seguridad en la respuesta del sistema, Efectividad: recibir una explicación útil para realizar mejor la tarea, Satisfacción: que la explicación resulte clara y útil para ti, Persuasión: convencerte de que la decisión del sistema está justificada, Detección de errores(Debugging): detectar fallos, errores o comportamientos inesperados del sistema, Educación: aprender más sobre la imagen, el problema o el funcionamiento del sistema, Escrutinio: evaluar críticamente si la decisión del sistema es adecuada, razonable o justa",4,2026-04-07 00:49:41.881,"[""Desempleado/a / en búsqueda""]","4 Nivel técnico: he estudiado IA/ML o he hecho proyectos; entiendo métricas, redes neuronales, overfitting, etc.","Nivel técnico: he estudiado IA/ML o he hecho proyectos; entiendo métricas, redes neuronales, overfitting, etc.","2 Básico: reconozco animales comunes (león, elefante…), poco más.","Básico: reconozco animales comunes (león, elefante…), poco más.","[""Explicaciones con ejemplos similares"", ""Explicaciones con comparaciones o contraejemplos"", ""Explicaciones basadas en reglas o razonamientos paso a paso"", ""Explicaciones visuales (zonas destacadas en la imagen)""]","[""Transparencia: entender por qué el sistema tomó esa decisión"", ""Eficiencia: comprender la respuesta de forma rápida"", ""Confianza: sentir mayor seguridad en la respuesta del sistema"", ""Efectividad: recibir una explicación útil para realizar mejor la tarea"", ""Satisfacción: que la explicación resulte clara y útil para ti"", ""Persuasión: convencerte de que la decisión del sistema está justificada"", ""Detección de errores(Debugging): detectar fallos"", ""errores o comportamientos inesperados del sistema"", ""Educación: aprender más sobre la imagen"", ""el problema o el funcionamiento del sistema"", ""Escrutinio: evaluar críticamente si la decisión del sistema es adecuada"", ""razonable o justa""]","Pienso que se debe crear más conciencia de no obtener respuestas solamente de una caja negra. La XAI transforma a la IA de ser un ""oráculo"" incuestionable a ser un colaborador transparente. [Modo IA Google]",,Animales salvajes,,,,,Anchor,Grad-CAM,IG,LIME,Saliency,
C0247,U023,5,img_05,Opción F (Ninguna),1,1,4,2.0,35–44,Grado,Desempleado/a / en búsqueda,4,2,Corta: solo lo esencial,Simple: lenguaje claro y sin tecnicismos,Texto breve + imagen,Medio: el error podría causar cierta confusión o problema,"Explicaciones con ejemplos similares, Explicaciones con comparaciones o contraejemplos, Explicaciones basadas en reglas o razonamientos paso a paso, Explicaciones visuales (zonas destacadas en la imagen)","Transparencia: entender por qué el sistema tomó esa decisión, Eficiencia: comprender la respuesta de forma rápida, Confianza: sentir mayor seguridad en la respuesta del sistema, Efectividad: recibir una explicación útil para realizar mejor la tarea, Satisfacción: que la explicación resulte clara y útil para ti, Persuasión: convencerte de que la decisión del sistema está justificada, Detección de errores(Debugging): detectar fallos, errores o comportamientos inesperados del sistema, Educación: aprender más sobre la imagen, el problema o el funcionamiento del sistema, Escrutinio: evaluar críticamente si la decisión del sistema es adecuada, razonable o justa",5,2026-04-07 00:49:41.881,"[""Desempleado/a / en búsqueda""]","4 Nivel técnico: he estudiado IA/ML o he hecho proyectos; entiendo métricas, redes neuronales, overfitting, etc.","Nivel técnico: he estudiado IA/ML o he hecho proyectos; entiendo métricas, redes neuronales, overfitting, etc.","2 Básico: reconozco animales comunes (león, elefante…), poco más.","Básico: reconozco animales comunes (león, elefante…), poco más.","[""Explicaciones con ejemplos similares"", ""Explicaciones con comparaciones o contraejemplos"", ""Explicaciones basadas en reglas o razonamientos paso a paso"", ""Explicaciones visuales (zonas destacadas en la imagen)""]","[""Transparencia: entender por qué el sistema tomó esa decisión"", ""Eficiencia: comprender la respuesta de forma rápida"", ""Confianza: sentir mayor seguridad en la respuesta del sistema"", ""Efectividad: recibir una explicación útil para realizar mejor la tarea"", ""Satisfacción: que la explicación resulte clara y útil para ti"", ""Persuasión: convencerte de que la decisión del sistema está justificada"", ""Detección de errores(Debugging): detectar fallos"", ""errores o comportamientos inesperados del sistema"", ""Educación: aprender más sobre la imagen"", ""el problema o el funcionamiento del sistema"", ""Escrutinio: evaluar críticamente si la decisión del sistema es adecuada"", ""razonable o justa""]","Pienso que se debe crear más conciencia de no obtener respuestas solamente de una caja negra. La XAI transforma a la IA de ser un ""oráculo"" incuestionable a ser un colaborador transparente. [Modo IA Google]",,Animales salvajes,,,,,Anchor,Grad-CAM,IG,LIME,Saliency,
C0248,U023,6,img_06,Opción D,2,2,4,2.6666666666666665,35–44,Grado,Desempleado/a / en búsqueda,4,2,Corta: solo lo esencial,Simple: lenguaje claro y sin tecnicismos,Texto breve + imagen,Medio: el error podría causar cierta confusión o problema,"Explicaciones con ejemplos similares, Explicaciones con comparaciones o contraejemplos, Explicaciones basadas en reglas o razonamientos paso a paso, Explicaciones visuales (zonas destacadas en la imagen)","Transparencia: entender por qué el sistema tomó esa decisión, Eficiencia: comprender la respuesta de forma rápida, Confianza: sentir mayor seguridad en la respuesta del sistema, Efectividad: recibir una explicación útil para realizar mejor la tarea, Satisfacción: que la explicación resulte clara y útil para ti, Persuasión: convencerte de que la decisión del sistema está justificada, Detección de errores(Debugging): detectar fallos, errores o comportamientos inesperados del sistema, Educación: aprender más sobre la imagen, el problema o el funcionamiento del sistema, Escrutinio: evaluar críticamente si la decisión del sistema es adecuada, razonable o justa",6,2026-04-07 00:49:41.881,"[""Desempleado/a / en búsqueda""]","4 Nivel técnico: he estudiado IA/ML o he hecho proyectos; entiendo métricas, redes neuronales, overfitting, etc.","Nivel técnico: he estudiado IA/ML o he hecho proyectos; entiendo métricas, redes neuronales, overfitting, etc.","2 Básico: reconozco animales comunes (león, elefante…), poco más.","Básico: reconozco animales comunes (león, elefante…), poco más.","[""Explicaciones con ejemplos similares"", ""Explicaciones con comparaciones o contraejemplos"", ""Explicaciones basadas en reglas o razonamientos paso a paso"", ""Explicaciones visuales (zonas destacadas en la imagen)""]","[""Transparencia: entender por qué el sistema tomó esa decisión"", ""Eficiencia: comprender la respuesta de forma rápida"", ""Confianza: sentir mayor seguridad en la respuesta del sistema"", ""Efectividad: recibir una explicación útil para realizar mejor la tarea"", ""Satisfacción: que la explicación resulte clara y útil para ti"", ""Persuasión: convencerte de que la decisión del sistema está justificada"", ""Detección de errores(Debugging): detectar fallos"", ""errores o comportamientos inesperados del sistema"", ""Educación: aprender más sobre la imagen"", ""el problema o el funcionamiento del sistema"", ""Escrutinio: evaluar críticamente si la decisión del sistema es adecuada"", ""razonable o justa""]","Pienso que se debe crear más conciencia de no obtener respuestas solamente de una caja negra. La XAI transforma a la IA de ser un ""oráculo"" incuestionable a ser un colaborador transparente. [Modo IA Google]",,Animales salvajes,,,,,Anchor,Grad-CAM,IG,LIME,Saliency,
C0249,U023,7,img_07,Opción B,5,3,5,4.333333333333333,35–44,Grado,Desempleado/a / en búsqueda,4,2,Corta: solo lo esencial,Simple: lenguaje claro y sin tecnicismos,Texto breve + imagen,Medio: el error podría causar cierta confusión o problema,"Explicaciones con ejemplos similares, Explicaciones con comparaciones o contraejemplos, Explicaciones basadas en reglas o razonamientos paso a paso, Explicaciones visuales (zonas destacadas en la imagen)","Transparencia: entender por qué el sistema tomó esa decisión, Eficiencia: comprender la respuesta de forma rápida, Confianza: sentir mayor seguridad en la respuesta del sistema, Efectividad: recibir una explicación útil para realizar mejor la tarea, Satisfacción: que la explicación resulte clara y útil para ti, Persuasión: convencerte de que la decisión del sistema está justificada, Detección de errores(Debugging): detectar fallos, errores o comportamientos inesperados del sistema, Educación: aprender más sobre la imagen, el problema o el funcionamiento del sistema, Escrutinio: evaluar críticamente si la decisión del sistema es adecuada, razonable o justa",7,2026-04-07 00:49:41.881,"[""Desempleado/a / en búsqueda""]","4 Nivel técnico: he estudiado IA/ML o he hecho proyectos; entiendo métricas, redes neuronales, overfitting, etc.","Nivel técnico: he estudiado IA/ML o he hecho proyectos; entiendo métricas, redes neuronales, overfitting, etc.","2 Básico: reconozco animales comunes (león, elefante…), poco más.","Básico: reconozco animales comunes (león, elefante…), poco más.","[""Explicaciones con ejemplos similares"", ""Explicaciones con comparaciones o contraejemplos"", ""Explicaciones basadas en reglas o razonamientos paso a paso"", ""Explicaciones visuales (zonas destacadas en la imagen)""]","[""Transparencia: entender por qué el sistema tomó esa decisión"", ""Eficiencia: comprender la respuesta de forma rápida"", ""Confianza: sentir mayor seguridad en la respuesta del sistema"", ""Efectividad: recibir una explicación útil para realizar mejor la tarea"", ""Satisfacción: que la explicación resulte clara y útil para ti"", ""Persuasión: convencerte de que la decisión del sistema está justificada"", ""Detección de errores(Debugging): detectar fallos"", ""errores o comportamientos inesperados del sistema"", ""Educación: aprender más sobre la imagen"", ""el problema o el funcionamiento del sistema"", ""Escrutinio: evaluar críticamente si la decisión del sistema es adecuada"", ""razonable o justa""]","Pienso que se debe crear más conciencia de no obtener respuestas solamente de una caja negra. La XAI transforma a la IA de ser un ""oráculo"" incuestionable a ser un colaborador transparente. [Modo IA Google]",,Animales salvajes,,,,,Anchor,Grad-CAM,IG,LIME,Saliency,
C0250,U023,8,img_08,Opción F (Ninguna),1,1,5,2.3333333333333335,35–44,Grado,Desempleado/a / en búsqueda,4,2,Corta: solo lo esencial,Simple: lenguaje claro y sin tecnicismos,Texto breve + imagen,Medio: el error podría causar cierta confusión o problema,"Explicaciones con ejemplos similares, Explicaciones con comparaciones o contraejemplos, Explicaciones basadas en reglas o razonamientos paso a paso, Explicaciones visuales (zonas destacadas en la imagen)","Transparencia: entender por qué el sistema tomó esa decisión, Eficiencia: comprender la respuesta de forma rápida, Confianza: sentir mayor seguridad en la respuesta del sistema, Efectividad: recibir una explicación útil para realizar mejor la tarea, Satisfacción: que la explicación resulte clara y útil para ti, Persuasión: convencerte de que la decisión del sistema está justificada, Detección de errores(Debugging): detectar fallos, errores o comportamientos inesperados del sistema, Educación: aprender más sobre la imagen, el problema o el funcionamiento del sistema, Escrutinio: evaluar críticamente si la decisión del sistema es adecuada, razonable o justa",8,2026-04-07 00:49:41.881,"[""Desempleado/a / en búsqueda""]","4 Nivel técnico: he estudiado IA/ML o he hecho proyectos; entiendo métricas, redes neuronales, overfitting, etc.","Nivel técnico: he estudiado IA/ML o he hecho proyectos; entiendo métricas, redes neuronales, overfitting, etc.","2 Básico: reconozco animales comunes (león, elefante…), poco más.","Básico: reconozco animales comunes (león, elefante…), poco más.","[""Explicaciones con ejemplos similares"", ""Explicaciones con comparaciones o contraejemplos"", ""Explicaciones basadas en reglas o razonamientos paso a paso"", ""Explicaciones visuales (zonas destacadas en la imagen)""]","[""Transparencia: entender por qué el sistema tomó esa decisión"", ""Eficiencia: comprender la respuesta de forma rápida"", ""Confianza: sentir mayor seguridad en la respuesta del sistema"", ""Efectividad: recibir una explicación útil para realizar mejor la tarea"", ""Satisfacción: que la explicación resulte clara y útil para ti"", ""Persuasión: convencerte de que la decisión del sistema está justificada"", ""Detección de errores(Debugging): detectar fallos"", ""errores o comportamientos inesperados del sistema"", ""Educación: aprender más sobre la imagen"", ""el problema o el funcionamiento del sistema"", ""Escrutinio: evaluar críticamente si la decisión del sistema es adecuada"", ""razonable o justa""]","Pienso que se debe crear más conciencia de no obtener respuestas solamente de una caja negra. La XAI transforma a la IA de ser un ""oráculo"" incuestionable a ser un colaborador transparente. [Modo IA Google]",,Animales salvajes,,,,,Anchor,Grad-CAM,IG,LIME,Saliency,
C0251,U023,9,img_09,Opción F (Ninguna),1,1,5,2.3333333333333335,35–44,Grado,Desempleado/a / en búsqueda,4,2,Corta: solo lo esencial,Simple: lenguaje claro y sin tecnicismos,Texto breve + imagen,Medio: el error podría causar cierta confusión o problema,"Explicaciones con ejemplos similares, Explicaciones con comparaciones o contraejemplos, Explicaciones basadas en reglas o razonamientos paso a paso, Explicaciones visuales (zonas destacadas en la imagen)","Transparencia: entender por qué el sistema tomó esa decisión, Eficiencia: comprender la respuesta de forma rápida, Confianza: sentir mayor seguridad en la respuesta del sistema, Efectividad: recibir una explicación útil para realizar mejor la tarea, Satisfacción: que la explicación resulte clara y útil para ti, Persuasión: convencerte de que la decisión del sistema está justificada, Detección de errores(Debugging): detectar fallos, errores o comportamientos inesperados del sistema, Educación: aprender más sobre la imagen, el problema o el funcionamiento del sistema, Escrutinio: evaluar críticamente si la decisión del sistema es adecuada, razonable o justa",9,2026-04-07 00:49:41.881,"[""Desempleado/a / en búsqueda""]","4 Nivel técnico: he estudiado IA/ML o he hecho proyectos; entiendo métricas, redes neuronales, overfitting, etc.","Nivel técnico: he estudiado IA/ML o he hecho proyectos; entiendo métricas, redes neuronales, overfitting, etc.","2 Básico: reconozco animales comunes (león, elefante…), poco más.","Básico: reconozco animales comunes (león, elefante…), poco más.","[""Explicaciones con ejemplos similares"", ""Explicaciones con comparaciones o contraejemplos"", ""Explicaciones basadas en reglas o razonamientos paso a paso"", ""Explicaciones visuales (zonas destacadas en la imagen)""]","[""Transparencia: entender por qué el sistema tomó esa decisión"", ""Eficiencia: comprender la respuesta de forma rápida"", ""Confianza: sentir mayor seguridad en la respuesta del sistema"", ""Efectividad: recibir una explicación útil para realizar mejor la tarea"", ""Satisfacción: que la explicación resulte clara y útil para ti"", ""Persuasión: convencerte de que la decisión del sistema está justificada"", ""Detección de errores(Debugging): detectar fallos"", ""errores o comportamientos inesperados del sistema"", ""Educación: aprender más sobre la imagen"", ""el problema o el funcionamiento del sistema"", ""Escrutinio: evaluar críticamente si la decisión del sistema es adecuada"", ""razonable o justa""]","Pienso que se debe crear más conciencia de no obtener respuestas solamente de una caja negra. La XAI transforma a la IA de ser un ""oráculo"" incuestionable a ser un colaborador transparente. [Modo IA Google]",,Animales salvajes,,,,,Anchor,Grad-CAM,IG,LIME,Saliency,
C0252,U023,10,img_10,Opción E,3,5,2,3.3333333333333335,35–44,Grado,Desempleado/a / en búsqueda,4,2,Corta: solo lo esencial,Simple: lenguaje claro y sin tecnicismos,Texto breve + imagen,Medio: el error podría causar cierta confusión o problema,"Explicaciones con ejemplos similares, Explicaciones con comparaciones o contraejemplos, Explicaciones basadas en reglas o razonamientos paso a paso, Explicaciones visuales (zonas destacadas en la imagen)","Transparencia: entender por qué el sistema tomó esa decisión, Eficiencia: comprender la respuesta de forma rápida, Confianza: sentir mayor seguridad en la respuesta del sistema, Efectividad: recibir una explicación útil para realizar mejor la tarea, Satisfacción: que la explicación resulte clara y útil para ti, Persuasión: convencerte de que la decisión del sistema está justificada, Detección de errores(Debugging): detectar fallos, errores o comportamientos inesperados del sistema, Educación: aprender más sobre la imagen, el problema o el funcionamiento del sistema, Escrutinio: evaluar críticamente si la decisión del sistema es adecuada, razonable o justa",10,2026-04-07 00:49:41.881,"[""Desempleado/a / en búsqueda""]","4 Nivel técnico: he estudiado IA/ML o he hecho proyectos; entiendo métricas, redes neuronales, overfitting, etc.","Nivel técnico: he estudiado IA/ML o he hecho proyectos; entiendo métricas, redes neuronales, overfitting, etc.","2 Básico: reconozco animales comunes (león, elefante…), poco más.","Básico: reconozco animales comunes (león, elefante…), poco más.","[""Explicaciones con ejemplos similares"", ""Explicaciones con comparaciones o contraejemplos"", ""Explicaciones basadas en reglas o razonamientos paso a paso"", ""Explicaciones visuales (zonas destacadas en la imagen)""]","[""Transparencia: entender por qué el sistema tomó esa decisión"", ""Eficiencia: comprender la respuesta de forma rápida"", ""Confianza: sentir mayor seguridad en la respuesta del sistema"", ""Efectividad: recibir una explicación útil para realizar mejor la tarea"", ""Satisfacción: que la explicación resulte clara y útil para ti"", ""Persuasión: convencerte de que la decisión del sistema está justificada"", ""Detección de errores(Debugging): detectar fallos"", ""errores o comportamientos inesperados del sistema"", ""Educación: aprender más sobre la imagen"", ""el problema o el funcionamiento del sistema"", ""Escrutinio: evaluar críticamente si la decisión del sistema es adecuada"", ""razonable o justa""]","Pienso que se debe crear más conciencia de no obtener respuestas solamente de una caja negra. La XAI transforma a la IA de ser un ""oráculo"" incuestionable a ser un colaborador transparente. [Modo IA Google]",,Animales salvajes,,,,,Anchor,Grad-CAM,IG,LIME,Saliency,
C0253,U023,11,img_11,Opción A,5,5,5,5.0,35–44,Grado,Desempleado/a / en búsqueda,4,2,Corta: solo lo esencial,Simple: lenguaje claro y sin tecnicismos,Texto breve + imagen,Medio: el error podría causar cierta confusión o problema,"Explicaciones con ejemplos similares, Explicaciones con comparaciones o contraejemplos, Explicaciones basadas en reglas o razonamientos paso a paso, Explicaciones visuales (zonas destacadas en la imagen)","Transparencia: entender por qué el sistema tomó esa decisión, Eficiencia: comprender la respuesta de forma rápida, Confianza: sentir mayor seguridad en la respuesta del sistema, Efectividad: recibir una explicación útil para realizar mejor la tarea, Satisfacción: que la explicación resulte clara y útil para ti, Persuasión: convencerte de que la decisión del sistema está justificada, Detección de errores(Debugging): detectar fallos, errores o comportamientos inesperados del sistema, Educación: aprender más sobre la imagen, el problema o el funcionamiento del sistema, Escrutinio: evaluar críticamente si la decisión del sistema es adecuada, razonable o justa",11,2026-04-07 00:49:41.881,"[""Desempleado/a / en búsqueda""]","4 Nivel técnico: he estudiado IA/ML o he hecho proyectos; entiendo métricas, redes neuronales, overfitting, etc.","Nivel técnico: he estudiado IA/ML o he hecho proyectos; entiendo métricas, redes neuronales, overfitting, etc.","2 Básico: reconozco animales comunes (león, elefante…), poco más.","Básico: reconozco animales comunes (león, elefante…), poco más.","[""Explicaciones con ejemplos similares"", ""Explicaciones con comparaciones o contraejemplos"", ""Explicaciones basadas en reglas o razonamientos paso a paso"", ""Explicaciones visuales (zonas destacadas en la imagen)""]","[""Transparencia: entender por qué el sistema tomó esa decisión"", ""Eficiencia: comprender la respuesta de forma rápida"", ""Confianza: sentir mayor seguridad en la respuesta del sistema"", ""Efectividad: recibir una explicación útil para realizar mejor la tarea"", ""Satisfacción: que la explicación resulte clara y útil para ti"", ""Persuasión: convencerte de que la decisión del sistema está justificada"", ""Detección de errores(Debugging): detectar fallos"", ""errores o comportamientos inesperados del sistema"", ""Educación: aprender más sobre la imagen"", ""el problema o el funcionamiento del sistema"", ""Escrutinio: evaluar críticamente si la decisión del sistema es adecuada"", ""razonable o justa""]","Pienso que se debe crear más conciencia de no obtener respuestas solamente de una caja negra. La XAI transforma a la IA de ser un ""oráculo"" incuestionable a ser un colaborador transparente. [Modo IA Google]",,Animales salvajes,,,,,Anchor,Grad-CAM,IG,LIME,Saliency,
C0254,U024,1,img_01,Opción B,2,4,4,3.3333333333333335,18–24,Grado,Estudiante,4,3,Media: explicación breve con algo de detalle,"Intermedio: algunos términos técnicos, pero fáciles de seguir",Texto breve + imagen,Medio: el error podría causar cierta confusión o problema,"Explicaciones con ejemplos similares, Explicaciones con comparaciones o contraejemplos, Explicaciones visuales (zonas destacadas en la imagen)","Eficiencia: comprender la respuesta de forma rápida, Satisfacción: que la explicación resulte clara y útil para ti, Detección de errores(Debugging): detectar fallos, errores o comportamientos inesperados del sistema",1,2026-04-07 10:24:59.419,"[""Estudiante""]","4 Nivel técnico: he estudiado IA/ML o he hecho proyectos; entiendo métricas, redes neuronales, overfitting, etc.","Nivel técnico: he estudiado IA/ML o he hecho proyectos; entiendo métricas, redes neuronales, overfitting, etc.",3 Intermedio: suelo identificar bastantes y entiendo rasgos/hábitats generales.,Intermedio: suelo identificar bastantes y entiendo rasgos/hábitats generales.,"[""Explicaciones con ejemplos similares"", ""Explicaciones con comparaciones o contraejemplos"", ""Explicaciones visuales (zonas destacadas en la imagen)""]","[""Eficiencia: comprender la respuesta de forma rápida"", ""Satisfacción: que la explicación resulte clara y útil para ti"", ""Detección de errores(Debugging): detectar fallos"", ""errores o comportamientos inesperados del sistema""]",,,Animales salvajes,,,,,Anchor,Grad-CAM,IG,LIME,Saliency,
C0255,U024,2,img_02,Opción F (Ninguna),1,1,2,1.3333333333333333,18–24,Grado,Estudiante,4,3,Media: explicación breve con algo de detalle,"Intermedio: algunos términos técnicos, pero fáciles de seguir",Texto breve + imagen,Medio: el error podría causar cierta confusión o problema,"Explicaciones con ejemplos similares, Explicaciones con comparaciones o contraejemplos, Explicaciones visuales (zonas destacadas en la imagen)","Eficiencia: comprender la respuesta de forma rápida, Satisfacción: que la explicación resulte clara y útil para ti, Detección de errores(Debugging): detectar fallos, errores o comportamientos inesperados del sistema",2,2026-04-07 10:24:59.419,"[""Estudiante""]","4 Nivel técnico: he estudiado IA/ML o he hecho proyectos; entiendo métricas, redes neuronales, overfitting, etc.","Nivel técnico: he estudiado IA/ML o he hecho proyectos; entiendo métricas, redes neuronales, overfitting, etc.",3 Intermedio: suelo identificar bastantes y entiendo rasgos/hábitats generales.,Intermedio: suelo identificar bastantes y entiendo rasgos/hábitats generales.,"[""Explicaciones con ejemplos similares"", ""Explicaciones con comparaciones o contraejemplos"", ""Explicaciones visuales (zonas destacadas en la imagen)""]","[""Eficiencia: comprender la respuesta de forma rápida"", ""Satisfacción: que la explicación resulte clara y útil para ti"", ""Detección de errores(Debugging): detectar fallos"", ""errores o comportamientos inesperados del sistema""]",,,Animales salvajes,,,,,Anchor,Grad-CAM,IG,LIME,Saliency,
C0256,U024,3,img_03,Opción E,3,2,4,3.0,18–24,Grado,Estudiante,4,3,Media: explicación breve con algo de detalle,"Intermedio: algunos términos técnicos, pero fáciles de seguir",Texto breve + imagen,Medio: el error podría causar cierta confusión o problema,"Explicaciones con ejemplos similares, Explicaciones con comparaciones o contraejemplos, Explicaciones visuales (zonas destacadas en la imagen)","Eficiencia: comprender la respuesta de forma rápida, Satisfacción: que la explicación resulte clara y útil para ti, Detección de errores(Debugging): detectar fallos, errores o comportamientos inesperados del sistema",3,2026-04-07 10:24:59.419,"[""Estudiante""]","4 Nivel técnico: he estudiado IA/ML o he hecho proyectos; entiendo métricas, redes neuronales, overfitting, etc.","Nivel técnico: he estudiado IA/ML o he hecho proyectos; entiendo métricas, redes neuronales, overfitting, etc.",3 Intermedio: suelo identificar bastantes y entiendo rasgos/hábitats generales.,Intermedio: suelo identificar bastantes y entiendo rasgos/hábitats generales.,"[""Explicaciones con ejemplos similares"", ""Explicaciones con comparaciones o contraejemplos"", ""Explicaciones visuales (zonas destacadas en la imagen)""]","[""Eficiencia: comprender la respuesta de forma rápida"", ""Satisfacción: que la explicación resulte clara y útil para ti"", ""Detección de errores(Debugging): detectar fallos"", ""errores o comportamientos inesperados del sistema""]",,,Animales salvajes,,,,,Anchor,Grad-CAM,IG,LIME,Saliency,
C0257,U024,4,img_04,Opción C,3,3,4,3.3333333333333335,18–24,Grado,Estudiante,4,3,Media: explicación breve con algo de detalle,"Intermedio: algunos términos técnicos, pero fáciles de seguir",Texto breve + imagen,Medio: el error podría causar cierta confusión o problema,"Explicaciones con ejemplos similares, Explicaciones con comparaciones o contraejemplos, Explicaciones visuales (zonas destacadas en la imagen)","Eficiencia: comprender la respuesta de forma rápida, Satisfacción: que la explicación resulte clara y útil para ti, Detección de errores(Debugging): detectar fallos, errores o comportamientos inesperados del sistema",4,2026-04-07 10:24:59.419,"[""Estudiante""]","4 Nivel técnico: he estudiado IA/ML o he hecho proyectos; entiendo métricas, redes neuronales, overfitting, etc.","Nivel técnico: he estudiado IA/ML o he hecho proyectos; entiendo métricas, redes neuronales, overfitting, etc.",3 Intermedio: suelo identificar bastantes y entiendo rasgos/hábitats generales.,Intermedio: suelo identificar bastantes y entiendo rasgos/hábitats generales.,"[""Explicaciones con ejemplos similares"", ""Explicaciones con comparaciones o contraejemplos"", ""Explicaciones visuales (zonas destacadas en la imagen)""]","[""Eficiencia: comprender la respuesta de forma rápida"", ""Satisfacción: que la explicación resulte clara y útil para ti"", ""Detección de errores(Debugging): detectar fallos"", ""errores o comportamientos inesperados del sistema""]",,,Animales salvajes,,,,,Anchor,Grad-CAM,IG,LIME,Saliency,
C0258,U024,5,img_05,Opción F (Ninguna),1,1,1,1.0,18–24,Grado,Estudiante,4,3,Media: explicación breve con algo de detalle,"Intermedio: algunos términos técnicos, pero fáciles de seguir",Texto breve + imagen,Medio: el error podría causar cierta confusión o problema,"Explicaciones con ejemplos similares, Explicaciones con comparaciones o contraejemplos, Explicaciones visuales (zonas destacadas en la imagen)","Eficiencia: comprender la respuesta de forma rápida, Satisfacción: que la explicación resulte clara y útil para ti, Detección de errores(Debugging): detectar fallos, errores o comportamientos inesperados del sistema",5,2026-04-07 10:24:59.419,"[""Estudiante""]","4 Nivel técnico: he estudiado IA/ML o he hecho proyectos; entiendo métricas, redes neuronales, overfitting, etc.","Nivel técnico: he estudiado IA/ML o he hecho proyectos; entiendo métricas, redes neuronales, overfitting, etc.",3 Intermedio: suelo identificar bastantes y entiendo rasgos/hábitats generales.,Intermedio: suelo identificar bastantes y entiendo rasgos/hábitats generales.,"[""Explicaciones con ejemplos similares"", ""Explicaciones con comparaciones o contraejemplos"", ""Explicaciones visuales (zonas destacadas en la imagen)""]","[""Eficiencia: comprender la respuesta de forma rápida"", ""Satisfacción: que la explicación resulte clara y útil para ti"", ""Detección de errores(Debugging): detectar fallos"", ""errores o comportamientos inesperados del sistema""]",,,Animales salvajes,,,,,Anchor,Grad-CAM,IG,LIME,Saliency,
C0259,U024,6,img_06,Opción A,2,2,3,2.3333333333333335,18–24,Grado,Estudiante,4,3,Media: explicación breve con algo de detalle,"Intermedio: algunos términos técnicos, pero fáciles de seguir",Texto breve + imagen,Medio: el error podría causar cierta confusión o problema,"Explicaciones con ejemplos similares, Explicaciones con comparaciones o contraejemplos, Explicaciones visuales (zonas destacadas en la imagen)","Eficiencia: comprender la respuesta de forma rápida, Satisfacción: que la explicación resulte clara y útil para ti, Detección de errores(Debugging): detectar fallos, errores o comportamientos inesperados del sistema",6,2026-04-07 10:24:59.419,"[""Estudiante""]","4 Nivel técnico: he estudiado IA/ML o he hecho proyectos; entiendo métricas, redes neuronales, overfitting, etc.","Nivel técnico: he estudiado IA/ML o he hecho proyectos; entiendo métricas, redes neuronales, overfitting, etc.",3 Intermedio: suelo identificar bastantes y entiendo rasgos/hábitats generales.,Intermedio: suelo identificar bastantes y entiendo rasgos/hábitats generales.,"[""Explicaciones con ejemplos similares"", ""Explicaciones con comparaciones o contraejemplos"", ""Explicaciones visuales (zonas destacadas en la imagen)""]","[""Eficiencia: comprender la respuesta de forma rápida"", ""Satisfacción: que la explicación resulte clara y útil para ti"", ""Detección de errores(Debugging): detectar fallos"", ""errores o comportamientos inesperados del sistema""]",,,Animales salvajes,,,,,Anchor,Grad-CAM,IG,LIME,Saliency,
C0260,U024,7,img_07,Opción F (Ninguna),1,1,1,1.0,18–24,Grado,Estudiante,4,3,Media: explicación breve con algo de detalle,"Intermedio: algunos términos técnicos, pero fáciles de seguir",Texto breve + imagen,Medio: el error podría causar cierta confusión o problema,"Explicaciones con ejemplos similares, Explicaciones con comparaciones o contraejemplos, Explicaciones visuales (zonas destacadas en la imagen)","Eficiencia: comprender la respuesta de forma rápida, Satisfacción: que la explicación resulte clara y útil para ti, Detección de errores(Debugging): detectar fallos, errores o comportamientos inesperados del sistema",7,2026-04-07 10:24:59.419,"[""Estudiante""]","4 Nivel técnico: he estudiado IA/ML o he hecho proyectos; entiendo métricas, redes neuronales, overfitting, etc.","Nivel técnico: he estudiado IA/ML o he hecho proyectos; entiendo métricas, redes neuronales, overfitting, etc.",3 Intermedio: suelo identificar bastantes y entiendo rasgos/hábitats generales.,Intermedio: suelo identificar bastantes y entiendo rasgos/hábitats generales.,"[""Explicaciones con ejemplos similares"", ""Explicaciones con comparaciones o contraejemplos"", ""Explicaciones visuales (zonas destacadas en la imagen)""]","[""Eficiencia: comprender la respuesta de forma rápida"", ""Satisfacción: que la explicación resulte clara y útil para ti"", ""Detección de errores(Debugging): detectar fallos"", ""errores o comportamientos inesperados del sistema""]",,,Animales salvajes,,,,,Anchor,Grad-CAM,IG,LIME,Saliency,
C0261,U024,8,img_08,Opción F (Ninguna),1,1,1,1.0,18–24,Grado,Estudiante,4,3,Media: explicación breve con algo de detalle,"Intermedio: algunos términos técnicos, pero fáciles de seguir",Texto breve + imagen,Medio: el error podría causar cierta confusión o problema,"Explicaciones con ejemplos similares, Explicaciones con comparaciones o contraejemplos, Explicaciones visuales (zonas destacadas en la imagen)","Eficiencia: comprender la respuesta de forma rápida, Satisfacción: que la explicación resulte clara y útil para ti, Detección de errores(Debugging): detectar fallos, errores o comportamientos inesperados del sistema",8,2026-04-07 10:24:59.419,"[""Estudiante""]","4 Nivel técnico: he estudiado IA/ML o he hecho proyectos; entiendo métricas, redes neuronales, overfitting, etc.","Nivel técnico: he estudiado IA/ML o he hecho proyectos; entiendo métricas, redes neuronales, overfitting, etc.",3 Intermedio: suelo identificar bastantes y entiendo rasgos/hábitats generales.,Intermedio: suelo identificar bastantes y entiendo rasgos/hábitats generales.,"[""Explicaciones con ejemplos similares"", ""Explicaciones con comparaciones o contraejemplos"", ""Explicaciones visuales (zonas destacadas en la imagen)""]","[""Eficiencia: comprender la respuesta de forma rápida"", ""Satisfacción: que la explicación resulte clara y útil para ti"", ""Detección de errores(Debugging): detectar fallos"", ""errores o comportamientos inesperados del sistema""]",,,Animales salvajes,,,,,Anchor,Grad-CAM,IG,LIME,Saliency,
C0262,U024,9,img_09,Opción F (Ninguna),1,1,1,1.0,18–24,Grado,Estudiante,4,3,Media: explicación breve con algo de detalle,"Intermedio: algunos términos técnicos, pero fáciles de seguir",Texto breve + imagen,Medio: el error podría causar cierta confusión o problema,"Explicaciones con ejemplos similares, Explicaciones con comparaciones o contraejemplos, Explicaciones visuales (zonas destacadas en la imagen)","Eficiencia: comprender la respuesta de forma rápida, Satisfacción: que la explicación resulte clara y útil para ti, Detección de errores(Debugging): detectar fallos, errores o comportamientos inesperados del sistema",9,2026-04-07 10:24:59.419,"[""Estudiante""]","4 Nivel técnico: he estudiado IA/ML o he hecho proyectos; entiendo métricas, redes neuronales, overfitting, etc.","Nivel técnico: he estudiado IA/ML o he hecho proyectos; entiendo métricas, redes neuronales, overfitting, etc.",3 Intermedio: suelo identificar bastantes y entiendo rasgos/hábitats generales.,Intermedio: suelo identificar bastantes y entiendo rasgos/hábitats generales.,"[""Explicaciones con ejemplos similares"", ""Explicaciones con comparaciones o contraejemplos"", ""Explicaciones visuales (zonas destacadas en la imagen)""]","[""Eficiencia: comprender la respuesta de forma rápida"", ""Satisfacción: que la explicación resulte clara y útil para ti"", ""Detección de errores(Debugging): detectar fallos"", ""errores o comportamientos inesperados del sistema""]",,,Animales salvajes,,,,,Anchor,Grad-CAM,IG,LIME,Saliency,
C0263,U024,10,img_10,Opción E,3,3,4,3.3333333333333335,18–24,Grado,Estudiante,4,3,Media: explicación breve con algo de detalle,"Intermedio: algunos términos técnicos, pero fáciles de seguir",Texto breve + imagen,Medio: el error podría causar cierta confusión o problema,"Explicaciones con ejemplos similares, Explicaciones con comparaciones o contraejemplos, Explicaciones visuales (zonas destacadas en la imagen)","Eficiencia: comprender la respuesta de forma rápida, Satisfacción: que la explicación resulte clara y útil para ti, Detección de errores(Debugging): detectar fallos, errores o comportamientos inesperados del sistema",10,2026-04-07 10:24:59.419,"[""Estudiante""]","4 Nivel técnico: he estudiado IA/ML o he hecho proyectos; entiendo métricas, redes neuronales, overfitting, etc.","Nivel técnico: he estudiado IA/ML o he hecho proyectos; entiendo métricas, redes neuronales, overfitting, etc.",3 Intermedio: suelo identificar bastantes y entiendo rasgos/hábitats generales.,Intermedio: suelo identificar bastantes y entiendo rasgos/hábitats generales.,"[""Explicaciones con ejemplos similares"", ""Explicaciones con comparaciones o contraejemplos"", ""Explicaciones visuales (zonas destacadas en la imagen)""]","[""Eficiencia: comprender la respuesta de forma rápida"", ""Satisfacción: que la explicación resulte clara y útil para ti"", ""Detección de errores(Debugging): detectar fallos"", ""errores o comportamientos inesperados del sistema""]",,,Animales salvajes,,,,,Anchor,Grad-CAM,IG,LIME,Saliency,
C0264,U024,11,img_11,Opción F (Ninguna),1,1,2,1.3333333333333333,18–24,Grado,Estudiante,4,3,Media: explicación breve con algo de detalle,"Intermedio: algunos términos técnicos, pero fáciles de seguir",Texto breve + imagen,Medio: el error podría causar cierta confusión o problema,"Explicaciones con ejemplos similares, Explicaciones con comparaciones o contraejemplos, Explicaciones visuales (zonas destacadas en la imagen)","Eficiencia: comprender la respuesta de forma rápida, Satisfacción: que la explicación resulte clara y útil para ti, Detección de errores(Debugging): detectar fallos, errores o comportamientos inesperados del sistema",11,2026-04-07 10:24:59.419,"[""Estudiante""]","4 Nivel técnico: he estudiado IA/ML o he hecho proyectos; entiendo métricas, redes neuronales, overfitting, etc.","Nivel técnico: he estudiado IA/ML o he hecho proyectos; entiendo métricas, redes neuronales, overfitting, etc.",3 Intermedio: suelo identificar bastantes y entiendo rasgos/hábitats generales.,Intermedio: suelo identificar bastantes y entiendo rasgos/hábitats generales.,"[""Explicaciones con ejemplos similares"", ""Explicaciones con comparaciones o contraejemplos"", ""Explicaciones visuales (zonas destacadas en la imagen)""]","[""Eficiencia: comprender la respuesta de forma rápida"", ""Satisfacción: que la explicación resulte clara y útil para ti"", ""Detección de errores(Debugging): detectar fallos"", ""errores o comportamientos inesperados del sistema""]",,,Animales salvajes,,,,,Anchor,Grad-CAM,IG,LIME,Saliency,
C0265,U025,1,img_01,Opción B,3,3,3,3.0,25–34,Doctorado,Investigador/a (académico),5,3,Media: explicación breve con algo de detalle,"Intermedio: algunos términos técnicos, pero fáciles de seguir",Texto breve + imagen,Medio: el error podría causar cierta confusión o problema,"Explicaciones centradas en atributos o características concretas, Explicaciones basadas en reglas o razonamientos paso a paso, Explicaciones visuales (zonas destacadas en la imagen)","Transparencia: entender por qué el sistema tomó esa decisión, Detección de errores(Debugging): detectar fallos, errores o comportamientos inesperados del sistema, Escrutinio: evaluar críticamente si la decisión del sistema es adecuada, razonable o justa",1,2026-04-07 10:46:09.041,"[""Investigador/a (académico)""]","5 Experto: trabajo/investigo en IA; implemento, entreno y evalúo modelos con regularidad.","Experto: trabajo/investigo en IA; implemento, entreno y evalúo modelos con regularidad.",3 Intermedio: suelo identificar bastantes y entiendo rasgos/hábitats generales.,Intermedio: suelo identificar bastantes y entiendo rasgos/hábitats generales.,"[""Explicaciones centradas en atributos o características concretas"", ""Explicaciones basadas en reglas o razonamientos paso a paso"", ""Explicaciones visuales (zonas destacadas en la imagen)""]","[""Transparencia: entender por qué el sistema tomó esa decisión"", ""Detección de errores(Debugging): detectar fallos"", ""errores o comportamientos inesperados del sistema"", ""Escrutinio: evaluar críticamente si la decisión del sistema es adecuada"", ""razonable o justa""]",,,Animales salvajes,,,,,Anchor,Grad-CAM,IG,LIME,Saliency,
C0266,U025,2,img_02,Opción A,4,5,4,4.333333333333333,25–34,Doctorado,Investigador/a (académico),5,3,Media: explicación breve con algo de detalle,"Intermedio: algunos términos técnicos, pero fáciles de seguir",Texto breve + imagen,Medio: el error podría causar cierta confusión o problema,"Explicaciones centradas en atributos o características concretas, Explicaciones basadas en reglas o razonamientos paso a paso, Explicaciones visuales (zonas destacadas en la imagen)","Transparencia: entender por qué el sistema tomó esa decisión, Detección de errores(Debugging): detectar fallos, errores o comportamientos inesperados del sistema, Escrutinio: evaluar críticamente si la decisión del sistema es adecuada, razonable o justa",2,2026-04-07 10:46:09.041,"[""Investigador/a (académico)""]","5 Experto: trabajo/investigo en IA; implemento, entreno y evalúo modelos con regularidad.","Experto: trabajo/investigo en IA; implemento, entreno y evalúo modelos con regularidad.",3 Intermedio: suelo identificar bastantes y entiendo rasgos/hábitats generales.,Intermedio: suelo identificar bastantes y entiendo rasgos/hábitats generales.,"[""Explicaciones centradas en atributos o características concretas"", ""Explicaciones basadas en reglas o razonamientos paso a paso"", ""Explicaciones visuales (zonas destacadas en la imagen)""]","[""Transparencia: entender por qué el sistema tomó esa decisión"", ""Detección de errores(Debugging): detectar fallos"", ""errores o comportamientos inesperados del sistema"", ""Escrutinio: evaluar críticamente si la decisión del sistema es adecuada"", ""razonable o justa""]",,,Animales salvajes,,,,,Anchor,Grad-CAM,IG,LIME,Saliency,
C0267,U025,3,img_03,Opción A,4,4,4,4.0,25–34,Doctorado,Investigador/a (académico),5,3,Media: explicación breve con algo de detalle,"Intermedio: algunos términos técnicos, pero fáciles de seguir",Texto breve + imagen,Medio: el error podría causar cierta confusión o problema,"Explicaciones centradas en atributos o características concretas, Explicaciones basadas en reglas o razonamientos paso a paso, Explicaciones visuales (zonas destacadas en la imagen)","Transparencia: entender por qué el sistema tomó esa decisión, Detección de errores(Debugging): detectar fallos, errores o comportamientos inesperados del sistema, Escrutinio: evaluar críticamente si la decisión del sistema es adecuada, razonable o justa",3,2026-04-07 10:46:09.041,"[""Investigador/a (académico)""]","5 Experto: trabajo/investigo en IA; implemento, entreno y evalúo modelos con regularidad.","Experto: trabajo/investigo en IA; implemento, entreno y evalúo modelos con regularidad.",3 Intermedio: suelo identificar bastantes y entiendo rasgos/hábitats generales.,Intermedio: suelo identificar bastantes y entiendo rasgos/hábitats generales.,"[""Explicaciones centradas en atributos o características concretas"", ""Explicaciones basadas en reglas o razonamientos paso a paso"", ""Explicaciones visuales (zonas destacadas en la imagen)""]","[""Transparencia: entender por qué el sistema tomó esa decisión"", ""Detección de errores(Debugging): detectar fallos"", ""errores o comportamientos inesperados del sistema"", ""Escrutinio: evaluar críticamente si la decisión del sistema es adecuada"", ""razonable o justa""]",,,Animales salvajes,,,,,Anchor,Grad-CAM,IG,LIME,Saliency,
C0268,U025,4,img_04,Opción B,4,4,4,4.0,25–34,Doctorado,Investigador/a (académico),5,3,Media: explicación breve con algo de detalle,"Intermedio: algunos términos técnicos, pero fáciles de seguir",Texto breve + imagen,Medio: el error podría causar cierta confusión o problema,"Explicaciones centradas en atributos o características concretas, Explicaciones basadas en reglas o razonamientos paso a paso, Explicaciones visuales (zonas destacadas en la imagen)","Transparencia: entender por qué el sistema tomó esa decisión, Detección de errores(Debugging): detectar fallos, errores o comportamientos inesperados del sistema, Escrutinio: evaluar críticamente si la decisión del sistema es adecuada, razonable o justa",4,2026-04-07 10:46:09.041,"[""Investigador/a (académico)""]","5 Experto: trabajo/investigo en IA; implemento, entreno y evalúo modelos con regularidad.","Experto: trabajo/investigo en IA; implemento, entreno y evalúo modelos con regularidad.",3 Intermedio: suelo identificar bastantes y entiendo rasgos/hábitats generales.,Intermedio: suelo identificar bastantes y entiendo rasgos/hábitats generales.,"[""Explicaciones centradas en atributos o características concretas"", ""Explicaciones basadas en reglas o razonamientos paso a paso"", ""Explicaciones visuales (zonas destacadas en la imagen)""]","[""Transparencia: entender por qué el sistema tomó esa decisión"", ""Detección de errores(Debugging): detectar fallos"", ""errores o comportamientos inesperados del sistema"", ""Escrutinio: evaluar críticamente si la decisión del sistema es adecuada"", ""razonable o justa""]",,,Animales salvajes,,,,,Anchor,Grad-CAM,IG,LIME,Saliency,
C0269,U025,5,img_05,Opción B,1,2,1,1.3333333333333333,25–34,Doctorado,Investigador/a (académico),5,3,Media: explicación breve con algo de detalle,"Intermedio: algunos términos técnicos, pero fáciles de seguir",Texto breve + imagen,Medio: el error podría causar cierta confusión o problema,"Explicaciones centradas en atributos o características concretas, Explicaciones basadas en reglas o razonamientos paso a paso, Explicaciones visuales (zonas destacadas en la imagen)","Transparencia: entender por qué el sistema tomó esa decisión, Detección de errores(Debugging): detectar fallos, errores o comportamientos inesperados del sistema, Escrutinio: evaluar críticamente si la decisión del sistema es adecuada, razonable o justa",5,2026-04-07 10:46:09.041,"[""Investigador/a (académico)""]","5 Experto: trabajo/investigo en IA; implemento, entreno y evalúo modelos con regularidad.","Experto: trabajo/investigo en IA; implemento, entreno y evalúo modelos con regularidad.",3 Intermedio: suelo identificar bastantes y entiendo rasgos/hábitats generales.,Intermedio: suelo identificar bastantes y entiendo rasgos/hábitats generales.,"[""Explicaciones centradas en atributos o características concretas"", ""Explicaciones basadas en reglas o razonamientos paso a paso"", ""Explicaciones visuales (zonas destacadas en la imagen)""]","[""Transparencia: entender por qué el sistema tomó esa decisión"", ""Detección de errores(Debugging): detectar fallos"", ""errores o comportamientos inesperados del sistema"", ""Escrutinio: evaluar críticamente si la decisión del sistema es adecuada"", ""razonable o justa""]",,,Animales salvajes,,,,,Anchor,Grad-CAM,IG,LIME,Saliency,
C0270,U025,6,img_06,Opción A,4,4,4,4.0,25–34,Doctorado,Investigador/a (académico),5,3,Media: explicación breve con algo de detalle,"Intermedio: algunos términos técnicos, pero fáciles de seguir",Texto breve + imagen,Medio: el error podría causar cierta confusión o problema,"Explicaciones centradas en atributos o características concretas, Explicaciones basadas en reglas o razonamientos paso a paso, Explicaciones visuales (zonas destacadas en la imagen)","Transparencia: entender por qué el sistema tomó esa decisión, Detección de errores(Debugging): detectar fallos, errores o comportamientos inesperados del sistema, Escrutinio: evaluar críticamente si la decisión del sistema es adecuada, razonable o justa",6,2026-04-07 10:46:09.041,"[""Investigador/a (académico)""]","5 Experto: trabajo/investigo en IA; implemento, entreno y evalúo modelos con regularidad.","Experto: trabajo/investigo en IA; implemento, entreno y evalúo modelos con regularidad.",3 Intermedio: suelo identificar bastantes y entiendo rasgos/hábitats generales.,Intermedio: suelo identificar bastantes y entiendo rasgos/hábitats generales.,"[""Explicaciones centradas en atributos o características concretas"", ""Explicaciones basadas en reglas o razonamientos paso a paso"", ""Explicaciones visuales (zonas destacadas en la imagen)""]","[""Transparencia: entender por qué el sistema tomó esa decisión"", ""Detección de errores(Debugging): detectar fallos"", ""errores o comportamientos inesperados del sistema"", ""Escrutinio: evaluar críticamente si la decisión del sistema es adecuada"", ""razonable o justa""]",,,Animales salvajes,,,,,Anchor,Grad-CAM,IG,LIME,Saliency,
C0271,U025,7,img_07,Opción D,3,3,3,3.0,25–34,Doctorado,Investigador/a (académico),5,3,Media: explicación breve con algo de detalle,"Intermedio: algunos términos técnicos, pero fáciles de seguir",Texto breve + imagen,Medio: el error podría causar cierta confusión o problema,"Explicaciones centradas en atributos o características concretas, Explicaciones basadas en reglas o razonamientos paso a paso, Explicaciones visuales (zonas destacadas en la imagen)","Transparencia: entender por qué el sistema tomó esa decisión, Detección de errores(Debugging): detectar fallos, errores o comportamientos inesperados del sistema, Escrutinio: evaluar críticamente si la decisión del sistema es adecuada, razonable o justa",7,2026-04-07 10:46:09.041,"[""Investigador/a (académico)""]","5 Experto: trabajo/investigo en IA; implemento, entreno y evalúo modelos con regularidad.","Experto: trabajo/investigo en IA; implemento, entreno y evalúo modelos con regularidad.",3 Intermedio: suelo identificar bastantes y entiendo rasgos/hábitats generales.,Intermedio: suelo identificar bastantes y entiendo rasgos/hábitats generales.,"[""Explicaciones centradas en atributos o características concretas"", ""Explicaciones basadas en reglas o razonamientos paso a paso"", ""Explicaciones visuales (zonas destacadas en la imagen)""]","[""Transparencia: entender por qué el sistema tomó esa decisión"", ""Detección de errores(Debugging): detectar fallos"", ""errores o comportamientos inesperados del sistema"", ""Escrutinio: evaluar críticamente si la decisión del sistema es adecuada"", ""razonable o justa""]",,,Animales salvajes,,,,,Anchor,Grad-CAM,IG,LIME,Saliency,
C0272,U025,8,img_08,Opción B,4,4,4,4.0,25–34,Doctorado,Investigador/a (académico),5,3,Media: explicación breve con algo de detalle,"Intermedio: algunos términos técnicos, pero fáciles de seguir",Texto breve + imagen,Medio: el error podría causar cierta confusión o problema,"Explicaciones centradas en atributos o características concretas, Explicaciones basadas en reglas o razonamientos paso a paso, Explicaciones visuales (zonas destacadas en la imagen)","Transparencia: entender por qué el sistema tomó esa decisión, Detección de errores(Debugging): detectar fallos, errores o comportamientos inesperados del sistema, Escrutinio: evaluar críticamente si la decisión del sistema es adecuada, razonable o justa",8,2026-04-07 10:46:09.041,"[""Investigador/a (académico)""]","5 Experto: trabajo/investigo en IA; implemento, entreno y evalúo modelos con regularidad.","Experto: trabajo/investigo en IA; implemento, entreno y evalúo modelos con regularidad.",3 Intermedio: suelo identificar bastantes y entiendo rasgos/hábitats generales.,Intermedio: suelo identificar bastantes y entiendo rasgos/hábitats generales.,"[""Explicaciones centradas en atributos o características concretas"", ""Explicaciones basadas en reglas o razonamientos paso a paso"", ""Explicaciones visuales (zonas destacadas en la imagen)""]","[""Transparencia: entender por qué el sistema tomó esa decisión"", ""Detección de errores(Debugging): detectar fallos"", ""errores o comportamientos inesperados del sistema"", ""Escrutinio: evaluar críticamente si la decisión del sistema es adecuada"", ""razonable o justa""]",,,Animales salvajes,,,,,Anchor,Grad-CAM,IG,LIME,Saliency,
C0273,U025,9,img_09,Opción B,4,5,4,4.333333333333333,25–34,Doctorado,Investigador/a (académico),5,3,Media: explicación breve con algo de detalle,"Intermedio: algunos términos técnicos, pero fáciles de seguir",Texto breve + imagen,Medio: el error podría causar cierta confusión o problema,"Explicaciones centradas en atributos o características concretas, Explicaciones basadas en reglas o razonamientos paso a paso, Explicaciones visuales (zonas destacadas en la imagen)","Transparencia: entender por qué el sistema tomó esa decisión, Detección de errores(Debugging): detectar fallos, errores o comportamientos inesperados del sistema, Escrutinio: evaluar críticamente si la decisión del sistema es adecuada, razonable o justa",9,2026-04-07 10:46:09.041,"[""Investigador/a (académico)""]","5 Experto: trabajo/investigo en IA; implemento, entreno y evalúo modelos con regularidad.","Experto: trabajo/investigo en IA; implemento, entreno y evalúo modelos con regularidad.",3 Intermedio: suelo identificar bastantes y entiendo rasgos/hábitats generales.,Intermedio: suelo identificar bastantes y entiendo rasgos/hábitats generales.,"[""Explicaciones centradas en atributos o características concretas"", ""Explicaciones basadas en reglas o razonamientos paso a paso"", ""Explicaciones visuales (zonas destacadas en la imagen)""]","[""Transparencia: entender por qué el sistema tomó esa decisión"", ""Detección de errores(Debugging): detectar fallos"", ""errores o comportamientos inesperados del sistema"", ""Escrutinio: evaluar críticamente si la decisión del sistema es adecuada"", ""razonable o justa""]",,,Animales salvajes,,,,,Anchor,Grad-CAM,IG,LIME,Saliency,
C0274,U025,10,img_10,Opción B,3,3,3,3.0,25–34,Doctorado,Investigador/a (académico),5,3,Media: explicación breve con algo de detalle,"Intermedio: algunos términos técnicos, pero fáciles de seguir",Texto breve + imagen,Medio: el error podría causar cierta confusión o problema,"Explicaciones centradas en atributos o características concretas, Explicaciones basadas en reglas o razonamientos paso a paso, Explicaciones visuales (zonas destacadas en la imagen)","Transparencia: entender por qué el sistema tomó esa decisión, Detección de errores(Debugging): detectar fallos, errores o comportamientos inesperados del sistema, Escrutinio: evaluar críticamente si la decisión del sistema es adecuada, razonable o justa",10,2026-04-07 10:46:09.041,"[""Investigador/a (académico)""]","5 Experto: trabajo/investigo en IA; implemento, entreno y evalúo modelos con regularidad.","Experto: trabajo/investigo en IA; implemento, entreno y evalúo modelos con regularidad.",3 Intermedio: suelo identificar bastantes y entiendo rasgos/hábitats generales.,Intermedio: suelo identificar bastantes y entiendo rasgos/hábitats generales.,"[""Explicaciones centradas en atributos o características concretas"", ""Explicaciones basadas en reglas o razonamientos paso a paso"", ""Explicaciones visuales (zonas destacadas en la imagen)""]","[""Transparencia: entender por qué el sistema tomó esa decisión"", ""Detección de errores(Debugging): detectar fallos"", ""errores o comportamientos inesperados del sistema"", ""Escrutinio: evaluar críticamente si la decisión del sistema es adecuada"", ""razonable o justa""]",,,Animales salvajes,,,,,Anchor,Grad-CAM,IG,LIME,Saliency,
C0275,U025,11,img_11,Opción B,4,4,4,4.0,25–34,Doctorado,Investigador/a (académico),5,3,Media: explicación breve con algo de detalle,"Intermedio: algunos términos técnicos, pero fáciles de seguir",Texto breve + imagen,Medio: el error podría causar cierta confusión o problema,"Explicaciones centradas en atributos o características concretas, Explicaciones basadas en reglas o razonamientos paso a paso, Explicaciones visuales (zonas destacadas en la imagen)","Transparencia: entender por qué el sistema tomó esa decisión, Detección de errores(Debugging): detectar fallos, errores o comportamientos inesperados del sistema, Escrutinio: evaluar críticamente si la decisión del sistema es adecuada, razonable o justa",11,2026-04-07 10:46:09.041,"[""Investigador/a (académico)""]","5 Experto: trabajo/investigo en IA; implemento, entreno y evalúo modelos con regularidad.","Experto: trabajo/investigo en IA; implemento, entreno y evalúo modelos con regularidad.",3 Intermedio: suelo identificar bastantes y entiendo rasgos/hábitats generales.,Intermedio: suelo identificar bastantes y entiendo rasgos/hábitats generales.,"[""Explicaciones centradas en atributos o características concretas"", ""Explicaciones basadas en reglas o razonamientos paso a paso"", ""Explicaciones visuales (zonas destacadas en la imagen)""]","[""Transparencia: entender por qué el sistema tomó esa decisión"", ""Detección de errores(Debugging): detectar fallos"", ""errores o comportamientos inesperados del sistema"", ""Escrutinio: evaluar críticamente si la decisión del sistema es adecuada"", ""razonable o justa""]",,,Animales salvajes,,,,,Anchor,Grad-CAM,IG,LIME,Saliency,
C0276,U026,1,img_01,Opción A,2,3,2,2.3333333333333335,18–24,Grado,"Estudiante, Investigador/a (académico)",4,3,Larga: explicación completa y detallada,"Intermedio: algunos términos técnicos, pero fáciles de seguir",Principalmente visual,Alto: el error podría tener consecuencias importantes,"Explicaciones con ejemplos similares, Explicaciones basadas en reglas o razonamientos paso a paso","Transparencia: entender por qué el sistema tomó esa decisión, Confianza: sentir mayor seguridad en la respuesta del sistema, Detección de errores(Debugging): detectar fallos, errores o comportamientos inesperados del sistema, Escrutinio: evaluar críticamente si la decisión del sistema es adecuada, razonable o justa",1,2026-04-07 10:50:51.736,"[""Estudiante"", ""Investigador/a (académico)""]","4 Nivel técnico: he estudiado IA/ML o he hecho proyectos; entiendo métricas, redes neuronales, overfitting, etc.","Nivel técnico: he estudiado IA/ML o he hecho proyectos; entiendo métricas, redes neuronales, overfitting, etc.",3 Intermedio: suelo identificar bastantes y entiendo rasgos/hábitats generales.,Intermedio: suelo identificar bastantes y entiendo rasgos/hábitats generales.,"[""Explicaciones con ejemplos similares"", ""Explicaciones basadas en reglas o razonamientos paso a paso""]","[""Transparencia: entender por qué el sistema tomó esa decisión"", ""Confianza: sentir mayor seguridad en la respuesta del sistema"", ""Detección de errores(Debugging): detectar fallos"", ""errores o comportamientos inesperados del sistema"", ""Escrutinio: evaluar críticamente si la decisión del sistema es adecuada"", ""razonable o justa""]",,,Animales salvajes,,,,,Anchor,Grad-CAM,IG,LIME,Saliency,
C0277,U026,2,img_02,Opción A,2,3,2,2.3333333333333335,18–24,Grado,"Estudiante, Investigador/a (académico)",4,3,Larga: explicación completa y detallada,"Intermedio: algunos términos técnicos, pero fáciles de seguir",Principalmente visual,Alto: el error podría tener consecuencias importantes,"Explicaciones con ejemplos similares, Explicaciones basadas en reglas o razonamientos paso a paso","Transparencia: entender por qué el sistema tomó esa decisión, Confianza: sentir mayor seguridad en la respuesta del sistema, Detección de errores(Debugging): detectar fallos, errores o comportamientos inesperados del sistema, Escrutinio: evaluar críticamente si la decisión del sistema es adecuada, razonable o justa",2,2026-04-07 10:50:51.736,"[""Estudiante"", ""Investigador/a (académico)""]","4 Nivel técnico: he estudiado IA/ML o he hecho proyectos; entiendo métricas, redes neuronales, overfitting, etc.","Nivel técnico: he estudiado IA/ML o he hecho proyectos; entiendo métricas, redes neuronales, overfitting, etc.",3 Intermedio: suelo identificar bastantes y entiendo rasgos/hábitats generales.,Intermedio: suelo identificar bastantes y entiendo rasgos/hábitats generales.,"[""Explicaciones con ejemplos similares"", ""Explicaciones basadas en reglas o razonamientos paso a paso""]","[""Transparencia: entender por qué el sistema tomó esa decisión"", ""Confianza: sentir mayor seguridad en la respuesta del sistema"", ""Detección de errores(Debugging): detectar fallos"", ""errores o comportamientos inesperados del sistema"", ""Escrutinio: evaluar críticamente si la decisión del sistema es adecuada"", ""razonable o justa""]",,,Animales salvajes,,,,,Anchor,Grad-CAM,IG,LIME,Saliency,
C0278,U026,3,img_03,Opción E,2,2,1,1.6666666666666667,18–24,Grado,"Estudiante, Investigador/a (académico)",4,3,Larga: explicación completa y detallada,"Intermedio: algunos términos técnicos, pero fáciles de seguir",Principalmente visual,Alto: el error podría tener consecuencias importantes,"Explicaciones con ejemplos similares, Explicaciones basadas en reglas o razonamientos paso a paso","Transparencia: entender por qué el sistema tomó esa decisión, Confianza: sentir mayor seguridad en la respuesta del sistema, Detección de errores(Debugging): detectar fallos, errores o comportamientos inesperados del sistema, Escrutinio: evaluar críticamente si la decisión del sistema es adecuada, razonable o justa",3,2026-04-07 10:50:51.736,"[""Estudiante"", ""Investigador/a (académico)""]","4 Nivel técnico: he estudiado IA/ML o he hecho proyectos; entiendo métricas, redes neuronales, overfitting, etc.","Nivel técnico: he estudiado IA/ML o he hecho proyectos; entiendo métricas, redes neuronales, overfitting, etc.",3 Intermedio: suelo identificar bastantes y entiendo rasgos/hábitats generales.,Intermedio: suelo identificar bastantes y entiendo rasgos/hábitats generales.,"[""Explicaciones con ejemplos similares"", ""Explicaciones basadas en reglas o razonamientos paso a paso""]","[""Transparencia: entender por qué el sistema tomó esa decisión"", ""Confianza: sentir mayor seguridad en la respuesta del sistema"", ""Detección de errores(Debugging): detectar fallos"", ""errores o comportamientos inesperados del sistema"", ""Escrutinio: evaluar críticamente si la decisión del sistema es adecuada"", ""razonable o justa""]",,,Animales salvajes,,,,,Anchor,Grad-CAM,IG,LIME,Saliency,
C0279,U026,4,img_04,Opción E,3,3,4,3.3333333333333335,18–24,Grado,"Estudiante, Investigador/a (académico)",4,3,Larga: explicación completa y detallada,"Intermedio: algunos términos técnicos, pero fáciles de seguir",Principalmente visual,Alto: el error podría tener consecuencias importantes,"Explicaciones con ejemplos similares, Explicaciones basadas en reglas o razonamientos paso a paso","Transparencia: entender por qué el sistema tomó esa decisión, Confianza: sentir mayor seguridad en la respuesta del sistema, Detección de errores(Debugging): detectar fallos, errores o comportamientos inesperados del sistema, Escrutinio: evaluar críticamente si la decisión del sistema es adecuada, razonable o justa",4,2026-04-07 10:50:51.736,"[""Estudiante"", ""Investigador/a (académico)""]","4 Nivel técnico: he estudiado IA/ML o he hecho proyectos; entiendo métricas, redes neuronales, overfitting, etc.","Nivel técnico: he estudiado IA/ML o he hecho proyectos; entiendo métricas, redes neuronales, overfitting, etc.",3 Intermedio: suelo identificar bastantes y entiendo rasgos/hábitats generales.,Intermedio: suelo identificar bastantes y entiendo rasgos/hábitats generales.,"[""Explicaciones con ejemplos similares"", ""Explicaciones basadas en reglas o razonamientos paso a paso""]","[""Transparencia: entender por qué el sistema tomó esa decisión"", ""Confianza: sentir mayor seguridad en la respuesta del sistema"", ""Detección de errores(Debugging): detectar fallos"", ""errores o comportamientos inesperados del sistema"", ""Escrutinio: evaluar críticamente si la decisión del sistema es adecuada"", ""razonable o justa""]",,,Animales salvajes,,,,,Anchor,Grad-CAM,IG,LIME,Saliency,
C0280,U026,5,img_05,Opción F (Ninguna),1,1,1,1.0,18–24,Grado,"Estudiante, Investigador/a (académico)",4,3,Larga: explicación completa y detallada,"Intermedio: algunos términos técnicos, pero fáciles de seguir",Principalmente visual,Alto: el error podría tener consecuencias importantes,"Explicaciones con ejemplos similares, Explicaciones basadas en reglas o razonamientos paso a paso","Transparencia: entender por qué el sistema tomó esa decisión, Confianza: sentir mayor seguridad en la respuesta del sistema, Detección de errores(Debugging): detectar fallos, errores o comportamientos inesperados del sistema, Escrutinio: evaluar críticamente si la decisión del sistema es adecuada, razonable o justa",5,2026-04-07 10:50:51.736,"[""Estudiante"", ""Investigador/a (académico)""]","4 Nivel técnico: he estudiado IA/ML o he hecho proyectos; entiendo métricas, redes neuronales, overfitting, etc.","Nivel técnico: he estudiado IA/ML o he hecho proyectos; entiendo métricas, redes neuronales, overfitting, etc.",3 Intermedio: suelo identificar bastantes y entiendo rasgos/hábitats generales.,Intermedio: suelo identificar bastantes y entiendo rasgos/hábitats generales.,"[""Explicaciones con ejemplos similares"", ""Explicaciones basadas en reglas o razonamientos paso a paso""]","[""Transparencia: entender por qué el sistema tomó esa decisión"", ""Confianza: sentir mayor seguridad en la respuesta del sistema"", ""Detección de errores(Debugging): detectar fallos"", ""errores o comportamientos inesperados del sistema"", ""Escrutinio: evaluar críticamente si la decisión del sistema es adecuada"", ""razonable o justa""]",,,Animales salvajes,,,,,Anchor,Grad-CAM,IG,LIME,Saliency,
C0281,U026,6,img_06,Opción A,3,2,3,2.6666666666666665,18–24,Grado,"Estudiante, Investigador/a (académico)",4,3,Larga: explicación completa y detallada,"Intermedio: algunos términos técnicos, pero fáciles de seguir",Principalmente visual,Alto: el error podría tener consecuencias importantes,"Explicaciones con ejemplos similares, Explicaciones basadas en reglas o razonamientos paso a paso","Transparencia: entender por qué el sistema tomó esa decisión, Confianza: sentir mayor seguridad en la respuesta del sistema, Detección de errores(Debugging): detectar fallos, errores o comportamientos inesperados del sistema, Escrutinio: evaluar críticamente si la decisión del sistema es adecuada, razonable o justa",6,2026-04-07 10:50:51.736,"[""Estudiante"", ""Investigador/a (académico)""]","4 Nivel técnico: he estudiado IA/ML o he hecho proyectos; entiendo métricas, redes neuronales, overfitting, etc.","Nivel técnico: he estudiado IA/ML o he hecho proyectos; entiendo métricas, redes neuronales, overfitting, etc.",3 Intermedio: suelo identificar bastantes y entiendo rasgos/hábitats generales.,Intermedio: suelo identificar bastantes y entiendo rasgos/hábitats generales.,"[""Explicaciones con ejemplos similares"", ""Explicaciones basadas en reglas o razonamientos paso a paso""]","[""Transparencia: entender por qué el sistema tomó esa decisión"", ""Confianza: sentir mayor seguridad en la respuesta del sistema"", ""Detección de errores(Debugging): detectar fallos"", ""errores o comportamientos inesperados del sistema"", ""Escrutinio: evaluar críticamente si la decisión del sistema es adecuada"", ""razonable o justa""]",,,Animales salvajes,,,,,Anchor,Grad-CAM,IG,LIME,Saliency,
C0282,U026,7,img_07,Opción D,2,3,4,3.0,18–24,Grado,"Estudiante, Investigador/a (académico)",4,3,Larga: explicación completa y detallada,"Intermedio: algunos términos técnicos, pero fáciles de seguir",Principalmente visual,Alto: el error podría tener consecuencias importantes,"Explicaciones con ejemplos similares, Explicaciones basadas en reglas o razonamientos paso a paso","Transparencia: entender por qué el sistema tomó esa decisión, Confianza: sentir mayor seguridad en la respuesta del sistema, Detección de errores(Debugging): detectar fallos, errores o comportamientos inesperados del sistema, Escrutinio: evaluar críticamente si la decisión del sistema es adecuada, razonable o justa",7,2026-04-07 10:50:51.736,"[""Estudiante"", ""Investigador/a (académico)""]","4 Nivel técnico: he estudiado IA/ML o he hecho proyectos; entiendo métricas, redes neuronales, overfitting, etc.","Nivel técnico: he estudiado IA/ML o he hecho proyectos; entiendo métricas, redes neuronales, overfitting, etc.",3 Intermedio: suelo identificar bastantes y entiendo rasgos/hábitats generales.,Intermedio: suelo identificar bastantes y entiendo rasgos/hábitats generales.,"[""Explicaciones con ejemplos similares"", ""Explicaciones basadas en reglas o razonamientos paso a paso""]","[""Transparencia: entender por qué el sistema tomó esa decisión"", ""Confianza: sentir mayor seguridad en la respuesta del sistema"", ""Detección de errores(Debugging): detectar fallos"", ""errores o comportamientos inesperados del sistema"", ""Escrutinio: evaluar críticamente si la decisión del sistema es adecuada"", ""razonable o justa""]",,,Animales salvajes,,,,,Anchor,Grad-CAM,IG,LIME,Saliency,
C0283,U026,8,img_08,Opción C,3,3,2,2.6666666666666665,18–24,Grado,"Estudiante, Investigador/a (académico)",4,3,Larga: explicación completa y detallada,"Intermedio: algunos términos técnicos, pero fáciles de seguir",Principalmente visual,Alto: el error podría tener consecuencias importantes,"Explicaciones con ejemplos similares, Explicaciones basadas en reglas o razonamientos paso a paso","Transparencia: entender por qué el sistema tomó esa decisión, Confianza: sentir mayor seguridad en la respuesta del sistema, Detección de errores(Debugging): detectar fallos, errores o comportamientos inesperados del sistema, Escrutinio: evaluar críticamente si la decisión del sistema es adecuada, razonable o justa",8,2026-04-07 10:50:51.736,"[""Estudiante"", ""Investigador/a (académico)""]","4 Nivel técnico: he estudiado IA/ML o he hecho proyectos; entiendo métricas, redes neuronales, overfitting, etc.","Nivel técnico: he estudiado IA/ML o he hecho proyectos; entiendo métricas, redes neuronales, overfitting, etc.",3 Intermedio: suelo identificar bastantes y entiendo rasgos/hábitats generales.,Intermedio: suelo identificar bastantes y entiendo rasgos/hábitats generales.,"[""Explicaciones con ejemplos similares"", ""Explicaciones basadas en reglas o razonamientos paso a paso""]","[""Transparencia: entender por qué el sistema tomó esa decisión"", ""Confianza: sentir mayor seguridad en la respuesta del sistema"", ""Detección de errores(Debugging): detectar fallos"", ""errores o comportamientos inesperados del sistema"", ""Escrutinio: evaluar críticamente si la decisión del sistema es adecuada"", ""razonable o justa""]",,,Animales salvajes,,,,,Anchor,Grad-CAM,IG,LIME,Saliency,
C0284,U026,9,img_09,Opción E,4,4,5,4.333333333333333,18–24,Grado,"Estudiante, Investigador/a (académico)",4,3,Larga: explicación completa y detallada,"Intermedio: algunos términos técnicos, pero fáciles de seguir",Principalmente visual,Alto: el error podría tener consecuencias importantes,"Explicaciones con ejemplos similares, Explicaciones basadas en reglas o razonamientos paso a paso","Transparencia: entender por qué el sistema tomó esa decisión, Confianza: sentir mayor seguridad en la respuesta del sistema, Detección de errores(Debugging): detectar fallos, errores o comportamientos inesperados del sistema, Escrutinio: evaluar críticamente si la decisión del sistema es adecuada, razonable o justa",9,2026-04-07 10:50:51.736,"[""Estudiante"", ""Investigador/a (académico)""]","4 Nivel técnico: he estudiado IA/ML o he hecho proyectos; entiendo métricas, redes neuronales, overfitting, etc.","Nivel técnico: he estudiado IA/ML o he hecho proyectos; entiendo métricas, redes neuronales, overfitting, etc.",3 Intermedio: suelo identificar bastantes y entiendo rasgos/hábitats generales.,Intermedio: suelo identificar bastantes y entiendo rasgos/hábitats generales.,"[""Explicaciones con ejemplos similares"", ""Explicaciones basadas en reglas o razonamientos paso a paso""]","[""Transparencia: entender por qué el sistema tomó esa decisión"", ""Confianza: sentir mayor seguridad en la respuesta del sistema"", ""Detección de errores(Debugging): detectar fallos"", ""errores o comportamientos inesperados del sistema"", ""Escrutinio: evaluar críticamente si la decisión del sistema es adecuada"", ""razonable o justa""]",,,Animales salvajes,,,,,Anchor,Grad-CAM,IG,LIME,Saliency,
C0285,U026,10,img_10,Opción E,3,4,4,3.6666666666666665,18–24,Grado,"Estudiante, Investigador/a (académico)",4,3,Larga: explicación completa y detallada,"Intermedio: algunos términos técnicos, pero fáciles de seguir",Principalmente visual,Alto: el error podría tener consecuencias importantes,"Explicaciones con ejemplos similares, Explicaciones basadas en reglas o razonamientos paso a paso","Transparencia: entender por qué el sistema tomó esa decisión, Confianza: sentir mayor seguridad en la respuesta del sistema, Detección de errores(Debugging): detectar fallos, errores o comportamientos inesperados del sistema, Escrutinio: evaluar críticamente si la decisión del sistema es adecuada, razonable o justa",10,2026-04-07 10:50:51.736,"[""Estudiante"", ""Investigador/a (académico)""]","4 Nivel técnico: he estudiado IA/ML o he hecho proyectos; entiendo métricas, redes neuronales, overfitting, etc.","Nivel técnico: he estudiado IA/ML o he hecho proyectos; entiendo métricas, redes neuronales, overfitting, etc.",3 Intermedio: suelo identificar bastantes y entiendo rasgos/hábitats generales.,Intermedio: suelo identificar bastantes y entiendo rasgos/hábitats generales.,"[""Explicaciones con ejemplos similares"", ""Explicaciones basadas en reglas o razonamientos paso a paso""]","[""Transparencia: entender por qué el sistema tomó esa decisión"", ""Confianza: sentir mayor seguridad en la respuesta del sistema"", ""Detección de errores(Debugging): detectar fallos"", ""errores o comportamientos inesperados del sistema"", ""Escrutinio: evaluar críticamente si la decisión del sistema es adecuada"", ""razonable o justa""]",,,Animales salvajes,,,,,Anchor,Grad-CAM,IG,LIME,Saliency,
C0286,U026,11,img_11,Opción B,3,2,3,2.6666666666666665,18–24,Grado,"Estudiante, Investigador/a (académico)",4,3,Larga: explicación completa y detallada,"Intermedio: algunos términos técnicos, pero fáciles de seguir",Principalmente visual,Alto: el error podría tener consecuencias importantes,"Explicaciones con ejemplos similares, Explicaciones basadas en reglas o razonamientos paso a paso","Transparencia: entender por qué el sistema tomó esa decisión, Confianza: sentir mayor seguridad en la respuesta del sistema, Detección de errores(Debugging): detectar fallos, errores o comportamientos inesperados del sistema, Escrutinio: evaluar críticamente si la decisión del sistema es adecuada, razonable o justa",11,2026-04-07 10:50:51.736,"[""Estudiante"", ""Investigador/a (académico)""]","4 Nivel técnico: he estudiado IA/ML o he hecho proyectos; entiendo métricas, redes neuronales, overfitting, etc.","Nivel técnico: he estudiado IA/ML o he hecho proyectos; entiendo métricas, redes neuronales, overfitting, etc.",3 Intermedio: suelo identificar bastantes y entiendo rasgos/hábitats generales.,Intermedio: suelo identificar bastantes y entiendo rasgos/hábitats generales.,"[""Explicaciones con ejemplos similares"", ""Explicaciones basadas en reglas o razonamientos paso a paso""]","[""Transparencia: entender por qué el sistema tomó esa decisión"", ""Confianza: sentir mayor seguridad en la respuesta del sistema"", ""Detección de errores(Debugging): detectar fallos"", ""errores o comportamientos inesperados del sistema"", ""Escrutinio: evaluar críticamente si la decisión del sistema es adecuada"", ""razonable o justa""]",,,Animales salvajes,,,,,Anchor,Grad-CAM,IG,LIME,Saliency,
C0287,U027,1,img_01,Opción B,5,5,5,5.0,18–24,Grado,"Estudiante, Investigador/a (académico)",4,3,Media: explicación breve con algo de detalle,"Intermedio: algunos términos técnicos, pero fáciles de seguir",Texto breve + imagen,Alto: el error podría tener consecuencias importantes,"Explicaciones centradas en atributos o características concretas, Explicaciones basadas en reglas o razonamientos paso a paso, Explicaciones visuales (zonas destacadas en la imagen)","Transparencia: entender por qué el sistema tomó esa decisión, Confianza: sentir mayor seguridad en la respuesta del sistema",1,2026-04-07 15:56:06.179,"[""Estudiante"", ""Investigador/a (académico)""]","4 Nivel técnico: he estudiado IA/ML o he hecho proyectos; entiendo métricas, redes neuronales, overfitting, etc.","Nivel técnico: he estudiado IA/ML o he hecho proyectos; entiendo métricas, redes neuronales, overfitting, etc.",3 Intermedio: suelo identificar bastantes y entiendo rasgos/hábitats generales.,Intermedio: suelo identificar bastantes y entiendo rasgos/hábitats generales.,"[""Explicaciones centradas en atributos o características concretas"", ""Explicaciones basadas en reglas o razonamientos paso a paso"", ""Explicaciones visuales (zonas destacadas en la imagen)""]","[""Transparencia: entender por qué el sistema tomó esa decisión"", ""Confianza: sentir mayor seguridad en la respuesta del sistema""]",,,Animales salvajes,,,,,Anchor,Grad-CAM,IG,LIME,Saliency,
C0288,U027,2,img_02,Opción B,5,5,5,5.0,18–24,Grado,"Estudiante, Investigador/a (académico)",4,3,Media: explicación breve con algo de detalle,"Intermedio: algunos términos técnicos, pero fáciles de seguir",Texto breve + imagen,Alto: el error podría tener consecuencias importantes,"Explicaciones centradas en atributos o características concretas, Explicaciones basadas en reglas o razonamientos paso a paso, Explicaciones visuales (zonas destacadas en la imagen)","Transparencia: entender por qué el sistema tomó esa decisión, Confianza: sentir mayor seguridad en la respuesta del sistema",2,2026-04-07 15:56:06.179,"[""Estudiante"", ""Investigador/a (académico)""]","4 Nivel técnico: he estudiado IA/ML o he hecho proyectos; entiendo métricas, redes neuronales, overfitting, etc.","Nivel técnico: he estudiado IA/ML o he hecho proyectos; entiendo métricas, redes neuronales, overfitting, etc.",3 Intermedio: suelo identificar bastantes y entiendo rasgos/hábitats generales.,Intermedio: suelo identificar bastantes y entiendo rasgos/hábitats generales.,"[""Explicaciones centradas en atributos o características concretas"", ""Explicaciones basadas en reglas o razonamientos paso a paso"", ""Explicaciones visuales (zonas destacadas en la imagen)""]","[""Transparencia: entender por qué el sistema tomó esa decisión"", ""Confianza: sentir mayor seguridad en la respuesta del sistema""]",,,Animales salvajes,,,,,Anchor,Grad-CAM,IG,LIME,Saliency,
C0289,U027,3,img_03,Opción B,5,5,5,5.0,18–24,Grado,"Estudiante, Investigador/a (académico)",4,3,Media: explicación breve con algo de detalle,"Intermedio: algunos términos técnicos, pero fáciles de seguir",Texto breve + imagen,Alto: el error podría tener consecuencias importantes,"Explicaciones centradas en atributos o características concretas, Explicaciones basadas en reglas o razonamientos paso a paso, Explicaciones visuales (zonas destacadas en la imagen)","Transparencia: entender por qué el sistema tomó esa decisión, Confianza: sentir mayor seguridad en la respuesta del sistema",3,2026-04-07 15:56:06.179,"[""Estudiante"", ""Investigador/a (académico)""]","4 Nivel técnico: he estudiado IA/ML o he hecho proyectos; entiendo métricas, redes neuronales, overfitting, etc.","Nivel técnico: he estudiado IA/ML o he hecho proyectos; entiendo métricas, redes neuronales, overfitting, etc.",3 Intermedio: suelo identificar bastantes y entiendo rasgos/hábitats generales.,Intermedio: suelo identificar bastantes y entiendo rasgos/hábitats generales.,"[""Explicaciones centradas en atributos o características concretas"", ""Explicaciones basadas en reglas o razonamientos paso a paso"", ""Explicaciones visuales (zonas destacadas en la imagen)""]","[""Transparencia: entender por qué el sistema tomó esa decisión"", ""Confianza: sentir mayor seguridad en la respuesta del sistema""]",,,Animales salvajes,,,,,Anchor,Grad-CAM,IG,LIME,Saliency,
C0290,U027,4,img_04,Opción B,5,5,5,5.0,18–24,Grado,"Estudiante, Investigador/a (académico)",4,3,Media: explicación breve con algo de detalle,"Intermedio: algunos términos técnicos, pero fáciles de seguir",Texto breve + imagen,Alto: el error podría tener consecuencias importantes,"Explicaciones centradas en atributos o características concretas, Explicaciones basadas en reglas o razonamientos paso a paso, Explicaciones visuales (zonas destacadas en la imagen)","Transparencia: entender por qué el sistema tomó esa decisión, Confianza: sentir mayor seguridad en la respuesta del sistema",4,2026-04-07 15:56:06.179,"[""Estudiante"", ""Investigador/a (académico)""]","4 Nivel técnico: he estudiado IA/ML o he hecho proyectos; entiendo métricas, redes neuronales, overfitting, etc.","Nivel técnico: he estudiado IA/ML o he hecho proyectos; entiendo métricas, redes neuronales, overfitting, etc.",3 Intermedio: suelo identificar bastantes y entiendo rasgos/hábitats generales.,Intermedio: suelo identificar bastantes y entiendo rasgos/hábitats generales.,"[""Explicaciones centradas en atributos o características concretas"", ""Explicaciones basadas en reglas o razonamientos paso a paso"", ""Explicaciones visuales (zonas destacadas en la imagen)""]","[""Transparencia: entender por qué el sistema tomó esa decisión"", ""Confianza: sentir mayor seguridad en la respuesta del sistema""]",,,Animales salvajes,,,,,Anchor,Grad-CAM,IG,LIME,Saliency,
C0291,U027,5,img_05,Opción F (Ninguna),3,3,3,3.0,18–24,Grado,"Estudiante, Investigador/a (académico)",4,3,Media: explicación breve con algo de detalle,"Intermedio: algunos términos técnicos, pero fáciles de seguir",Texto breve + imagen,Alto: el error podría tener consecuencias importantes,"Explicaciones centradas en atributos o características concretas, Explicaciones basadas en reglas o razonamientos paso a paso, Explicaciones visuales (zonas destacadas en la imagen)","Transparencia: entender por qué el sistema tomó esa decisión, Confianza: sentir mayor seguridad en la respuesta del sistema",5,2026-04-07 15:56:06.179,"[""Estudiante"", ""Investigador/a (académico)""]","4 Nivel técnico: he estudiado IA/ML o he hecho proyectos; entiendo métricas, redes neuronales, overfitting, etc.","Nivel técnico: he estudiado IA/ML o he hecho proyectos; entiendo métricas, redes neuronales, overfitting, etc.",3 Intermedio: suelo identificar bastantes y entiendo rasgos/hábitats generales.,Intermedio: suelo identificar bastantes y entiendo rasgos/hábitats generales.,"[""Explicaciones centradas en atributos o características concretas"", ""Explicaciones basadas en reglas o razonamientos paso a paso"", ""Explicaciones visuales (zonas destacadas en la imagen)""]","[""Transparencia: entender por qué el sistema tomó esa decisión"", ""Confianza: sentir mayor seguridad en la respuesta del sistema""]",,,Animales salvajes,,,,,Anchor,Grad-CAM,IG,LIME,Saliency,
C0292,U027,6,img_06,Opción D,4,4,4,4.0,18–24,Grado,"Estudiante, Investigador/a (académico)",4,3,Media: explicación breve con algo de detalle,"Intermedio: algunos términos técnicos, pero fáciles de seguir",Texto breve + imagen,Alto: el error podría tener consecuencias importantes,"Explicaciones centradas en atributos o características concretas, Explicaciones basadas en reglas o razonamientos paso a paso, Explicaciones visuales (zonas destacadas en la imagen)","Transparencia: entender por qué el sistema tomó esa decisión, Confianza: sentir mayor seguridad en la respuesta del sistema",6,2026-04-07 15:56:06.179,"[""Estudiante"", ""Investigador/a (académico)""]","4 Nivel técnico: he estudiado IA/ML o he hecho proyectos; entiendo métricas, redes neuronales, overfitting, etc.","Nivel técnico: he estudiado IA/ML o he hecho proyectos; entiendo métricas, redes neuronales, overfitting, etc.",3 Intermedio: suelo identificar bastantes y entiendo rasgos/hábitats generales.,Intermedio: suelo identificar bastantes y entiendo rasgos/hábitats generales.,"[""Explicaciones centradas en atributos o características concretas"", ""Explicaciones basadas en reglas o razonamientos paso a paso"", ""Explicaciones visuales (zonas destacadas en la imagen)""]","[""Transparencia: entender por qué el sistema tomó esa decisión"", ""Confianza: sentir mayor seguridad en la respuesta del sistema""]",,,Animales salvajes,,,,,Anchor,Grad-CAM,IG,LIME,Saliency,
C0293,U027,7,img_07,Opción B,5,5,5,5.0,18–24,Grado,"Estudiante, Investigador/a (académico)",4,3,Media: explicación breve con algo de detalle,"Intermedio: algunos términos técnicos, pero fáciles de seguir",Texto breve + imagen,Alto: el error podría tener consecuencias importantes,"Explicaciones centradas en atributos o características concretas, Explicaciones basadas en reglas o razonamientos paso a paso, Explicaciones visuales (zonas destacadas en la imagen)","Transparencia: entender por qué el sistema tomó esa decisión, Confianza: sentir mayor seguridad en la respuesta del sistema",7,2026-04-07 15:56:06.179,"[""Estudiante"", ""Investigador/a (académico)""]","4 Nivel técnico: he estudiado IA/ML o he hecho proyectos; entiendo métricas, redes neuronales, overfitting, etc.","Nivel técnico: he estudiado IA/ML o he hecho proyectos; entiendo métricas, redes neuronales, overfitting, etc.",3 Intermedio: suelo identificar bastantes y entiendo rasgos/hábitats generales.,Intermedio: suelo identificar bastantes y entiendo rasgos/hábitats generales.,"[""Explicaciones centradas en atributos o características concretas"", ""Explicaciones basadas en reglas o razonamientos paso a paso"", ""Explicaciones visuales (zonas destacadas en la imagen)""]","[""Transparencia: entender por qué el sistema tomó esa decisión"", ""Confianza: sentir mayor seguridad en la respuesta del sistema""]",,,Animales salvajes,,,,,Anchor,Grad-CAM,IG,LIME,Saliency,
C0294,U027,8,img_08,Opción B,5,5,5,5.0,18–24,Grado,"Estudiante, Investigador/a (académico)",4,3,Media: explicación breve con algo de detalle,"Intermedio: algunos términos técnicos, pero fáciles de seguir",Texto breve + imagen,Alto: el error podría tener consecuencias importantes,"Explicaciones centradas en atributos o características concretas, Explicaciones basadas en reglas o razonamientos paso a paso, Explicaciones visuales (zonas destacadas en la imagen)","Transparencia: entender por qué el sistema tomó esa decisión, Confianza: sentir mayor seguridad en la respuesta del sistema",8,2026-04-07 15:56:06.179,"[""Estudiante"", ""Investigador/a (académico)""]","4 Nivel técnico: he estudiado IA/ML o he hecho proyectos; entiendo métricas, redes neuronales, overfitting, etc.","Nivel técnico: he estudiado IA/ML o he hecho proyectos; entiendo métricas, redes neuronales, overfitting, etc.",3 Intermedio: suelo identificar bastantes y entiendo rasgos/hábitats generales.,Intermedio: suelo identificar bastantes y entiendo rasgos/hábitats generales.,"[""Explicaciones centradas en atributos o características concretas"", ""Explicaciones basadas en reglas o razonamientos paso a paso"", ""Explicaciones visuales (zonas destacadas en la imagen)""]","[""Transparencia: entender por qué el sistema tomó esa decisión"", ""Confianza: sentir mayor seguridad en la respuesta del sistema""]",,,Animales salvajes,,,,,Anchor,Grad-CAM,IG,LIME,Saliency,
C0295,U027,9,img_09,Opción B,5,5,5,5.0,18–24,Grado,"Estudiante, Investigador/a (académico)",4,3,Media: explicación breve con algo de detalle,"Intermedio: algunos términos técnicos, pero fáciles de seguir",Texto breve + imagen,Alto: el error podría tener consecuencias importantes,"Explicaciones centradas en atributos o características concretas, Explicaciones basadas en reglas o razonamientos paso a paso, Explicaciones visuales (zonas destacadas en la imagen)","Transparencia: entender por qué el sistema tomó esa decisión, Confianza: sentir mayor seguridad en la respuesta del sistema",9,2026-04-07 15:56:06.179,"[""Estudiante"", ""Investigador/a (académico)""]","4 Nivel técnico: he estudiado IA/ML o he hecho proyectos; entiendo métricas, redes neuronales, overfitting, etc.","Nivel técnico: he estudiado IA/ML o he hecho proyectos; entiendo métricas, redes neuronales, overfitting, etc.",3 Intermedio: suelo identificar bastantes y entiendo rasgos/hábitats generales.,Intermedio: suelo identificar bastantes y entiendo rasgos/hábitats generales.,"[""Explicaciones centradas en atributos o características concretas"", ""Explicaciones basadas en reglas o razonamientos paso a paso"", ""Explicaciones visuales (zonas destacadas en la imagen)""]","[""Transparencia: entender por qué el sistema tomó esa decisión"", ""Confianza: sentir mayor seguridad en la respuesta del sistema""]",,,Animales salvajes,,,,,Anchor,Grad-CAM,IG,LIME,Saliency,
C0296,U027,10,img_10,Opción B,5,5,5,5.0,18–24,Grado,"Estudiante, Investigador/a (académico)",4,3,Media: explicación breve con algo de detalle,"Intermedio: algunos términos técnicos, pero fáciles de seguir",Texto breve + imagen,Alto: el error podría tener consecuencias importantes,"Explicaciones centradas en atributos o características concretas, Explicaciones basadas en reglas o razonamientos paso a paso, Explicaciones visuales (zonas destacadas en la imagen)","Transparencia: entender por qué el sistema tomó esa decisión, Confianza: sentir mayor seguridad en la respuesta del sistema",10,2026-04-07 15:56:06.179,"[""Estudiante"", ""Investigador/a (académico)""]","4 Nivel técnico: he estudiado IA/ML o he hecho proyectos; entiendo métricas, redes neuronales, overfitting, etc.","Nivel técnico: he estudiado IA/ML o he hecho proyectos; entiendo métricas, redes neuronales, overfitting, etc.",3 Intermedio: suelo identificar bastantes y entiendo rasgos/hábitats generales.,Intermedio: suelo identificar bastantes y entiendo rasgos/hábitats generales.,"[""Explicaciones centradas en atributos o características concretas"", ""Explicaciones basadas en reglas o razonamientos paso a paso"", ""Explicaciones visuales (zonas destacadas en la imagen)""]","[""Transparencia: entender por qué el sistema tomó esa decisión"", ""Confianza: sentir mayor seguridad en la respuesta del sistema""]",,,Animales salvajes,,,,,Anchor,Grad-CAM,IG,LIME,Saliency,
C0297,U027,11,img_11,Opción B,5,5,5,5.0,18–24,Grado,"Estudiante, Investigador/a (académico)",4,3,Media: explicación breve con algo de detalle,"Intermedio: algunos términos técnicos, pero fáciles de seguir",Texto breve + imagen,Alto: el error podría tener consecuencias importantes,"Explicaciones centradas en atributos o características concretas, Explicaciones basadas en reglas o razonamientos paso a paso, Explicaciones visuales (zonas destacadas en la imagen)","Transparencia: entender por qué el sistema tomó esa decisión, Confianza: sentir mayor seguridad en la respuesta del sistema",11,2026-04-07 15:56:06.179,"[""Estudiante"", ""Investigador/a (académico)""]","4 Nivel técnico: he estudiado IA/ML o he hecho proyectos; entiendo métricas, redes neuronales, overfitting, etc.","Nivel técnico: he estudiado IA/ML o he hecho proyectos; entiendo métricas, redes neuronales, overfitting, etc.",3 Intermedio: suelo identificar bastantes y entiendo rasgos/hábitats generales.,Intermedio: suelo identificar bastantes y entiendo rasgos/hábitats generales.,"[""Explicaciones centradas en atributos o características concretas"", ""Explicaciones basadas en reglas o razonamientos paso a paso"", ""Explicaciones visuales (zonas destacadas en la imagen)""]","[""Transparencia: entender por qué el sistema tomó esa decisión"", ""Confianza: sentir mayor seguridad en la respuesta del sistema""]",,,Animales salvajes,,,,,Anchor,Grad-CAM,IG,LIME,Saliency,
