response_id,participant_id,age_range,education_level,occupation_category,ai_knowledge_level,domain_knowledge_level,image_id,image_label,domain,model_predicted_class,selected_option,selected_method,satisfaction,confidence,understanding,mean_helpfulness,preferred_response_length,preferred_technical_level,preferred_format,preferred_explanation_types,main_goals,perceived_error_impact
R0001,P023,18–24,Grado,Estudiante,3,2,5,img_05,Naturaleza / animales,Mariposa,Opción F (Ninguna),Ninguna,1,1,1,1.0,Media: explicación breve con algo de detalle,"Intermedio: algunos términos técnicos, pero fáciles de seguir",Texto breve + imagen,"Explicaciones con ejemplos similares, Explicaciones con comparaciones o contraejemplos","Transparencia: entender por qué el sistema tomó esa decisión, Eficiencia: comprender la respuesta de forma rápida, Efectividad: recibir una explicación útil para realizar mejor la tarea, Satisfacción: que la explicación resulte clara y útil para ti",Medio: el error podría causar cierta confusión o problema
R0002,P006,18–24,Bachillerato/FP,Estudiante,4,3,5,img_05,Naturaleza / animales,Mariposa,Opción D,LIME,2,3,3,2.6666666666666665,Corta: solo lo esencial,"Intermedio: algunos términos técnicos, pero fáciles de seguir",Texto breve + imagen,"Explicaciones con comparaciones o contraejemplos, Explicaciones centradas en atributos o características concretas, Explicaciones visuales (zonas destacadas en la imagen)","Transparencia: entender por qué el sistema tomó esa decisión, Eficiencia: comprender la respuesta de forma rápida, Satisfacción: que la explicación resulte clara y útil para ti, Detección de errores(Debugging): detectar fallos, errores o comportamientos inesperados del sistema, Escrutinio: evaluar críticamente si la decisión del sistema es adecuada, razonable o justa",Alto: el error podría tener consecuencias importantes
R0003,P003,18–24,Grado,Estudiante,4,4,7,img_07,Naturaleza / animales,Pajaro,Opción C,Integrated Gradients,4,4,4,4.0,Corta: solo lo esencial,Simple: lenguaje claro y sin tecnicismos,Me da igual,No tengo preferencia / me da igual,"Eficiencia: comprender la respuesta de forma rápida, Confianza: sentir mayor seguridad en la respuesta del sistema",Medio: el error podría causar cierta confusión o problema
R0004,P018,18–24,Grado,"Estudiante, Investigador/a (académico)",4,3,1,img_01,Naturaleza / animales,Aguila,Opción A,Anchor,2,3,2,2.3333333333333335,Larga: explicación completa y detallada,"Intermedio: algunos términos técnicos, pero fáciles de seguir",Principalmente visual,"Explicaciones con ejemplos similares, Explicaciones basadas en reglas o razonamientos paso a paso","Transparencia: entender por qué el sistema tomó esa decisión, Confianza: sentir mayor seguridad en la respuesta del sistema, Detección de errores(Debugging): detectar fallos, errores o comportamientos inesperados del sistema, Escrutinio: evaluar críticamente si la decisión del sistema es adecuada, razonable o justa",Alto: el error podría tener consecuencias importantes
R0005,P010,25–34,Doctorado,Investigador/a (académico),5,3,1,img_01,Naturaleza / animales,Aguila,Opción B,Grad-CAM,3,3,3,3.0,Media: explicación breve con algo de detalle,"Intermedio: algunos términos técnicos, pero fáciles de seguir",Texto breve + imagen,"Explicaciones centradas en atributos o características concretas, Explicaciones basadas en reglas o razonamientos paso a paso, Explicaciones visuales (zonas destacadas en la imagen)","Transparencia: entender por qué el sistema tomó esa decisión, Detección de errores(Debugging): detectar fallos, errores o comportamientos inesperados del sistema, Escrutinio: evaluar críticamente si la decisión del sistema es adecuada, razonable o justa",Medio: el error podría causar cierta confusión o problema
R0006,P004,25–34,Master,Profesional del sector tecnológico / IA / datos,3,4,4,img_04,Naturaleza / animales,Araña,Opción C,Integrated Gradients,5,5,5,5.0,Media: explicación breve con algo de detalle,"Intermedio: algunos términos técnicos, pero fáciles de seguir",Texto breve + imagen,Explicaciones visuales (zonas destacadas en la imagen),"Eficiencia: comprender la respuesta de forma rápida, Efectividad: recibir una explicación útil para realizar mejor la tarea, Satisfacción: que la explicación resulte clara y útil para ti, Detección de errores(Debugging): detectar fallos, errores o comportamientos inesperados del sistema",Medio: el error podría causar cierta confusión o problema
R0007,P014,18–24,Grado,"Estudiante, Otro / texto libre anonimizado",5,2,9,img_09,Naturaleza / animales,Aguila,Opción F (Ninguna),Ninguna,1,1,1,1.0,Corta: solo lo esencial,Técnico: explicación más especializada y precisa,Texto breve + imagen,"Explicaciones con ejemplos similares, Explicaciones con comparaciones o contraejemplos, Explicaciones visuales (zonas destacadas en la imagen)","Transparencia: entender por qué el sistema tomó esa decisión, Satisfacción: que la explicación resulte clara y útil para ti, Detección de errores(Debugging): detectar fallos, errores o comportamientos inesperados del sistema, Educación: aprender más sobre la imagen, el problema o el funcionamiento del sistema",Alto: el error podría tener consecuencias importantes
R0008,P025,18–24,Grado,"Estudiante, Investigador/a (académico)",5,3,8,img_08,Naturaleza / animales,Mariposa,Opción C,Integrated Gradients,4,4,5,4.333333333333333,Media: explicación breve con algo de detalle,"Intermedio: algunos términos técnicos, pero fáciles de seguir",Texto detallado + imagen,"Explicaciones con comparaciones o contraejemplos, Explicaciones visuales (zonas destacadas en la imagen)","Transparencia: entender por qué el sistema tomó esa decisión, Detección de errores(Debugging): detectar fallos, errores o comportamientos inesperados del sistema, Educación: aprender más sobre la imagen, el problema o el funcionamiento del sistema, Escrutinio: evaluar críticamente si la decisión del sistema es adecuada, razonable o justa",Alto: el error podría tener consecuencias importantes
R0009,P011,18–24,Grado,Profesional de otro sector,4,2,1,img_01,Naturaleza / animales,Aguila,Opción A,Anchor,3,2,3,2.6666666666666665,Media: explicación breve con algo de detalle,Simple: lenguaje claro y sin tecnicismos,Texto detallado + imagen,"Explicaciones con ejemplos similares, Explicaciones con comparaciones o contraejemplos, Explicaciones centradas en atributos o características concretas, Explicaciones basadas en reglas o razonamientos paso a paso, Explicaciones visuales (zonas destacadas en la imagen), No tengo preferencia / me da igual","Transparencia: entender por qué el sistema tomó esa decisión, Efectividad: recibir una explicación útil para realizar mejor la tarea, Satisfacción: que la explicación resulte clara y útil para ti, Educación: aprender más sobre la imagen, el problema o el funcionamiento del sistema, Escrutinio: evaluar críticamente si la decisión del sistema es adecuada, razonable o justa",Medio: el error podría causar cierta confusión o problema
R0010,P004,25–34,Master,Profesional del sector tecnológico / IA / datos,3,4,7,img_07,Naturaleza / animales,Pajaro,Opción E,Saliency,4,4,4,4.0,Media: explicación breve con algo de detalle,"Intermedio: algunos términos técnicos, pero fáciles de seguir",Texto breve + imagen,Explicaciones visuales (zonas destacadas en la imagen),"Eficiencia: comprender la respuesta de forma rápida, Efectividad: recibir una explicación útil para realizar mejor la tarea, Satisfacción: que la explicación resulte clara y útil para ti, Detección de errores(Debugging): detectar fallos, errores o comportamientos inesperados del sistema",Medio: el error podría causar cierta confusión o problema
R0011,P025,18–24,Grado,"Estudiante, Investigador/a (académico)",5,3,6,img_06,Naturaleza / animales,Tigre,Opción A,Anchor,4,4,4,4.0,Media: explicación breve con algo de detalle,"Intermedio: algunos términos técnicos, pero fáciles de seguir",Texto detallado + imagen,"Explicaciones con comparaciones o contraejemplos, Explicaciones visuales (zonas destacadas en la imagen)","Transparencia: entender por qué el sistema tomó esa decisión, Detección de errores(Debugging): detectar fallos, errores o comportamientos inesperados del sistema, Educación: aprender más sobre la imagen, el problema o el funcionamiento del sistema, Escrutinio: evaluar críticamente si la decisión del sistema es adecuada, razonable o justa",Alto: el error podría tener consecuencias importantes
R0012,P014,18–24,Grado,"Estudiante, Otro / texto libre anonimizado",5,2,10,img_10,Naturaleza / animales,Elefante,Opción C,Integrated Gradients,3,3,3,3.0,Corta: solo lo esencial,Técnico: explicación más especializada y precisa,Texto breve + imagen,"Explicaciones con ejemplos similares, Explicaciones con comparaciones o contraejemplos, Explicaciones visuales (zonas destacadas en la imagen)","Transparencia: entender por qué el sistema tomó esa decisión, Satisfacción: que la explicación resulte clara y útil para ti, Detección de errores(Debugging): detectar fallos, errores o comportamientos inesperados del sistema, Educación: aprender más sobre la imagen, el problema o el funcionamiento del sistema",Alto: el error podría tener consecuencias importantes
R0013,P008,18–24,Bachillerato/FP,Estudiante,2,2,4,img_04,Naturaleza / animales,Araña,Opción E,Saliency,3,3,3,3.0,Media: explicación breve con algo de detalle,"Intermedio: algunos términos técnicos, pero fáciles de seguir",Texto breve + imagen,Explicaciones con comparaciones o contraejemplos,"Efectividad: recibir una explicación útil para realizar mejor la tarea, Satisfacción: que la explicación resulte clara y útil para ti",Medio: el error podría causar cierta confusión o problema
R0014,P002,18–24,Grado,"Estudiante, Profesional del sector tecnológico / IA / datos",4,3,5,img_05,Naturaleza / animales,Mariposa,Opción C,Integrated Gradients,3,2,4,3.0,Larga: explicación completa y detallada,"Intermedio: algunos términos técnicos, pero fáciles de seguir",Texto detallado + imagen,"Explicaciones con comparaciones o contraejemplos, Explicaciones centradas en atributos o características concretas, Explicaciones basadas en reglas o razonamientos paso a paso","Transparencia: entender por qué el sistema tomó esa decisión, Confianza: sentir mayor seguridad en la respuesta del sistema, Efectividad: recibir una explicación útil para realizar mejor la tarea, Satisfacción: que la explicación resulte clara y útil para ti, Detección de errores(Debugging): detectar fallos, errores o comportamientos inesperados del sistema, Educación: aprender más sobre la imagen, el problema o el funcionamiento del sistema, Escrutinio: evaluar críticamente si la decisión del sistema es adecuada, razonable o justa",Medio: el error podría causar cierta confusión o problema
R0015,P014,18–24,Grado,"Estudiante, Otro / texto libre anonimizado",5,2,8,img_08,Naturaleza / animales,Mariposa,Opción C,Integrated Gradients,2,2,3,2.3333333333333335,Corta: solo lo esencial,Técnico: explicación más especializada y precisa,Texto breve + imagen,"Explicaciones con ejemplos similares, Explicaciones con comparaciones o contraejemplos, Explicaciones visuales (zonas destacadas en la imagen)","Transparencia: entender por qué el sistema tomó esa decisión, Satisfacción: que la explicación resulte clara y útil para ti, Detección de errores(Debugging): detectar fallos, errores o comportamientos inesperados del sistema, Educación: aprender más sobre la imagen, el problema o el funcionamiento del sistema",Alto: el error podría tener consecuencias importantes
R0016,P027,18–24,Master,"Estudiante, Investigador/a (académico), Docente / profesor/a",5,3,6,img_06,Naturaleza / animales,Tigre,Opción A,Anchor,4,4,4,4.0,Corta: solo lo esencial,Simple: lenguaje claro y sin tecnicismos,Texto breve + imagen,"Explicaciones centradas en atributos o características concretas, Explicaciones basadas en reglas o razonamientos paso a paso","Transparencia: entender por qué el sistema tomó esa decisión, Confianza: sentir mayor seguridad en la respuesta del sistema, Satisfacción: que la explicación resulte clara y útil para ti, Persuasión: convencerte de que la decisión del sistema está justificada, Detección de errores(Debugging): detectar fallos, errores o comportamientos inesperados del sistema",Bajo: el error apenas tendría consecuencias
R0017,P027,18–24,Master,"Estudiante, Investigador/a (académico), Docente / profesor/a",5,3,7,img_07,Naturaleza / animales,Pajaro,Opción E,Saliency,3,3,2,2.6666666666666665,Corta: solo lo esencial,Simple: lenguaje claro y sin tecnicismos,Texto breve + imagen,"Explicaciones centradas en atributos o características concretas, Explicaciones basadas en reglas o razonamientos paso a paso","Transparencia: entender por qué el sistema tomó esa decisión, Confianza: sentir mayor seguridad en la respuesta del sistema, Satisfacción: que la explicación resulte clara y útil para ti, Persuasión: convencerte de que la decisión del sistema está justificada, Detección de errores(Debugging): detectar fallos, errores o comportamientos inesperados del sistema",Bajo: el error apenas tendría consecuencias
R0018,P002,18–24,Grado,"Estudiante, Profesional del sector tecnológico / IA / datos",4,3,8,img_08,Naturaleza / animales,Mariposa,Opción C,Integrated Gradients,4,5,5,4.666666666666667,Larga: explicación completa y detallada,"Intermedio: algunos términos técnicos, pero fáciles de seguir",Texto detallado + imagen,"Explicaciones con comparaciones o contraejemplos, Explicaciones centradas en atributos o características concretas, Explicaciones basadas en reglas o razonamientos paso a paso","Transparencia: entender por qué el sistema tomó esa decisión, Confianza: sentir mayor seguridad en la respuesta del sistema, Efectividad: recibir una explicación útil para realizar mejor la tarea, Satisfacción: que la explicación resulte clara y útil para ti, Detección de errores(Debugging): detectar fallos, errores o comportamientos inesperados del sistema, Educación: aprender más sobre la imagen, el problema o el funcionamiento del sistema, Escrutinio: evaluar críticamente si la decisión del sistema es adecuada, razonable o justa",Medio: el error podría causar cierta confusión o problema
R0019,P003,18–24,Grado,Estudiante,4,4,4,img_04,Naturaleza / animales,Araña,Opción C,Integrated Gradients,4,5,4,4.333333333333333,Corta: solo lo esencial,Simple: lenguaje claro y sin tecnicismos,Me da igual,No tengo preferencia / me da igual,"Eficiencia: comprender la respuesta de forma rápida, Confianza: sentir mayor seguridad en la respuesta del sistema",Medio: el error podría causar cierta confusión o problema
R0020,P019,18–24,Grado,Estudiante,4,3,7,img_07,Naturaleza / animales,Pajaro,Opción F (Ninguna),Ninguna,1,1,1,1.0,Media: explicación breve con algo de detalle,"Intermedio: algunos términos técnicos, pero fáciles de seguir",Texto breve + imagen,"Explicaciones con ejemplos similares, Explicaciones con comparaciones o contraejemplos, Explicaciones visuales (zonas destacadas en la imagen)","Eficiencia: comprender la respuesta de forma rápida, Satisfacción: que la explicación resulte clara y útil para ti, Detección de errores(Debugging): detectar fallos, errores o comportamientos inesperados del sistema",Medio: el error podría causar cierta confusión o problema
R0021,P017,18–24,Grado,"Estudiante, Investigador/a (académico)",4,2,9,img_09,Naturaleza / animales,Aguila,Opción B,Grad-CAM,3,4,2,3.0,Larga: explicación completa y detallada,"Intermedio: algunos términos técnicos, pero fáciles de seguir",Principalmente visual,"Explicaciones centradas en atributos o características concretas, Explicaciones basadas en reglas o razonamientos paso a paso, Explicaciones visuales (zonas destacadas en la imagen)","Transparencia: entender por qué el sistema tomó esa decisión, Eficiencia: comprender la respuesta de forma rápida, Satisfacción: que la explicación resulte clara y útil para ti",Medio: el error podría causar cierta confusión o problema
R0022,P020,25–34,Doctorado,"Investigador/a (académico), Docente / profesor/a",5,2,5,img_05,Naturaleza / animales,Mariposa,Opción A,Anchor,2,3,3,2.6666666666666665,Media: explicación breve con algo de detalle,"Intermedio: algunos términos técnicos, pero fáciles de seguir",Texto detallado + imagen,"Explicaciones con ejemplos similares, Explicaciones con comparaciones o contraejemplos, Explicaciones centradas en atributos o características concretas","Transparencia: entender por qué el sistema tomó esa decisión, Confianza: sentir mayor seguridad en la respuesta del sistema, Efectividad: recibir una explicación útil para realizar mejor la tarea, Satisfacción: que la explicación resulte clara y útil para ti",Alto: el error podría tener consecuencias importantes
R0023,P006,18–24,Bachillerato/FP,Estudiante,4,3,7,img_07,Naturaleza / animales,Pajaro,Opción D,LIME,2,3,3,2.6666666666666665,Corta: solo lo esencial,"Intermedio: algunos términos técnicos, pero fáciles de seguir",Texto breve + imagen,"Explicaciones con comparaciones o contraejemplos, Explicaciones centradas en atributos o características concretas, Explicaciones visuales (zonas destacadas en la imagen)","Transparencia: entender por qué el sistema tomó esa decisión, Eficiencia: comprender la respuesta de forma rápida, Satisfacción: que la explicación resulte clara y útil para ti, Detección de errores(Debugging): detectar fallos, errores o comportamientos inesperados del sistema, Escrutinio: evaluar críticamente si la decisión del sistema es adecuada, razonable o justa",Alto: el error podría tener consecuencias importantes
R0024,P021,18–24,Grado,"Estudiante, Investigador/a (académico)",4,3,8,img_08,Naturaleza / animales,Mariposa,Opción B,Grad-CAM,5,5,5,5.0,Media: explicación breve con algo de detalle,"Intermedio: algunos términos técnicos, pero fáciles de seguir",Texto breve + imagen,"Explicaciones centradas en atributos o características concretas, Explicaciones basadas en reglas o razonamientos paso a paso, Explicaciones visuales (zonas destacadas en la imagen)","Transparencia: entender por qué el sistema tomó esa decisión, Confianza: sentir mayor seguridad en la respuesta del sistema",Alto: el error podría tener consecuencias importantes
R0025,P008,18–24,Bachillerato/FP,Estudiante,2,2,6,img_06,Naturaleza / animales,Tigre,Opción C,Integrated Gradients,3,3,3,3.0,Media: explicación breve con algo de detalle,"Intermedio: algunos términos técnicos, pero fáciles de seguir",Texto breve + imagen,Explicaciones con comparaciones o contraejemplos,"Efectividad: recibir una explicación útil para realizar mejor la tarea, Satisfacción: que la explicación resulte clara y útil para ti",Medio: el error podría causar cierta confusión o problema
R0026,P016,35–44,Grado,Desempleado/a / en búsqueda,4,2,4,img_04,Naturaleza / animales,Araña,Opción B,Grad-CAM,4,5,5,4.666666666666667,Corta: solo lo esencial,Simple: lenguaje claro y sin tecnicismos,Texto breve + imagen,"Explicaciones con ejemplos similares, Explicaciones con comparaciones o contraejemplos, Explicaciones basadas en reglas o razonamientos paso a paso, Explicaciones visuales (zonas destacadas en la imagen)","Transparencia: entender por qué el sistema tomó esa decisión, Eficiencia: comprender la respuesta de forma rápida, Confianza: sentir mayor seguridad en la respuesta del sistema, Efectividad: recibir una explicación útil para realizar mejor la tarea, Satisfacción: que la explicación resulte clara y útil para ti, Persuasión: convencerte de que la decisión del sistema está justificada, Detección de errores(Debugging): detectar fallos, errores o comportamientos inesperados del sistema, Educación: aprender más sobre la imagen, el problema o el funcionamiento del sistema, Escrutinio: evaluar críticamente si la decisión del sistema es adecuada, razonable o justa",Medio: el error podría causar cierta confusión o problema
R0027,P025,18–24,Grado,"Estudiante, Investigador/a (académico)",5,3,11,img_11,Naturaleza / animales,Tortuga,Opción B,Grad-CAM,4,4,5,4.333333333333333,Media: explicación breve con algo de detalle,"Intermedio: algunos términos técnicos, pero fáciles de seguir",Texto detallado + imagen,"Explicaciones con comparaciones o contraejemplos, Explicaciones visuales (zonas destacadas en la imagen)","Transparencia: entender por qué el sistema tomó esa decisión, Detección de errores(Debugging): detectar fallos, errores o comportamientos inesperados del sistema, Educación: aprender más sobre la imagen, el problema o el funcionamiento del sistema, Escrutinio: evaluar críticamente si la decisión del sistema es adecuada, razonable o justa",Alto: el error podría tener consecuencias importantes
R0028,P011,18–24,Grado,Profesional de otro sector,4,2,9,img_09,Naturaleza / animales,Aguila,Opción B,Grad-CAM,3,4,3,3.3333333333333335,Media: explicación breve con algo de detalle,Simple: lenguaje claro y sin tecnicismos,Texto detallado + imagen,"Explicaciones con ejemplos similares, Explicaciones con comparaciones o contraejemplos, Explicaciones centradas en atributos o características concretas, Explicaciones basadas en reglas o razonamientos paso a paso, Explicaciones visuales (zonas destacadas en la imagen), No tengo preferencia / me da igual","Transparencia: entender por qué el sistema tomó esa decisión, Efectividad: recibir una explicación útil para realizar mejor la tarea, Satisfacción: que la explicación resulte clara y útil para ti, Educación: aprender más sobre la imagen, el problema o el funcionamiento del sistema, Escrutinio: evaluar críticamente si la decisión del sistema es adecuada, razonable o justa",Medio: el error podría causar cierta confusión o problema
R0029,P001,25–34,Grado,Investigador/a (académico),3,3,7,img_07,Naturaleza / animales,Pajaro,Opción D,LIME,3,3,3,3.0,Media: explicación breve con algo de detalle,Simple: lenguaje claro y sin tecnicismos,Texto breve + imagen,"Explicaciones con ejemplos similares, Explicaciones basadas en reglas o razonamientos paso a paso, Explicaciones visuales (zonas destacadas en la imagen)","Eficiencia: comprender la respuesta de forma rápida, Efectividad: recibir una explicación útil para realizar mejor la tarea",Medio: el error podría causar cierta confusión o problema
R0030,P018,18–24,Grado,"Estudiante, Investigador/a (académico)",4,3,4,img_04,Naturaleza / animales,Araña,Opción E,Saliency,3,3,4,3.3333333333333335,Larga: explicación completa y detallada,"Intermedio: algunos términos técnicos, pero fáciles de seguir",Principalmente visual,"Explicaciones con ejemplos similares, Explicaciones basadas en reglas o razonamientos paso a paso","Transparencia: entender por qué el sistema tomó esa decisión, Confianza: sentir mayor seguridad en la respuesta del sistema, Detección de errores(Debugging): detectar fallos, errores o comportamientos inesperados del sistema, Escrutinio: evaluar críticamente si la decisión del sistema es adecuada, razonable o justa",Alto: el error podría tener consecuencias importantes
R0031,P007,18–24,Grado,Estudiante,3,3,6,img_06,Naturaleza / animales,Tigre,Opción B,Grad-CAM,2,2,2,2.0,Media: explicación breve con algo de detalle,"Intermedio: algunos términos técnicos, pero fáciles de seguir",Principalmente visual,"Explicaciones con comparaciones o contraejemplos, Explicaciones visuales (zonas destacadas en la imagen)","Transparencia: entender por qué el sistema tomó esa decisión, Detección de errores(Debugging): detectar fallos, errores o comportamientos inesperados del sistema, Educación: aprender más sobre la imagen, el problema o el funcionamiento del sistema",Alto: el error podría tener consecuencias importantes
R0032,P015,18–24,Bachillerato/FP,Estudiante,3,3,10,img_10,Naturaleza / animales,Elefante,Opción E,Saliency,3,3,3,3.0,Media: explicación breve con algo de detalle,"Intermedio: algunos términos técnicos, pero fáciles de seguir",Texto breve + imagen,"Explicaciones con ejemplos similares, Explicaciones basadas en reglas o razonamientos paso a paso, Explicaciones visuales (zonas destacadas en la imagen)","Confianza: sentir mayor seguridad en la respuesta del sistema, Efectividad: recibir una explicación útil para realizar mejor la tarea, Satisfacción: que la explicación resulte clara y útil para ti, Detección de errores(Debugging): detectar fallos, errores o comportamientos inesperados del sistema",Medio: el error podría causar cierta confusión o problema
R0033,P023,18–24,Grado,Estudiante,3,2,6,img_06,Naturaleza / animales,Tigre,Opción A,Anchor,4,4,4,4.0,Media: explicación breve con algo de detalle,"Intermedio: algunos términos técnicos, pero fáciles de seguir",Texto breve + imagen,"Explicaciones con ejemplos similares, Explicaciones con comparaciones o contraejemplos","Transparencia: entender por qué el sistema tomó esa decisión, Eficiencia: comprender la respuesta de forma rápida, Efectividad: recibir una explicación útil para realizar mejor la tarea, Satisfacción: que la explicación resulte clara y útil para ti",Medio: el error podría causar cierta confusión o problema
R0034,P023,18–24,Grado,Estudiante,3,2,4,img_04,Naturaleza / animales,Araña,Opción E,Saliency,3,3,4,3.3333333333333335,Media: explicación breve con algo de detalle,"Intermedio: algunos términos técnicos, pero fáciles de seguir",Texto breve + imagen,"Explicaciones con ejemplos similares, Explicaciones con comparaciones o contraejemplos","Transparencia: entender por qué el sistema tomó esa decisión, Eficiencia: comprender la respuesta de forma rápida, Efectividad: recibir una explicación útil para realizar mejor la tarea, Satisfacción: que la explicación resulte clara y útil para ti",Medio: el error podría causar cierta confusión o problema
R0035,P014,18–24,Grado,"Estudiante, Otro / texto libre anonimizado",5,2,1,img_01,Naturaleza / animales,Aguila,Opción D,LIME,2,2,2,2.0,Corta: solo lo esencial,Técnico: explicación más especializada y precisa,Texto breve + imagen,"Explicaciones con ejemplos similares, Explicaciones con comparaciones o contraejemplos, Explicaciones visuales (zonas destacadas en la imagen)","Transparencia: entender por qué el sistema tomó esa decisión, Satisfacción: que la explicación resulte clara y útil para ti, Detección de errores(Debugging): detectar fallos, errores o comportamientos inesperados del sistema, Educación: aprender más sobre la imagen, el problema o el funcionamiento del sistema",Alto: el error podría tener consecuencias importantes
R0036,P020,25–34,Doctorado,"Investigador/a (académico), Docente / profesor/a",5,2,4,img_04,Naturaleza / animales,Araña,Opción C,Integrated Gradients,4,4,4,4.0,Media: explicación breve con algo de detalle,"Intermedio: algunos términos técnicos, pero fáciles de seguir",Texto detallado + imagen,"Explicaciones con ejemplos similares, Explicaciones con comparaciones o contraejemplos, Explicaciones centradas en atributos o características concretas","Transparencia: entender por qué el sistema tomó esa decisión, Confianza: sentir mayor seguridad en la respuesta del sistema, Efectividad: recibir una explicación útil para realizar mejor la tarea, Satisfacción: que la explicación resulte clara y útil para ti",Alto: el error podría tener consecuencias importantes
R0037,P017,18–24,Grado,"Estudiante, Investigador/a (académico)",4,2,10,img_10,Naturaleza / animales,Elefante,Opción B,Grad-CAM,4,4,4,4.0,Larga: explicación completa y detallada,"Intermedio: algunos términos técnicos, pero fáciles de seguir",Principalmente visual,"Explicaciones centradas en atributos o características concretas, Explicaciones basadas en reglas o razonamientos paso a paso, Explicaciones visuales (zonas destacadas en la imagen)","Transparencia: entender por qué el sistema tomó esa decisión, Eficiencia: comprender la respuesta de forma rápida, Satisfacción: que la explicación resulte clara y útil para ti",Medio: el error podría causar cierta confusión o problema
R0038,P017,18–24,Grado,"Estudiante, Investigador/a (académico)",4,2,3,img_03,Naturaleza / animales,Serpiente,Opción A,Anchor,4,4,5,4.333333333333333,Larga: explicación completa y detallada,"Intermedio: algunos términos técnicos, pero fáciles de seguir",Principalmente visual,"Explicaciones centradas en atributos o características concretas, Explicaciones basadas en reglas o razonamientos paso a paso, Explicaciones visuales (zonas destacadas en la imagen)","Transparencia: entender por qué el sistema tomó esa decisión, Eficiencia: comprender la respuesta de forma rápida, Satisfacción: que la explicación resulte clara y útil para ti",Medio: el error podría causar cierta confusión o problema
R0039,P009,18–24,Prefiero no contestar,Prefiero no contestar,1,2,11,img_11,Naturaleza / animales,Tortuga,Opción B,Grad-CAM,3,3,2,2.6666666666666665,Corta: solo lo esencial,Simple: lenguaje claro y sin tecnicismos,Me da igual,No tengo preferencia / me da igual,"Educación: aprender más sobre la imagen, el problema o el funcionamiento del sistema",Medio: el error podría causar cierta confusión o problema
R0040,P012,18–24,Master,Estudiante,4,3,11,img_11,Naturaleza / animales,Tortuga,Opción B,Grad-CAM,4,4,4,4.0,Media: explicación breve con algo de detalle,"Intermedio: algunos términos técnicos, pero fáciles de seguir",Texto breve + imagen,"Explicaciones con ejemplos similares, Explicaciones con comparaciones o contraejemplos, Explicaciones visuales (zonas destacadas en la imagen)","Transparencia: entender por qué el sistema tomó esa decisión, Eficiencia: comprender la respuesta de forma rápida, Confianza: sentir mayor seguridad en la respuesta del sistema",Medio: el error podría causar cierta confusión o problema
R0041,P002,18–24,Grado,"Estudiante, Profesional del sector tecnológico / IA / datos",4,3,6,img_06,Naturaleza / animales,Tigre,Opción A,Anchor,4,4,4,4.0,Larga: explicación completa y detallada,"Intermedio: algunos términos técnicos, pero fáciles de seguir",Texto detallado + imagen,"Explicaciones con comparaciones o contraejemplos, Explicaciones centradas en atributos o características concretas, Explicaciones basadas en reglas o razonamientos paso a paso","Transparencia: entender por qué el sistema tomó esa decisión, Confianza: sentir mayor seguridad en la respuesta del sistema, Efectividad: recibir una explicación útil para realizar mejor la tarea, Satisfacción: que la explicación resulte clara y útil para ti, Detección de errores(Debugging): detectar fallos, errores o comportamientos inesperados del sistema, Educación: aprender más sobre la imagen, el problema o el funcionamiento del sistema, Escrutinio: evaluar críticamente si la decisión del sistema es adecuada, razonable o justa",Medio: el error podría causar cierta confusión o problema
R0042,P009,18–24,Prefiero no contestar,Prefiero no contestar,1,2,1,img_01,Naturaleza / animales,Aguila,Opción E,Saliency,2,4,4,3.3333333333333335,Corta: solo lo esencial,Simple: lenguaje claro y sin tecnicismos,Me da igual,No tengo preferencia / me da igual,"Educación: aprender más sobre la imagen, el problema o el funcionamiento del sistema",Medio: el error podría causar cierta confusión o problema
R0043,P019,18–24,Grado,Estudiante,4,3,8,img_08,Naturaleza / animales,Mariposa,Opción F (Ninguna),Ninguna,1,1,1,1.0,Media: explicación breve con algo de detalle,"Intermedio: algunos términos técnicos, pero fáciles de seguir",Texto breve + imagen,"Explicaciones con ejemplos similares, Explicaciones con comparaciones o contraejemplos, Explicaciones visuales (zonas destacadas en la imagen)","Eficiencia: comprender la respuesta de forma rápida, Satisfacción: que la explicación resulte clara y útil para ti, Detección de errores(Debugging): detectar fallos, errores o comportamientos inesperados del sistema",Medio: el error podría causar cierta confusión o problema
R0044,P027,18–24,Master,"Estudiante, Investigador/a (académico), Docente / profesor/a",5,3,10,img_10,Naturaleza / animales,Elefante,Opción E,Saliency,4,4,4,4.0,Corta: solo lo esencial,Simple: lenguaje claro y sin tecnicismos,Texto breve + imagen,"Explicaciones centradas en atributos o características concretas, Explicaciones basadas en reglas o razonamientos paso a paso","Transparencia: entender por qué el sistema tomó esa decisión, Confianza: sentir mayor seguridad en la respuesta del sistema, Satisfacción: que la explicación resulte clara y útil para ti, Persuasión: convencerte de que la decisión del sistema está justificada, Detección de errores(Debugging): detectar fallos, errores o comportamientos inesperados del sistema",Bajo: el error apenas tendría consecuencias
R0045,P018,18–24,Grado,"Estudiante, Investigador/a (académico)",4,3,8,img_08,Naturaleza / animales,Mariposa,Opción C,Integrated Gradients,3,3,2,2.6666666666666665,Larga: explicación completa y detallada,"Intermedio: algunos términos técnicos, pero fáciles de seguir",Principalmente visual,"Explicaciones con ejemplos similares, Explicaciones basadas en reglas o razonamientos paso a paso","Transparencia: entender por qué el sistema tomó esa decisión, Confianza: sentir mayor seguridad en la respuesta del sistema, Detección de errores(Debugging): detectar fallos, errores o comportamientos inesperados del sistema, Escrutinio: evaluar críticamente si la decisión del sistema es adecuada, razonable o justa",Alto: el error podría tener consecuencias importantes
R0046,P008,18–24,Bachillerato/FP,Estudiante,2,2,5,img_05,Naturaleza / animales,Mariposa,Opción D,LIME,3,4,4,3.6666666666666665,Media: explicación breve con algo de detalle,"Intermedio: algunos términos técnicos, pero fáciles de seguir",Texto breve + imagen,Explicaciones con comparaciones o contraejemplos,"Efectividad: recibir una explicación útil para realizar mejor la tarea, Satisfacción: que la explicación resulte clara y útil para ti",Medio: el error podría causar cierta confusión o problema
R0047,P024,18–24,Grado,Estudiante,5,2,3,img_03,Naturaleza / animales,Serpiente,Opción E,Saliency,4,4,4,4.0,Media: explicación breve con algo de detalle,"Intermedio: algunos términos técnicos, pero fáciles de seguir",Texto detallado + imagen,"Explicaciones con ejemplos similares, Explicaciones con comparaciones o contraejemplos, Explicaciones basadas en reglas o razonamientos paso a paso, Explicaciones visuales (zonas destacadas en la imagen)","Transparencia: entender por qué el sistema tomó esa decisión, Eficiencia: comprender la respuesta de forma rápida, Efectividad: recibir una explicación útil para realizar mejor la tarea, Persuasión: convencerte de que la decisión del sistema está justificada, Detección de errores(Debugging): detectar fallos, errores o comportamientos inesperados del sistema, Escrutinio: evaluar críticamente si la decisión del sistema es adecuada, razonable o justa",Medio: el error podría causar cierta confusión o problema
R0048,P014,18–24,Grado,"Estudiante, Otro / texto libre anonimizado",5,2,5,img_05,Naturaleza / animales,Mariposa,Opción A,Anchor,3,3,3,3.0,Corta: solo lo esencial,Técnico: explicación más especializada y precisa,Texto breve + imagen,"Explicaciones con ejemplos similares, Explicaciones con comparaciones o contraejemplos, Explicaciones visuales (zonas destacadas en la imagen)","Transparencia: entender por qué el sistema tomó esa decisión, Satisfacción: que la explicación resulte clara y útil para ti, Detección de errores(Debugging): detectar fallos, errores o comportamientos inesperados del sistema, Educación: aprender más sobre la imagen, el problema o el funcionamiento del sistema",Alto: el error podría tener consecuencias importantes
R0049,P008,18–24,Bachillerato/FP,Estudiante,2,2,8,img_08,Naturaleza / animales,Mariposa,Opción E,Saliency,3,4,3,3.3333333333333335,Media: explicación breve con algo de detalle,"Intermedio: algunos términos técnicos, pero fáciles de seguir",Texto breve + imagen,Explicaciones con comparaciones o contraejemplos,"Efectividad: recibir una explicación útil para realizar mejor la tarea, Satisfacción: que la explicación resulte clara y útil para ti",Medio: el error podría causar cierta confusión o problema
R0050,P016,35–44,Grado,Desempleado/a / en búsqueda,4,2,2,img_02,Naturaleza / animales,Pato,Opción E,Saliency,2,3,1,2.0,Corta: solo lo esencial,Simple: lenguaje claro y sin tecnicismos,Texto breve + imagen,"Explicaciones con ejemplos similares, Explicaciones con comparaciones o contraejemplos, Explicaciones basadas en reglas o razonamientos paso a paso, Explicaciones visuales (zonas destacadas en la imagen)","Transparencia: entender por qué el sistema tomó esa decisión, Eficiencia: comprender la respuesta de forma rápida, Confianza: sentir mayor seguridad en la respuesta del sistema, Efectividad: recibir una explicación útil para realizar mejor la tarea, Satisfacción: que la explicación resulte clara y útil para ti, Persuasión: convencerte de que la decisión del sistema está justificada, Detección de errores(Debugging): detectar fallos, errores o comportamientos inesperados del sistema, Educación: aprender más sobre la imagen, el problema o el funcionamiento del sistema, Escrutinio: evaluar críticamente si la decisión del sistema es adecuada, razonable o justa",Medio: el error podría causar cierta confusión o problema
R0051,P011,18–24,Grado,Profesional de otro sector,4,2,10,img_10,Naturaleza / animales,Elefante,Opción A,Anchor,4,4,3,3.6666666666666665,Media: explicación breve con algo de detalle,Simple: lenguaje claro y sin tecnicismos,Texto detallado + imagen,"Explicaciones con ejemplos similares, Explicaciones con comparaciones o contraejemplos, Explicaciones centradas en atributos o características concretas, Explicaciones basadas en reglas o razonamientos paso a paso, Explicaciones visuales (zonas destacadas en la imagen), No tengo preferencia / me da igual","Transparencia: entender por qué el sistema tomó esa decisión, Efectividad: recibir una explicación útil para realizar mejor la tarea, Satisfacción: que la explicación resulte clara y útil para ti, Educación: aprender más sobre la imagen, el problema o el funcionamiento del sistema, Escrutinio: evaluar críticamente si la decisión del sistema es adecuada, razonable o justa",Medio: el error podría causar cierta confusión o problema
R0052,P012,18–24,Master,Estudiante,4,3,9,img_09,Naturaleza / animales,Aguila,Opción E,Saliency,4,3,4,3.6666666666666665,Media: explicación breve con algo de detalle,"Intermedio: algunos términos técnicos, pero fáciles de seguir",Texto breve + imagen,"Explicaciones con ejemplos similares, Explicaciones con comparaciones o contraejemplos, Explicaciones visuales (zonas destacadas en la imagen)","Transparencia: entender por qué el sistema tomó esa decisión, Eficiencia: comprender la respuesta de forma rápida, Confianza: sentir mayor seguridad en la respuesta del sistema",Medio: el error podría causar cierta confusión o problema
R0053,P018,18–24,Grado,"Estudiante, Investigador/a (académico)",4,3,11,img_11,Naturaleza / animales,Tortuga,Opción B,Grad-CAM,3,2,3,2.6666666666666665,Larga: explicación completa y detallada,"Intermedio: algunos términos técnicos, pero fáciles de seguir",Principalmente visual,"Explicaciones con ejemplos similares, Explicaciones basadas en reglas o razonamientos paso a paso","Transparencia: entender por qué el sistema tomó esa decisión, Confianza: sentir mayor seguridad en la respuesta del sistema, Detección de errores(Debugging): detectar fallos, errores o comportamientos inesperados del sistema, Escrutinio: evaluar críticamente si la decisión del sistema es adecuada, razonable o justa",Alto: el error podría tener consecuencias importantes
R0054,P002,18–24,Grado,"Estudiante, Profesional del sector tecnológico / IA / datos",4,3,9,img_09,Naturaleza / animales,Aguila,Opción B,Grad-CAM,3,3,4,3.3333333333333335,Larga: explicación completa y detallada,"Intermedio: algunos términos técnicos, pero fáciles de seguir",Texto detallado + imagen,"Explicaciones con comparaciones o contraejemplos, Explicaciones centradas en atributos o características concretas, Explicaciones basadas en reglas o razonamientos paso a paso","Transparencia: entender por qué el sistema tomó esa decisión, Confianza: sentir mayor seguridad en la respuesta del sistema, Efectividad: recibir una explicación útil para realizar mejor la tarea, Satisfacción: que la explicación resulte clara y útil para ti, Detección de errores(Debugging): detectar fallos, errores o comportamientos inesperados del sistema, Educación: aprender más sobre la imagen, el problema o el funcionamiento del sistema, Escrutinio: evaluar críticamente si la decisión del sistema es adecuada, razonable o justa",Medio: el error podría causar cierta confusión o problema
R0055,P001,25–34,Grado,Investigador/a (académico),3,3,3,img_03,Naturaleza / animales,Serpiente,Opción B,Grad-CAM,3,3,3,3.0,Media: explicación breve con algo de detalle,Simple: lenguaje claro y sin tecnicismos,Texto breve + imagen,"Explicaciones con ejemplos similares, Explicaciones basadas en reglas o razonamientos paso a paso, Explicaciones visuales (zonas destacadas en la imagen)","Eficiencia: comprender la respuesta de forma rápida, Efectividad: recibir una explicación útil para realizar mejor la tarea",Medio: el error podría causar cierta confusión o problema
R0056,P008,18–24,Bachillerato/FP,Estudiante,2,2,1,img_01,Naturaleza / animales,Aguila,Opción A,Anchor,2,2,2,2.0,Media: explicación breve con algo de detalle,"Intermedio: algunos términos técnicos, pero fáciles de seguir",Texto breve + imagen,Explicaciones con comparaciones o contraejemplos,"Efectividad: recibir una explicación útil para realizar mejor la tarea, Satisfacción: que la explicación resulte clara y útil para ti",Medio: el error podría causar cierta confusión o problema
R0057,P014,18–24,Grado,"Estudiante, Otro / texto libre anonimizado",5,2,3,img_03,Naturaleza / animales,Serpiente,Opción A,Anchor,3,3,3,3.0,Corta: solo lo esencial,Técnico: explicación más especializada y precisa,Texto breve + imagen,"Explicaciones con ejemplos similares, Explicaciones con comparaciones o contraejemplos, Explicaciones visuales (zonas destacadas en la imagen)","Transparencia: entender por qué el sistema tomó esa decisión, Satisfacción: que la explicación resulte clara y útil para ti, Detección de errores(Debugging): detectar fallos, errores o comportamientos inesperados del sistema, Educación: aprender más sobre la imagen, el problema o el funcionamiento del sistema",Alto: el error podría tener consecuencias importantes
R0058,P009,18–24,Prefiero no contestar,Prefiero no contestar,1,2,6,img_06,Naturaleza / animales,Tigre,Opción D,LIME,3,3,3,3.0,Corta: solo lo esencial,Simple: lenguaje claro y sin tecnicismos,Me da igual,No tengo preferencia / me da igual,"Educación: aprender más sobre la imagen, el problema o el funcionamiento del sistema",Medio: el error podría causar cierta confusión o problema
R0059,P015,18–24,Bachillerato/FP,Estudiante,3,3,1,img_01,Naturaleza / animales,Aguila,Opción A,Anchor,2,2,2,2.0,Media: explicación breve con algo de detalle,"Intermedio: algunos términos técnicos, pero fáciles de seguir",Texto breve + imagen,"Explicaciones con ejemplos similares, Explicaciones basadas en reglas o razonamientos paso a paso, Explicaciones visuales (zonas destacadas en la imagen)","Confianza: sentir mayor seguridad en la respuesta del sistema, Efectividad: recibir una explicación útil para realizar mejor la tarea, Satisfacción: que la explicación resulte clara y útil para ti, Detección de errores(Debugging): detectar fallos, errores o comportamientos inesperados del sistema",Medio: el error podría causar cierta confusión o problema
R0060,P008,18–24,Bachillerato/FP,Estudiante,2,2,9,img_09,Naturaleza / animales,Aguila,Opción E,Saliency,3,2,3,2.6666666666666665,Media: explicación breve con algo de detalle,"Intermedio: algunos términos técnicos, pero fáciles de seguir",Texto breve + imagen,Explicaciones con comparaciones o contraejemplos,"Efectividad: recibir una explicación útil para realizar mejor la tarea, Satisfacción: que la explicación resulte clara y útil para ti",Medio: el error podría causar cierta confusión o problema
R0061,P012,18–24,Master,Estudiante,4,3,10,img_10,Naturaleza / animales,Elefante,Opción E,Saliency,4,4,4,4.0,Media: explicación breve con algo de detalle,"Intermedio: algunos términos técnicos, pero fáciles de seguir",Texto breve + imagen,"Explicaciones con ejemplos similares, Explicaciones con comparaciones o contraejemplos, Explicaciones visuales (zonas destacadas en la imagen)","Transparencia: entender por qué el sistema tomó esa decisión, Eficiencia: comprender la respuesta de forma rápida, Confianza: sentir mayor seguridad en la respuesta del sistema",Medio: el error podría causar cierta confusión o problema
R0062,P019,18–24,Grado,Estudiante,4,3,11,img_11,Naturaleza / animales,Tortuga,Opción F (Ninguna),Ninguna,1,1,2,1.3333333333333333,Media: explicación breve con algo de detalle,"Intermedio: algunos términos técnicos, pero fáciles de seguir",Texto breve + imagen,"Explicaciones con ejemplos similares, Explicaciones con comparaciones o contraejemplos, Explicaciones visuales (zonas destacadas en la imagen)","Eficiencia: comprender la respuesta de forma rápida, Satisfacción: que la explicación resulte clara y útil para ti, Detección de errores(Debugging): detectar fallos, errores o comportamientos inesperados del sistema",Medio: el error podría causar cierta confusión o problema
R0063,P001,25–34,Grado,Investigador/a (académico),3,3,8,img_08,Naturaleza / animales,Mariposa,Opción E,Saliency,3,3,3,3.0,Media: explicación breve con algo de detalle,Simple: lenguaje claro y sin tecnicismos,Texto breve + imagen,"Explicaciones con ejemplos similares, Explicaciones basadas en reglas o razonamientos paso a paso, Explicaciones visuales (zonas destacadas en la imagen)","Eficiencia: comprender la respuesta de forma rápida, Efectividad: recibir una explicación útil para realizar mejor la tarea",Medio: el error podría causar cierta confusión o problema
R0064,P019,18–24,Grado,Estudiante,4,3,10,img_10,Naturaleza / animales,Elefante,Opción E,Saliency,3,3,4,3.3333333333333335,Media: explicación breve con algo de detalle,"Intermedio: algunos términos técnicos, pero fáciles de seguir",Texto breve + imagen,"Explicaciones con ejemplos similares, Explicaciones con comparaciones o contraejemplos, Explicaciones visuales (zonas destacadas en la imagen)","Eficiencia: comprender la respuesta de forma rápida, Satisfacción: que la explicación resulte clara y útil para ti, Detección de errores(Debugging): detectar fallos, errores o comportamientos inesperados del sistema",Medio: el error podría causar cierta confusión o problema
R0065,P004,25–34,Master,Profesional del sector tecnológico / IA / datos,3,4,2,img_02,Naturaleza / animales,Pato,Opción B,Grad-CAM,5,5,5,5.0,Media: explicación breve con algo de detalle,"Intermedio: algunos términos técnicos, pero fáciles de seguir",Texto breve + imagen,Explicaciones visuales (zonas destacadas en la imagen),"Eficiencia: comprender la respuesta de forma rápida, Efectividad: recibir una explicación útil para realizar mejor la tarea, Satisfacción: que la explicación resulte clara y útil para ti, Detección de errores(Debugging): detectar fallos, errores o comportamientos inesperados del sistema",Medio: el error podría causar cierta confusión o problema
R0066,P013,25–34,Grado,"Estudiante, Profesional del sector tecnológico / IA / datos",4,3,7,img_07,Naturaleza / animales,Pajaro,Opción B,Grad-CAM,2,3,3,2.6666666666666665,Corta: solo lo esencial,"Intermedio: algunos términos técnicos, pero fáciles de seguir",Texto breve + imagen,"Explicaciones centradas en atributos o características concretas, Explicaciones basadas en reglas o razonamientos paso a paso","Transparencia: entender por qué el sistema tomó esa decisión, Confianza: sentir mayor seguridad en la respuesta del sistema",Medio: el error podría causar cierta confusión o problema
R0067,P015,18–24,Bachillerato/FP,Estudiante,3,3,5,img_05,Naturaleza / animales,Mariposa,Opción D,LIME,1,1,1,1.0,Media: explicación breve con algo de detalle,"Intermedio: algunos términos técnicos, pero fáciles de seguir",Texto breve + imagen,"Explicaciones con ejemplos similares, Explicaciones basadas en reglas o razonamientos paso a paso, Explicaciones visuales (zonas destacadas en la imagen)","Confianza: sentir mayor seguridad en la respuesta del sistema, Efectividad: recibir una explicación útil para realizar mejor la tarea, Satisfacción: que la explicación resulte clara y útil para ti, Detección de errores(Debugging): detectar fallos, errores o comportamientos inesperados del sistema",Medio: el error podría causar cierta confusión o problema
R0068,P017,18–24,Grado,"Estudiante, Investigador/a (académico)",4,2,4,img_04,Naturaleza / animales,Araña,Opción D,LIME,4,3,4,3.6666666666666665,Larga: explicación completa y detallada,"Intermedio: algunos términos técnicos, pero fáciles de seguir",Principalmente visual,"Explicaciones centradas en atributos o características concretas, Explicaciones basadas en reglas o razonamientos paso a paso, Explicaciones visuales (zonas destacadas en la imagen)","Transparencia: entender por qué el sistema tomó esa decisión, Eficiencia: comprender la respuesta de forma rápida, Satisfacción: que la explicación resulte clara y útil para ti",Medio: el error podría causar cierta confusión o problema
R0069,P020,25–34,Doctorado,"Investigador/a (académico), Docente / profesor/a",5,2,9,img_09,Naturaleza / animales,Aguila,Opción B,Grad-CAM,4,4,5,4.333333333333333,Media: explicación breve con algo de detalle,"Intermedio: algunos términos técnicos, pero fáciles de seguir",Texto detallado + imagen,"Explicaciones con ejemplos similares, Explicaciones con comparaciones o contraejemplos, Explicaciones centradas en atributos o características concretas","Transparencia: entender por qué el sistema tomó esa decisión, Confianza: sentir mayor seguridad en la respuesta del sistema, Efectividad: recibir una explicación útil para realizar mejor la tarea, Satisfacción: que la explicación resulte clara y útil para ti",Alto: el error podría tener consecuencias importantes
R0070,P011,18–24,Grado,Profesional de otro sector,4,2,11,img_11,Naturaleza / animales,Tortuga,Opción B,Grad-CAM,3,4,4,3.6666666666666665,Media: explicación breve con algo de detalle,Simple: lenguaje claro y sin tecnicismos,Texto detallado + imagen,"Explicaciones con ejemplos similares, Explicaciones con comparaciones o contraejemplos, Explicaciones centradas en atributos o características concretas, Explicaciones basadas en reglas o razonamientos paso a paso, Explicaciones visuales (zonas destacadas en la imagen), No tengo preferencia / me da igual","Transparencia: entender por qué el sistema tomó esa decisión, Efectividad: recibir una explicación útil para realizar mejor la tarea, Satisfacción: que la explicación resulte clara y útil para ti, Educación: aprender más sobre la imagen, el problema o el funcionamiento del sistema, Escrutinio: evaluar críticamente si la decisión del sistema es adecuada, razonable o justa",Medio: el error podría causar cierta confusión o problema
R0071,P019,18–24,Grado,Estudiante,4,3,9,img_09,Naturaleza / animales,Aguila,Opción F (Ninguna),Ninguna,1,1,1,1.0,Media: explicación breve con algo de detalle,"Intermedio: algunos términos técnicos, pero fáciles de seguir",Texto breve + imagen,"Explicaciones con ejemplos similares, Explicaciones con comparaciones o contraejemplos, Explicaciones visuales (zonas destacadas en la imagen)","Eficiencia: comprender la respuesta de forma rápida, Satisfacción: que la explicación resulte clara y útil para ti, Detección de errores(Debugging): detectar fallos, errores o comportamientos inesperados del sistema",Medio: el error podría causar cierta confusión o problema
R0072,P002,18–24,Grado,"Estudiante, Profesional del sector tecnológico / IA / datos",4,3,10,img_10,Naturaleza / animales,Elefante,Opción A,Anchor,5,4,5,4.666666666666667,Larga: explicación completa y detallada,"Intermedio: algunos términos técnicos, pero fáciles de seguir",Texto detallado + imagen,"Explicaciones con comparaciones o contraejemplos, Explicaciones centradas en atributos o características concretas, Explicaciones basadas en reglas o razonamientos paso a paso","Transparencia: entender por qué el sistema tomó esa decisión, Confianza: sentir mayor seguridad en la respuesta del sistema, Efectividad: recibir una explicación útil para realizar mejor la tarea, Satisfacción: que la explicación resulte clara y útil para ti, Detección de errores(Debugging): detectar fallos, errores o comportamientos inesperados del sistema, Educación: aprender más sobre la imagen, el problema o el funcionamiento del sistema, Escrutinio: evaluar críticamente si la decisión del sistema es adecuada, razonable o justa",Medio: el error podría causar cierta confusión o problema
R0073,P026,35–44,Doctorado,"Investigador/a (académico), Docente / profesor/a",3,3,10,img_10,Naturaleza / animales,Elefante,Opción E,Saliency,3,4,3,3.3333333333333335,Media: explicación breve con algo de detalle,"Intermedio: algunos términos técnicos, pero fáciles de seguir",Texto detallado + imagen,"Explicaciones centradas en atributos o características concretas, Explicaciones basadas en reglas o razonamientos paso a paso, Explicaciones visuales (zonas destacadas en la imagen)","Transparencia: entender por qué el sistema tomó esa decisión, Confianza: sentir mayor seguridad en la respuesta del sistema, Satisfacción: que la explicación resulte clara y útil para ti, Educación: aprender más sobre la imagen, el problema o el funcionamiento del sistema",Alto: el error podría tener consecuencias importantes
R0074,P005,18–24,Grado,"Estudiante, Investigador/a (académico)",4,3,6,img_06,Naturaleza / animales,Tigre,Opción D,LIME,4,3,4,3.6666666666666665,Media: explicación breve con algo de detalle,"Intermedio: algunos términos técnicos, pero fáciles de seguir",Texto breve + imagen,"Explicaciones basadas en reglas o razonamientos paso a paso, Explicaciones visuales (zonas destacadas en la imagen)","Confianza: sentir mayor seguridad en la respuesta del sistema, Detección de errores(Debugging): detectar fallos, errores o comportamientos inesperados del sistema, Escrutinio: evaluar críticamente si la decisión del sistema es adecuada, razonable o justa",Medio: el error podría causar cierta confusión o problema
R0075,P016,35–44,Grado,Desempleado/a / en búsqueda,4,2,6,img_06,Naturaleza / animales,Tigre,Opción D,LIME,2,2,4,2.6666666666666665,Corta: solo lo esencial,Simple: lenguaje claro y sin tecnicismos,Texto breve + imagen,"Explicaciones con ejemplos similares, Explicaciones con comparaciones o contraejemplos, Explicaciones basadas en reglas o razonamientos paso a paso, Explicaciones visuales (zonas destacadas en la imagen)","Transparencia: entender por qué el sistema tomó esa decisión, Eficiencia: comprender la respuesta de forma rápida, Confianza: sentir mayor seguridad en la respuesta del sistema, Efectividad: recibir una explicación útil para realizar mejor la tarea, Satisfacción: que la explicación resulte clara y útil para ti, Persuasión: convencerte de que la decisión del sistema está justificada, Detección de errores(Debugging): detectar fallos, errores o comportamientos inesperados del sistema, Educación: aprender más sobre la imagen, el problema o el funcionamiento del sistema, Escrutinio: evaluar críticamente si la decisión del sistema es adecuada, razonable o justa",Medio: el error podría causar cierta confusión o problema
R0076,P010,25–34,Doctorado,Investigador/a (académico),5,3,11,img_11,Naturaleza / animales,Tortuga,Opción B,Grad-CAM,4,4,4,4.0,Media: explicación breve con algo de detalle,"Intermedio: algunos términos técnicos, pero fáciles de seguir",Texto breve + imagen,"Explicaciones centradas en atributos o características concretas, Explicaciones basadas en reglas o razonamientos paso a paso, Explicaciones visuales (zonas destacadas en la imagen)","Transparencia: entender por qué el sistema tomó esa decisión, Detección de errores(Debugging): detectar fallos, errores o comportamientos inesperados del sistema, Escrutinio: evaluar críticamente si la decisión del sistema es adecuada, razonable o justa",Medio: el error podría causar cierta confusión o problema
R0077,P019,18–24,Grado,Estudiante,4,3,4,img_04,Naturaleza / animales,Araña,Opción C,Integrated Gradients,3,3,4,3.3333333333333335,Media: explicación breve con algo de detalle,"Intermedio: algunos términos técnicos, pero fáciles de seguir",Texto breve + imagen,"Explicaciones con ejemplos similares, Explicaciones con comparaciones o contraejemplos, Explicaciones visuales (zonas destacadas en la imagen)","Eficiencia: comprender la respuesta de forma rápida, Satisfacción: que la explicación resulte clara y útil para ti, Detección de errores(Debugging): detectar fallos, errores o comportamientos inesperados del sistema",Medio: el error podría causar cierta confusión o problema
R0078,P005,18–24,Grado,"Estudiante, Investigador/a (académico)",4,3,8,img_08,Naturaleza / animales,Mariposa,Opción B,Grad-CAM,4,4,4,4.0,Media: explicación breve con algo de detalle,"Intermedio: algunos términos técnicos, pero fáciles de seguir",Texto breve + imagen,"Explicaciones basadas en reglas o razonamientos paso a paso, Explicaciones visuales (zonas destacadas en la imagen)","Confianza: sentir mayor seguridad en la respuesta del sistema, Detección de errores(Debugging): detectar fallos, errores o comportamientos inesperados del sistema, Escrutinio: evaluar críticamente si la decisión del sistema es adecuada, razonable o justa",Medio: el error podría causar cierta confusión o problema
R0079,P007,18–24,Grado,Estudiante,3,3,9,img_09,Naturaleza / animales,Aguila,Opción E,Saliency,4,4,4,4.0,Media: explicación breve con algo de detalle,"Intermedio: algunos términos técnicos, pero fáciles de seguir",Principalmente visual,"Explicaciones con comparaciones o contraejemplos, Explicaciones visuales (zonas destacadas en la imagen)","Transparencia: entender por qué el sistema tomó esa decisión, Detección de errores(Debugging): detectar fallos, errores o comportamientos inesperados del sistema, Educación: aprender más sobre la imagen, el problema o el funcionamiento del sistema",Alto: el error podría tener consecuencias importantes
R0080,P015,18–24,Bachillerato/FP,Estudiante,3,3,6,img_06,Naturaleza / animales,Tigre,Opción D,LIME,2,2,2,2.0,Media: explicación breve con algo de detalle,"Intermedio: algunos términos técnicos, pero fáciles de seguir",Texto breve + imagen,"Explicaciones con ejemplos similares, Explicaciones basadas en reglas o razonamientos paso a paso, Explicaciones visuales (zonas destacadas en la imagen)","Confianza: sentir mayor seguridad en la respuesta del sistema, Efectividad: recibir una explicación útil para realizar mejor la tarea, Satisfacción: que la explicación resulte clara y útil para ti, Detección de errores(Debugging): detectar fallos, errores o comportamientos inesperados del sistema",Medio: el error podría causar cierta confusión o problema
R0081,P001,25–34,Grado,Investigador/a (académico),3,3,2,img_02,Naturaleza / animales,Pato,Opción A,Anchor,3,3,3,3.0,Media: explicación breve con algo de detalle,Simple: lenguaje claro y sin tecnicismos,Texto breve + imagen,"Explicaciones con ejemplos similares, Explicaciones basadas en reglas o razonamientos paso a paso, Explicaciones visuales (zonas destacadas en la imagen)","Eficiencia: comprender la respuesta de forma rápida, Efectividad: recibir una explicación útil para realizar mejor la tarea",Medio: el error podría causar cierta confusión o problema
R0082,P025,18–24,Grado,"Estudiante, Investigador/a (académico)",5,3,2,img_02,Naturaleza / animales,Pato,Opción C,Integrated Gradients,4,3,4,3.6666666666666665,Media: explicación breve con algo de detalle,"Intermedio: algunos términos técnicos, pero fáciles de seguir",Texto detallado + imagen,"Explicaciones con comparaciones o contraejemplos, Explicaciones visuales (zonas destacadas en la imagen)","Transparencia: entender por qué el sistema tomó esa decisión, Detección de errores(Debugging): detectar fallos, errores o comportamientos inesperados del sistema, Educación: aprender más sobre la imagen, el problema o el funcionamiento del sistema, Escrutinio: evaluar críticamente si la decisión del sistema es adecuada, razonable o justa",Alto: el error podría tener consecuencias importantes
R0083,P004,25–34,Master,Profesional del sector tecnológico / IA / datos,3,4,8,img_08,Naturaleza / animales,Mariposa,Opción C,Integrated Gradients,4,4,4,4.0,Media: explicación breve con algo de detalle,"Intermedio: algunos términos técnicos, pero fáciles de seguir",Texto breve + imagen,Explicaciones visuales (zonas destacadas en la imagen),"Eficiencia: comprender la respuesta de forma rápida, Efectividad: recibir una explicación útil para realizar mejor la tarea, Satisfacción: que la explicación resulte clara y útil para ti, Detección de errores(Debugging): detectar fallos, errores o comportamientos inesperados del sistema",Medio: el error podría causar cierta confusión o problema
R0084,P009,18–24,Prefiero no contestar,Prefiero no contestar,1,2,7,img_07,Naturaleza / animales,Pajaro,Opción F (Ninguna),Ninguna,1,1,1,1.0,Corta: solo lo esencial,Simple: lenguaje claro y sin tecnicismos,Me da igual,No tengo preferencia / me da igual,"Educación: aprender más sobre la imagen, el problema o el funcionamiento del sistema",Medio: el error podría causar cierta confusión o problema
R0085,P021,18–24,Grado,"Estudiante, Investigador/a (académico)",4,3,1,img_01,Naturaleza / animales,Aguila,Opción B,Grad-CAM,5,5,5,5.0,Media: explicación breve con algo de detalle,"Intermedio: algunos términos técnicos, pero fáciles de seguir",Texto breve + imagen,"Explicaciones centradas en atributos o características concretas, Explicaciones basadas en reglas o razonamientos paso a paso, Explicaciones visuales (zonas destacadas en la imagen)","Transparencia: entender por qué el sistema tomó esa decisión, Confianza: sentir mayor seguridad en la respuesta del sistema",Alto: el error podría tener consecuencias importantes
R0086,P007,18–24,Grado,Estudiante,3,3,4,img_04,Naturaleza / animales,Araña,Opción D,LIME,3,3,2,2.6666666666666665,Media: explicación breve con algo de detalle,"Intermedio: algunos términos técnicos, pero fáciles de seguir",Principalmente visual,"Explicaciones con comparaciones o contraejemplos, Explicaciones visuales (zonas destacadas en la imagen)","Transparencia: entender por qué el sistema tomó esa decisión, Detección de errores(Debugging): detectar fallos, errores o comportamientos inesperados del sistema, Educación: aprender más sobre la imagen, el problema o el funcionamiento del sistema",Alto: el error podría tener consecuencias importantes
R0087,P002,18–24,Grado,"Estudiante, Profesional del sector tecnológico / IA / datos",4,3,1,img_01,Naturaleza / animales,Aguila,Opción A,Anchor,4,4,4,4.0,Larga: explicación completa y detallada,"Intermedio: algunos términos técnicos, pero fáciles de seguir",Texto detallado + imagen,"Explicaciones con comparaciones o contraejemplos, Explicaciones centradas en atributos o características concretas, Explicaciones basadas en reglas o razonamientos paso a paso","Transparencia: entender por qué el sistema tomó esa decisión, Confianza: sentir mayor seguridad en la respuesta del sistema, Efectividad: recibir una explicación útil para realizar mejor la tarea, Satisfacción: que la explicación resulte clara y útil para ti, Detección de errores(Debugging): detectar fallos, errores o comportamientos inesperados del sistema, Educación: aprender más sobre la imagen, el problema o el funcionamiento del sistema, Escrutinio: evaluar críticamente si la decisión del sistema es adecuada, razonable o justa",Medio: el error podría causar cierta confusión o problema
R0088,P006,18–24,Bachillerato/FP,Estudiante,4,3,8,img_08,Naturaleza / animales,Mariposa,Opción B,Grad-CAM,2,3,3,2.6666666666666665,Corta: solo lo esencial,"Intermedio: algunos términos técnicos, pero fáciles de seguir",Texto breve + imagen,"Explicaciones con comparaciones o contraejemplos, Explicaciones centradas en atributos o características concretas, Explicaciones visuales (zonas destacadas en la imagen)","Transparencia: entender por qué el sistema tomó esa decisión, Eficiencia: comprender la respuesta de forma rápida, Satisfacción: que la explicación resulte clara y útil para ti, Detección de errores(Debugging): detectar fallos, errores o comportamientos inesperados del sistema, Escrutinio: evaluar críticamente si la decisión del sistema es adecuada, razonable o justa",Alto: el error podría tener consecuencias importantes
R0089,P024,18–24,Grado,Estudiante,5,2,11,img_11,Naturaleza / animales,Tortuga,Opción B,Grad-CAM,4,4,4,4.0,Media: explicación breve con algo de detalle,"Intermedio: algunos términos técnicos, pero fáciles de seguir",Texto detallado + imagen,"Explicaciones con ejemplos similares, Explicaciones con comparaciones o contraejemplos, Explicaciones basadas en reglas o razonamientos paso a paso, Explicaciones visuales (zonas destacadas en la imagen)","Transparencia: entender por qué el sistema tomó esa decisión, Eficiencia: comprender la respuesta de forma rápida, Efectividad: recibir una explicación útil para realizar mejor la tarea, Persuasión: convencerte de que la decisión del sistema está justificada, Detección de errores(Debugging): detectar fallos, errores o comportamientos inesperados del sistema, Escrutinio: evaluar críticamente si la decisión del sistema es adecuada, razonable o justa",Medio: el error podría causar cierta confusión o problema
R0090,P024,18–24,Grado,Estudiante,5,2,5,img_05,Naturaleza / animales,Mariposa,Opción F (Ninguna),Ninguna,1,1,1,1.0,Media: explicación breve con algo de detalle,"Intermedio: algunos términos técnicos, pero fáciles de seguir",Texto detallado + imagen,"Explicaciones con ejemplos similares, Explicaciones con comparaciones o contraejemplos, Explicaciones basadas en reglas o razonamientos paso a paso, Explicaciones visuales (zonas destacadas en la imagen)","Transparencia: entender por qué el sistema tomó esa decisión, Eficiencia: comprender la respuesta de forma rápida, Efectividad: recibir una explicación útil para realizar mejor la tarea, Persuasión: convencerte de que la decisión del sistema está justificada, Detección de errores(Debugging): detectar fallos, errores o comportamientos inesperados del sistema, Escrutinio: evaluar críticamente si la decisión del sistema es adecuada, razonable o justa",Medio: el error podría causar cierta confusión o problema
R0091,P004,25–34,Master,Profesional del sector tecnológico / IA / datos,3,4,5,img_05,Naturaleza / animales,Mariposa,Opción A,Anchor,3,4,4,3.6666666666666665,Media: explicación breve con algo de detalle,"Intermedio: algunos términos técnicos, pero fáciles de seguir",Texto breve + imagen,Explicaciones visuales (zonas destacadas en la imagen),"Eficiencia: comprender la respuesta de forma rápida, Efectividad: recibir una explicación útil para realizar mejor la tarea, Satisfacción: que la explicación resulte clara y útil para ti, Detección de errores(Debugging): detectar fallos, errores o comportamientos inesperados del sistema",Medio: el error podría causar cierta confusión o problema
R0092,P017,18–24,Grado,"Estudiante, Investigador/a (académico)",4,2,5,img_05,Naturaleza / animales,Mariposa,Opción D,LIME,4,3,4,3.6666666666666665,Larga: explicación completa y detallada,"Intermedio: algunos términos técnicos, pero fáciles de seguir",Principalmente visual,"Explicaciones centradas en atributos o características concretas, Explicaciones basadas en reglas o razonamientos paso a paso, Explicaciones visuales (zonas destacadas en la imagen)","Transparencia: entender por qué el sistema tomó esa decisión, Eficiencia: comprender la respuesta de forma rápida, Satisfacción: que la explicación resulte clara y útil para ti",Medio: el error podría causar cierta confusión o problema
R0093,P017,18–24,Grado,"Estudiante, Investigador/a (académico)",4,2,2,img_02,Naturaleza / animales,Pato,Opción A,Anchor,4,4,4,4.0,Larga: explicación completa y detallada,"Intermedio: algunos términos técnicos, pero fáciles de seguir",Principalmente visual,"Explicaciones centradas en atributos o características concretas, Explicaciones basadas en reglas o razonamientos paso a paso, Explicaciones visuales (zonas destacadas en la imagen)","Transparencia: entender por qué el sistema tomó esa decisión, Eficiencia: comprender la respuesta de forma rápida, Satisfacción: que la explicación resulte clara y útil para ti",Medio: el error podría causar cierta confusión o problema
R0094,P013,25–34,Grado,"Estudiante, Profesional del sector tecnológico / IA / datos",4,3,1,img_01,Naturaleza / animales,Aguila,Opción B,Grad-CAM,2,3,3,2.6666666666666665,Corta: solo lo esencial,"Intermedio: algunos términos técnicos, pero fáciles de seguir",Texto breve + imagen,"Explicaciones centradas en atributos o características concretas, Explicaciones basadas en reglas o razonamientos paso a paso","Transparencia: entender por qué el sistema tomó esa decisión, Confianza: sentir mayor seguridad en la respuesta del sistema",Medio: el error podría causar cierta confusión o problema
R0095,P001,25–34,Grado,Investigador/a (académico),3,3,4,img_04,Naturaleza / animales,Araña,Opción E,Saliency,3,3,3,3.0,Media: explicación breve con algo de detalle,Simple: lenguaje claro y sin tecnicismos,Texto breve + imagen,"Explicaciones con ejemplos similares, Explicaciones basadas en reglas o razonamientos paso a paso, Explicaciones visuales (zonas destacadas en la imagen)","Eficiencia: comprender la respuesta de forma rápida, Efectividad: recibir una explicación útil para realizar mejor la tarea",Medio: el error podría causar cierta confusión o problema
R0096,P014,18–24,Grado,"Estudiante, Otro / texto libre anonimizado",5,2,2,img_02,Naturaleza / animales,Pato,Opción B,Grad-CAM,4,4,4,4.0,Corta: solo lo esencial,Técnico: explicación más especializada y precisa,Texto breve + imagen,"Explicaciones con ejemplos similares, Explicaciones con comparaciones o contraejemplos, Explicaciones visuales (zonas destacadas en la imagen)","Transparencia: entender por qué el sistema tomó esa decisión, Satisfacción: que la explicación resulte clara y útil para ti, Detección de errores(Debugging): detectar fallos, errores o comportamientos inesperados del sistema, Educación: aprender más sobre la imagen, el problema o el funcionamiento del sistema",Alto: el error podría tener consecuencias importantes
R0097,P026,35–44,Doctorado,"Investigador/a (académico), Docente / profesor/a",3,3,8,img_08,Naturaleza / animales,Mariposa,Opción F (Ninguna),Ninguna,1,1,1,1.0,Media: explicación breve con algo de detalle,"Intermedio: algunos términos técnicos, pero fáciles de seguir",Texto detallado + imagen,"Explicaciones centradas en atributos o características concretas, Explicaciones basadas en reglas o razonamientos paso a paso, Explicaciones visuales (zonas destacadas en la imagen)","Transparencia: entender por qué el sistema tomó esa decisión, Confianza: sentir mayor seguridad en la respuesta del sistema, Satisfacción: que la explicación resulte clara y útil para ti, Educación: aprender más sobre la imagen, el problema o el funcionamiento del sistema",Alto: el error podría tener consecuencias importantes
R0098,P022,18–24,Grado,Investigador/a (académico),4,2,9,img_09,Naturaleza / animales,Aguila,Opción E,Saliency,4,4,4,4.0,Media: explicación breve con algo de detalle,"Intermedio: algunos términos técnicos, pero fáciles de seguir",Texto breve + imagen,"Explicaciones centradas en atributos o características concretas, Explicaciones visuales (zonas destacadas en la imagen)","Transparencia: entender por qué el sistema tomó esa decisión, Eficiencia: comprender la respuesta de forma rápida, Efectividad: recibir una explicación útil para realizar mejor la tarea, Detección de errores(Debugging): detectar fallos, errores o comportamientos inesperados del sistema",Alto: el error podría tener consecuencias importantes
R0099,P006,18–24,Bachillerato/FP,Estudiante,4,3,4,img_04,Naturaleza / animales,Araña,Opción A,Anchor,4,3,3,3.3333333333333335,Corta: solo lo esencial,"Intermedio: algunos términos técnicos, pero fáciles de seguir",Texto breve + imagen,"Explicaciones con comparaciones o contraejemplos, Explicaciones centradas en atributos o características concretas, Explicaciones visuales (zonas destacadas en la imagen)","Transparencia: entender por qué el sistema tomó esa decisión, Eficiencia: comprender la respuesta de forma rápida, Satisfacción: que la explicación resulte clara y útil para ti, Detección de errores(Debugging): detectar fallos, errores o comportamientos inesperados del sistema, Escrutinio: evaluar críticamente si la decisión del sistema es adecuada, razonable o justa",Alto: el error podría tener consecuencias importantes
R0100,P005,18–24,Grado,"Estudiante, Investigador/a (académico)",4,3,11,img_11,Naturaleza / animales,Tortuga,Opción B,Grad-CAM,4,4,4,4.0,Media: explicación breve con algo de detalle,"Intermedio: algunos términos técnicos, pero fáciles de seguir",Texto breve + imagen,"Explicaciones basadas en reglas o razonamientos paso a paso, Explicaciones visuales (zonas destacadas en la imagen)","Confianza: sentir mayor seguridad en la respuesta del sistema, Detección de errores(Debugging): detectar fallos, errores o comportamientos inesperados del sistema, Escrutinio: evaluar críticamente si la decisión del sistema es adecuada, razonable o justa",Medio: el error podría causar cierta confusión o problema
R0101,P003,18–24,Grado,Estudiante,4,4,9,img_09,Naturaleza / animales,Aguila,Opción E,Saliency,3,3,3,3.0,Corta: solo lo esencial,Simple: lenguaje claro y sin tecnicismos,Me da igual,No tengo preferencia / me da igual,"Eficiencia: comprender la respuesta de forma rápida, Confianza: sentir mayor seguridad en la respuesta del sistema",Medio: el error podría causar cierta confusión o problema
R0102,P014,18–24,Grado,"Estudiante, Otro / texto libre anonimizado",5,2,7,img_07,Naturaleza / animales,Pajaro,Opción D,LIME,4,4,4,4.0,Corta: solo lo esencial,Técnico: explicación más especializada y precisa,Texto breve + imagen,"Explicaciones con ejemplos similares, Explicaciones con comparaciones o contraejemplos, Explicaciones visuales (zonas destacadas en la imagen)","Transparencia: entender por qué el sistema tomó esa decisión, Satisfacción: que la explicación resulte clara y útil para ti, Detección de errores(Debugging): detectar fallos, errores o comportamientos inesperados del sistema, Educación: aprender más sobre la imagen, el problema o el funcionamiento del sistema",Alto: el error podría tener consecuencias importantes
R0103,P023,18–24,Grado,Estudiante,3,2,3,img_03,Naturaleza / animales,Serpiente,Opción E,Saliency,3,3,4,3.3333333333333335,Media: explicación breve con algo de detalle,"Intermedio: algunos términos técnicos, pero fáciles de seguir",Texto breve + imagen,"Explicaciones con ejemplos similares, Explicaciones con comparaciones o contraejemplos","Transparencia: entender por qué el sistema tomó esa decisión, Eficiencia: comprender la respuesta de forma rápida, Efectividad: recibir una explicación útil para realizar mejor la tarea, Satisfacción: que la explicación resulte clara y útil para ti",Medio: el error podría causar cierta confusión o problema
R0104,P019,18–24,Grado,Estudiante,4,3,5,img_05,Naturaleza / animales,Mariposa,Opción F (Ninguna),Ninguna,1,1,1,1.0,Media: explicación breve con algo de detalle,"Intermedio: algunos términos técnicos, pero fáciles de seguir",Texto breve + imagen,"Explicaciones con ejemplos similares, Explicaciones con comparaciones o contraejemplos, Explicaciones visuales (zonas destacadas en la imagen)","Eficiencia: comprender la respuesta de forma rápida, Satisfacción: que la explicación resulte clara y útil para ti, Detección de errores(Debugging): detectar fallos, errores o comportamientos inesperados del sistema",Medio: el error podría causar cierta confusión o problema
R0105,P018,18–24,Grado,"Estudiante, Investigador/a (académico)",4,3,6,img_06,Naturaleza / animales,Tigre,Opción A,Anchor,3,2,3,2.6666666666666665,Larga: explicación completa y detallada,"Intermedio: algunos términos técnicos, pero fáciles de seguir",Principalmente visual,"Explicaciones con ejemplos similares, Explicaciones basadas en reglas o razonamientos paso a paso","Transparencia: entender por qué el sistema tomó esa decisión, Confianza: sentir mayor seguridad en la respuesta del sistema, Detección de errores(Debugging): detectar fallos, errores o comportamientos inesperados del sistema, Escrutinio: evaluar críticamente si la decisión del sistema es adecuada, razonable o justa",Alto: el error podría tener consecuencias importantes
R0106,P017,18–24,Grado,"Estudiante, Investigador/a (académico)",4,2,1,img_01,Naturaleza / animales,Aguila,Opción B,Grad-CAM,3,4,2,3.0,Larga: explicación completa y detallada,"Intermedio: algunos términos técnicos, pero fáciles de seguir",Principalmente visual,"Explicaciones centradas en atributos o características concretas, Explicaciones basadas en reglas o razonamientos paso a paso, Explicaciones visuales (zonas destacadas en la imagen)","Transparencia: entender por qué el sistema tomó esa decisión, Eficiencia: comprender la respuesta de forma rápida, Satisfacción: que la explicación resulte clara y útil para ti",Medio: el error podría causar cierta confusión o problema
R0107,P021,18–24,Grado,"Estudiante, Investigador/a (académico)",4,3,4,img_04,Naturaleza / animales,Araña,Opción B,Grad-CAM,5,5,5,5.0,Media: explicación breve con algo de detalle,"Intermedio: algunos términos técnicos, pero fáciles de seguir",Texto breve + imagen,"Explicaciones centradas en atributos o características concretas, Explicaciones basadas en reglas o razonamientos paso a paso, Explicaciones visuales (zonas destacadas en la imagen)","Transparencia: entender por qué el sistema tomó esa decisión, Confianza: sentir mayor seguridad en la respuesta del sistema",Alto: el error podría tener consecuencias importantes
R0108,P027,18–24,Master,"Estudiante, Investigador/a (académico), Docente / profesor/a",5,3,1,img_01,Naturaleza / animales,Aguila,Opción B,Grad-CAM,4,4,4,4.0,Corta: solo lo esencial,Simple: lenguaje claro y sin tecnicismos,Texto breve + imagen,"Explicaciones centradas en atributos o características concretas, Explicaciones basadas en reglas o razonamientos paso a paso","Transparencia: entender por qué el sistema tomó esa decisión, Confianza: sentir mayor seguridad en la respuesta del sistema, Satisfacción: que la explicación resulte clara y útil para ti, Persuasión: convencerte de que la decisión del sistema está justificada, Detección de errores(Debugging): detectar fallos, errores o comportamientos inesperados del sistema",Bajo: el error apenas tendría consecuencias
R0109,P026,35–44,Doctorado,"Investigador/a (académico), Docente / profesor/a",3,3,3,img_03,Naturaleza / animales,Serpiente,Opción E,Saliency,3,3,3,3.0,Media: explicación breve con algo de detalle,"Intermedio: algunos términos técnicos, pero fáciles de seguir",Texto detallado + imagen,"Explicaciones centradas en atributos o características concretas, Explicaciones basadas en reglas o razonamientos paso a paso, Explicaciones visuales (zonas destacadas en la imagen)","Transparencia: entender por qué el sistema tomó esa decisión, Confianza: sentir mayor seguridad en la respuesta del sistema, Satisfacción: que la explicación resulte clara y útil para ti, Educación: aprender más sobre la imagen, el problema o el funcionamiento del sistema",Alto: el error podría tener consecuencias importantes
R0110,P015,18–24,Bachillerato/FP,Estudiante,3,3,9,img_09,Naturaleza / animales,Aguila,Opción E,Saliency,1,1,2,1.3333333333333333,Media: explicación breve con algo de detalle,"Intermedio: algunos términos técnicos, pero fáciles de seguir",Texto breve + imagen,"Explicaciones con ejemplos similares, Explicaciones basadas en reglas o razonamientos paso a paso, Explicaciones visuales (zonas destacadas en la imagen)","Confianza: sentir mayor seguridad en la respuesta del sistema, Efectividad: recibir una explicación útil para realizar mejor la tarea, Satisfacción: que la explicación resulte clara y útil para ti, Detección de errores(Debugging): detectar fallos, errores o comportamientos inesperados del sistema",Medio: el error podría causar cierta confusión o problema
R0111,P010,25–34,Doctorado,Investigador/a (académico),5,3,8,img_08,Naturaleza / animales,Mariposa,Opción B,Grad-CAM,4,4,4,4.0,Media: explicación breve con algo de detalle,"Intermedio: algunos términos técnicos, pero fáciles de seguir",Texto breve + imagen,"Explicaciones centradas en atributos o características concretas, Explicaciones basadas en reglas o razonamientos paso a paso, Explicaciones visuales (zonas destacadas en la imagen)","Transparencia: entender por qué el sistema tomó esa decisión, Detección de errores(Debugging): detectar fallos, errores o comportamientos inesperados del sistema, Escrutinio: evaluar críticamente si la decisión del sistema es adecuada, razonable o justa",Medio: el error podría causar cierta confusión o problema
R0112,P027,18–24,Master,"Estudiante, Investigador/a (académico), Docente / profesor/a",5,3,4,img_04,Naturaleza / animales,Araña,Opción C,Integrated Gradients,2,4,3,3.0,Corta: solo lo esencial,Simple: lenguaje claro y sin tecnicismos,Texto breve + imagen,"Explicaciones centradas en atributos o características concretas, Explicaciones basadas en reglas o razonamientos paso a paso","Transparencia: entender por qué el sistema tomó esa decisión, Confianza: sentir mayor seguridad en la respuesta del sistema, Satisfacción: que la explicación resulte clara y útil para ti, Persuasión: convencerte de que la decisión del sistema está justificada, Detección de errores(Debugging): detectar fallos, errores o comportamientos inesperados del sistema",Bajo: el error apenas tendría consecuencias
R0113,P005,18–24,Grado,"Estudiante, Investigador/a (académico)",4,3,5,img_05,Naturaleza / animales,Mariposa,Opción F (Ninguna),Ninguna,2,2,4,2.6666666666666665,Media: explicación breve con algo de detalle,"Intermedio: algunos términos técnicos, pero fáciles de seguir",Texto breve + imagen,"Explicaciones basadas en reglas o razonamientos paso a paso, Explicaciones visuales (zonas destacadas en la imagen)","Confianza: sentir mayor seguridad en la respuesta del sistema, Detección de errores(Debugging): detectar fallos, errores o comportamientos inesperados del sistema, Escrutinio: evaluar críticamente si la decisión del sistema es adecuada, razonable o justa",Medio: el error podría causar cierta confusión o problema
R0114,P003,18–24,Grado,Estudiante,4,4,2,img_02,Naturaleza / animales,Pato,Opción C,Integrated Gradients,4,4,4,4.0,Corta: solo lo esencial,Simple: lenguaje claro y sin tecnicismos,Me da igual,No tengo preferencia / me da igual,"Eficiencia: comprender la respuesta de forma rápida, Confianza: sentir mayor seguridad en la respuesta del sistema",Medio: el error podría causar cierta confusión o problema
R0115,P019,18–24,Grado,Estudiante,4,3,2,img_02,Naturaleza / animales,Pato,Opción F (Ninguna),Ninguna,1,1,2,1.3333333333333333,Media: explicación breve con algo de detalle,"Intermedio: algunos términos técnicos, pero fáciles de seguir",Texto breve + imagen,"Explicaciones con ejemplos similares, Explicaciones con comparaciones o contraejemplos, Explicaciones visuales (zonas destacadas en la imagen)","Eficiencia: comprender la respuesta de forma rápida, Satisfacción: que la explicación resulte clara y útil para ti, Detección de errores(Debugging): detectar fallos, errores o comportamientos inesperados del sistema",Medio: el error podría causar cierta confusión o problema
R0116,P026,35–44,Doctorado,"Investigador/a (académico), Docente / profesor/a",3,3,2,img_02,Naturaleza / animales,Pato,Opción A,Anchor,4,5,5,4.666666666666667,Media: explicación breve con algo de detalle,"Intermedio: algunos términos técnicos, pero fáciles de seguir",Texto detallado + imagen,"Explicaciones centradas en atributos o características concretas, Explicaciones basadas en reglas o razonamientos paso a paso, Explicaciones visuales (zonas destacadas en la imagen)","Transparencia: entender por qué el sistema tomó esa decisión, Confianza: sentir mayor seguridad en la respuesta del sistema, Satisfacción: que la explicación resulte clara y útil para ti, Educación: aprender más sobre la imagen, el problema o el funcionamiento del sistema",Alto: el error podría tener consecuencias importantes
R0117,P022,18–24,Grado,Investigador/a (académico),4,2,7,img_07,Naturaleza / animales,Pajaro,Opción B,Grad-CAM,3,4,3,3.3333333333333335,Media: explicación breve con algo de detalle,"Intermedio: algunos términos técnicos, pero fáciles de seguir",Texto breve + imagen,"Explicaciones centradas en atributos o características concretas, Explicaciones visuales (zonas destacadas en la imagen)","Transparencia: entender por qué el sistema tomó esa decisión, Eficiencia: comprender la respuesta de forma rápida, Efectividad: recibir una explicación útil para realizar mejor la tarea, Detección de errores(Debugging): detectar fallos, errores o comportamientos inesperados del sistema",Alto: el error podría tener consecuencias importantes
R0118,P022,18–24,Grado,Investigador/a (académico),4,2,8,img_08,Naturaleza / animales,Mariposa,Opción B,Grad-CAM,4,4,4,4.0,Media: explicación breve con algo de detalle,"Intermedio: algunos términos técnicos, pero fáciles de seguir",Texto breve + imagen,"Explicaciones centradas en atributos o características concretas, Explicaciones visuales (zonas destacadas en la imagen)","Transparencia: entender por qué el sistema tomó esa decisión, Eficiencia: comprender la respuesta de forma rápida, Efectividad: recibir una explicación útil para realizar mejor la tarea, Detección de errores(Debugging): detectar fallos, errores o comportamientos inesperados del sistema",Alto: el error podría tener consecuencias importantes
R0119,P010,25–34,Doctorado,Investigador/a (académico),5,3,3,img_03,Naturaleza / animales,Serpiente,Opción A,Anchor,4,4,4,4.0,Media: explicación breve con algo de detalle,"Intermedio: algunos términos técnicos, pero fáciles de seguir",Texto breve + imagen,"Explicaciones centradas en atributos o características concretas, Explicaciones basadas en reglas o razonamientos paso a paso, Explicaciones visuales (zonas destacadas en la imagen)","Transparencia: entender por qué el sistema tomó esa decisión, Detección de errores(Debugging): detectar fallos, errores o comportamientos inesperados del sistema, Escrutinio: evaluar críticamente si la decisión del sistema es adecuada, razonable o justa",Medio: el error podría causar cierta confusión o problema
R0120,P016,35–44,Grado,Desempleado/a / en búsqueda,4,2,1,img_01,Naturaleza / animales,Aguila,Opción C,Integrated Gradients,5,5,5,5.0,Corta: solo lo esencial,Simple: lenguaje claro y sin tecnicismos,Texto breve + imagen,"Explicaciones con ejemplos similares, Explicaciones con comparaciones o contraejemplos, Explicaciones basadas en reglas o razonamientos paso a paso, Explicaciones visuales (zonas destacadas en la imagen)","Transparencia: entender por qué el sistema tomó esa decisión, Eficiencia: comprender la respuesta de forma rápida, Confianza: sentir mayor seguridad en la respuesta del sistema, Efectividad: recibir una explicación útil para realizar mejor la tarea, Satisfacción: que la explicación resulte clara y útil para ti, Persuasión: convencerte de que la decisión del sistema está justificada, Detección de errores(Debugging): detectar fallos, errores o comportamientos inesperados del sistema, Educación: aprender más sobre la imagen, el problema o el funcionamiento del sistema, Escrutinio: evaluar críticamente si la decisión del sistema es adecuada, razonable o justa",Medio: el error podría causar cierta confusión o problema
R0121,P023,18–24,Grado,Estudiante,3,2,9,img_09,Naturaleza / animales,Aguila,Opción F (Ninguna),Ninguna,1,1,1,1.0,Media: explicación breve con algo de detalle,"Intermedio: algunos términos técnicos, pero fáciles de seguir",Texto breve + imagen,"Explicaciones con ejemplos similares, Explicaciones con comparaciones o contraejemplos","Transparencia: entender por qué el sistema tomó esa decisión, Eficiencia: comprender la respuesta de forma rápida, Efectividad: recibir una explicación útil para realizar mejor la tarea, Satisfacción: que la explicación resulte clara y útil para ti",Medio: el error podría causar cierta confusión o problema
R0122,P023,18–24,Grado,Estudiante,3,2,2,img_02,Naturaleza / animales,Pato,Opción A,Anchor,4,5,4,4.333333333333333,Media: explicación breve con algo de detalle,"Intermedio: algunos términos técnicos, pero fáciles de seguir",Texto breve + imagen,"Explicaciones con ejemplos similares, Explicaciones con comparaciones o contraejemplos","Transparencia: entender por qué el sistema tomó esa decisión, Eficiencia: comprender la respuesta de forma rápida, Efectividad: recibir una explicación útil para realizar mejor la tarea, Satisfacción: que la explicación resulte clara y útil para ti",Medio: el error podría causar cierta confusión o problema
R0123,P008,18–24,Bachillerato/FP,Estudiante,2,2,10,img_10,Naturaleza / animales,Elefante,Opción A,Anchor,3,2,2,2.3333333333333335,Media: explicación breve con algo de detalle,"Intermedio: algunos términos técnicos, pero fáciles de seguir",Texto breve + imagen,Explicaciones con comparaciones o contraejemplos,"Efectividad: recibir una explicación útil para realizar mejor la tarea, Satisfacción: que la explicación resulte clara y útil para ti",Medio: el error podría causar cierta confusión o problema
R0124,P002,18–24,Grado,"Estudiante, Profesional del sector tecnológico / IA / datos",4,3,2,img_02,Naturaleza / animales,Pato,Opción B,Grad-CAM,3,3,4,3.3333333333333335,Larga: explicación completa y detallada,"Intermedio: algunos términos técnicos, pero fáciles de seguir",Texto detallado + imagen,"Explicaciones con comparaciones o contraejemplos, Explicaciones centradas en atributos o características concretas, Explicaciones basadas en reglas o razonamientos paso a paso","Transparencia: entender por qué el sistema tomó esa decisión, Confianza: sentir mayor seguridad en la respuesta del sistema, Efectividad: recibir una explicación útil para realizar mejor la tarea, Satisfacción: que la explicación resulte clara y útil para ti, Detección de errores(Debugging): detectar fallos, errores o comportamientos inesperados del sistema, Educación: aprender más sobre la imagen, el problema o el funcionamiento del sistema, Escrutinio: evaluar críticamente si la decisión del sistema es adecuada, razonable o justa",Medio: el error podría causar cierta confusión o problema
R0125,P021,18–24,Grado,"Estudiante, Investigador/a (académico)",4,3,3,img_03,Naturaleza / animales,Serpiente,Opción B,Grad-CAM,5,5,5,5.0,Media: explicación breve con algo de detalle,"Intermedio: algunos términos técnicos, pero fáciles de seguir",Texto breve + imagen,"Explicaciones centradas en atributos o características concretas, Explicaciones basadas en reglas o razonamientos paso a paso, Explicaciones visuales (zonas destacadas en la imagen)","Transparencia: entender por qué el sistema tomó esa decisión, Confianza: sentir mayor seguridad en la respuesta del sistema",Alto: el error podría tener consecuencias importantes
R0126,P020,25–34,Doctorado,"Investigador/a (académico), Docente / profesor/a",5,2,3,img_03,Naturaleza / animales,Serpiente,Opción E,Saliency,3,4,5,4.0,Media: explicación breve con algo de detalle,"Intermedio: algunos términos técnicos, pero fáciles de seguir",Texto detallado + imagen,"Explicaciones con ejemplos similares, Explicaciones con comparaciones o contraejemplos, Explicaciones centradas en atributos o características concretas","Transparencia: entender por qué el sistema tomó esa decisión, Confianza: sentir mayor seguridad en la respuesta del sistema, Efectividad: recibir una explicación útil para realizar mejor la tarea, Satisfacción: que la explicación resulte clara y útil para ti",Alto: el error podría tener consecuencias importantes
R0127,P021,18–24,Grado,"Estudiante, Investigador/a (académico)",4,3,5,img_05,Naturaleza / animales,Mariposa,Opción F (Ninguna),Ninguna,3,3,3,3.0,Media: explicación breve con algo de detalle,"Intermedio: algunos términos técnicos, pero fáciles de seguir",Texto breve + imagen,"Explicaciones centradas en atributos o características concretas, Explicaciones basadas en reglas o razonamientos paso a paso, Explicaciones visuales (zonas destacadas en la imagen)","Transparencia: entender por qué el sistema tomó esa decisión, Confianza: sentir mayor seguridad en la respuesta del sistema",Alto: el error podría tener consecuencias importantes
R0128,P020,25–34,Doctorado,"Investigador/a (académico), Docente / profesor/a",5,2,7,img_07,Naturaleza / animales,Pajaro,Opción D,LIME,4,5,5,4.666666666666667,Media: explicación breve con algo de detalle,"Intermedio: algunos términos técnicos, pero fáciles de seguir",Texto detallado + imagen,"Explicaciones con ejemplos similares, Explicaciones con comparaciones o contraejemplos, Explicaciones centradas en atributos o características concretas","Transparencia: entender por qué el sistema tomó esa decisión, Confianza: sentir mayor seguridad en la respuesta del sistema, Efectividad: recibir una explicación útil para realizar mejor la tarea, Satisfacción: que la explicación resulte clara y útil para ti",Alto: el error podría tener consecuencias importantes
R0129,P004,25–34,Master,Profesional del sector tecnológico / IA / datos,3,4,9,img_09,Naturaleza / animales,Aguila,Opción F (Ninguna),Ninguna,2,2,3,2.3333333333333335,Media: explicación breve con algo de detalle,"Intermedio: algunos términos técnicos, pero fáciles de seguir",Texto breve + imagen,Explicaciones visuales (zonas destacadas en la imagen),"Eficiencia: comprender la respuesta de forma rápida, Efectividad: recibir una explicación útil para realizar mejor la tarea, Satisfacción: que la explicación resulte clara y útil para ti, Detección de errores(Debugging): detectar fallos, errores o comportamientos inesperados del sistema",Medio: el error podría causar cierta confusión o problema
R0130,P006,18–24,Bachillerato/FP,Estudiante,4,3,2,img_02,Naturaleza / animales,Pato,Opción B,Grad-CAM,2,3,3,2.6666666666666665,Corta: solo lo esencial,"Intermedio: algunos términos técnicos, pero fáciles de seguir",Texto breve + imagen,"Explicaciones con comparaciones o contraejemplos, Explicaciones centradas en atributos o características concretas, Explicaciones visuales (zonas destacadas en la imagen)","Transparencia: entender por qué el sistema tomó esa decisión, Eficiencia: comprender la respuesta de forma rápida, Satisfacción: que la explicación resulte clara y útil para ti, Detección de errores(Debugging): detectar fallos, errores o comportamientos inesperados del sistema, Escrutinio: evaluar críticamente si la decisión del sistema es adecuada, razonable o justa",Alto: el error podría tener consecuencias importantes
R0131,P009,18–24,Prefiero no contestar,Prefiero no contestar,1,2,5,img_05,Naturaleza / animales,Mariposa,Opción F (Ninguna),Ninguna,1,1,1,1.0,Corta: solo lo esencial,Simple: lenguaje claro y sin tecnicismos,Me da igual,No tengo preferencia / me da igual,"Educación: aprender más sobre la imagen, el problema o el funcionamiento del sistema",Medio: el error podría causar cierta confusión o problema
R0132,P006,18–24,Bachillerato/FP,Estudiante,4,3,11,img_11,Naturaleza / animales,Tortuga,Opción B,Grad-CAM,4,3,3,3.3333333333333335,Corta: solo lo esencial,"Intermedio: algunos términos técnicos, pero fáciles de seguir",Texto breve + imagen,"Explicaciones con comparaciones o contraejemplos, Explicaciones centradas en atributos o características concretas, Explicaciones visuales (zonas destacadas en la imagen)","Transparencia: entender por qué el sistema tomó esa decisión, Eficiencia: comprender la respuesta de forma rápida, Satisfacción: que la explicación resulte clara y útil para ti, Detección de errores(Debugging): detectar fallos, errores o comportamientos inesperados del sistema, Escrutinio: evaluar críticamente si la decisión del sistema es adecuada, razonable o justa",Alto: el error podría tener consecuencias importantes
R0133,P001,25–34,Grado,Investigador/a (académico),3,3,5,img_05,Naturaleza / animales,Mariposa,Opción C,Integrated Gradients,3,3,3,3.0,Media: explicación breve con algo de detalle,Simple: lenguaje claro y sin tecnicismos,Texto breve + imagen,"Explicaciones con ejemplos similares, Explicaciones basadas en reglas o razonamientos paso a paso, Explicaciones visuales (zonas destacadas en la imagen)","Eficiencia: comprender la respuesta de forma rápida, Efectividad: recibir una explicación útil para realizar mejor la tarea",Medio: el error podría causar cierta confusión o problema
R0134,P013,25–34,Grado,"Estudiante, Profesional del sector tecnológico / IA / datos",4,3,8,img_08,Naturaleza / animales,Mariposa,Opción F (Ninguna),Ninguna,1,1,1,1.0,Corta: solo lo esencial,"Intermedio: algunos términos técnicos, pero fáciles de seguir",Texto breve + imagen,"Explicaciones centradas en atributos o características concretas, Explicaciones basadas en reglas o razonamientos paso a paso","Transparencia: entender por qué el sistema tomó esa decisión, Confianza: sentir mayor seguridad en la respuesta del sistema",Medio: el error podría causar cierta confusión o problema
R0135,P018,18–24,Grado,"Estudiante, Investigador/a (académico)",4,3,9,img_09,Naturaleza / animales,Aguila,Opción E,Saliency,4,4,5,4.333333333333333,Larga: explicación completa y detallada,"Intermedio: algunos términos técnicos, pero fáciles de seguir",Principalmente visual,"Explicaciones con ejemplos similares, Explicaciones basadas en reglas o razonamientos paso a paso","Transparencia: entender por qué el sistema tomó esa decisión, Confianza: sentir mayor seguridad en la respuesta del sistema, Detección de errores(Debugging): detectar fallos, errores o comportamientos inesperados del sistema, Escrutinio: evaluar críticamente si la decisión del sistema es adecuada, razonable o justa",Alto: el error podría tener consecuencias importantes
R0136,P004,25–34,Master,Profesional del sector tecnológico / IA / datos,3,4,3,img_03,Naturaleza / animales,Serpiente,Opción A,Anchor,4,5,5,4.666666666666667,Media: explicación breve con algo de detalle,"Intermedio: algunos términos técnicos, pero fáciles de seguir",Texto breve + imagen,Explicaciones visuales (zonas destacadas en la imagen),"Eficiencia: comprender la respuesta de forma rápida, Efectividad: recibir una explicación útil para realizar mejor la tarea, Satisfacción: que la explicación resulte clara y útil para ti, Detección de errores(Debugging): detectar fallos, errores o comportamientos inesperados del sistema",Medio: el error podría causar cierta confusión o problema
R0137,P004,25–34,Master,Profesional del sector tecnológico / IA / datos,3,4,10,img_10,Naturaleza / animales,Elefante,Opción E,Saliency,4,4,5,4.333333333333333,Media: explicación breve con algo de detalle,"Intermedio: algunos términos técnicos, pero fáciles de seguir",Texto breve + imagen,Explicaciones visuales (zonas destacadas en la imagen),"Eficiencia: comprender la respuesta de forma rápida, Efectividad: recibir una explicación útil para realizar mejor la tarea, Satisfacción: que la explicación resulte clara y útil para ti, Detección de errores(Debugging): detectar fallos, errores o comportamientos inesperados del sistema",Medio: el error podría causar cierta confusión o problema
R0138,P008,18–24,Bachillerato/FP,Estudiante,2,2,2,img_02,Naturaleza / animales,Pato,Opción D,LIME,2,2,2,2.0,Media: explicación breve con algo de detalle,"Intermedio: algunos términos técnicos, pero fáciles de seguir",Texto breve + imagen,Explicaciones con comparaciones o contraejemplos,"Efectividad: recibir una explicación útil para realizar mejor la tarea, Satisfacción: que la explicación resulte clara y útil para ti",Medio: el error podría causar cierta confusión o problema
R0139,P006,18–24,Bachillerato/FP,Estudiante,4,3,10,img_10,Naturaleza / animales,Elefante,Opción E,Saliency,3,3,3,3.0,Corta: solo lo esencial,"Intermedio: algunos términos técnicos, pero fáciles de seguir",Texto breve + imagen,"Explicaciones con comparaciones o contraejemplos, Explicaciones centradas en atributos o características concretas, Explicaciones visuales (zonas destacadas en la imagen)","Transparencia: entender por qué el sistema tomó esa decisión, Eficiencia: comprender la respuesta de forma rápida, Satisfacción: que la explicación resulte clara y útil para ti, Detección de errores(Debugging): detectar fallos, errores o comportamientos inesperados del sistema, Escrutinio: evaluar críticamente si la decisión del sistema es adecuada, razonable o justa",Alto: el error podría tener consecuencias importantes
R0140,P004,25–34,Master,Profesional del sector tecnológico / IA / datos,3,4,11,img_11,Naturaleza / animales,Tortuga,Opción B,Grad-CAM,3,3,3,3.0,Media: explicación breve con algo de detalle,"Intermedio: algunos términos técnicos, pero fáciles de seguir",Texto breve + imagen,Explicaciones visuales (zonas destacadas en la imagen),"Eficiencia: comprender la respuesta de forma rápida, Efectividad: recibir una explicación útil para realizar mejor la tarea, Satisfacción: que la explicación resulte clara y útil para ti, Detección de errores(Debugging): detectar fallos, errores o comportamientos inesperados del sistema",Medio: el error podría causar cierta confusión o problema
R0141,P012,18–24,Master,Estudiante,4,3,7,img_07,Naturaleza / animales,Pajaro,Opción B,Grad-CAM,3,3,4,3.3333333333333335,Media: explicación breve con algo de detalle,"Intermedio: algunos términos técnicos, pero fáciles de seguir",Texto breve + imagen,"Explicaciones con ejemplos similares, Explicaciones con comparaciones o contraejemplos, Explicaciones visuales (zonas destacadas en la imagen)","Transparencia: entender por qué el sistema tomó esa decisión, Eficiencia: comprender la respuesta de forma rápida, Confianza: sentir mayor seguridad en la respuesta del sistema",Medio: el error podría causar cierta confusión o problema
R0142,P001,25–34,Grado,Investigador/a (académico),3,3,10,img_10,Naturaleza / animales,Elefante,Opción E,Saliency,3,3,3,3.0,Media: explicación breve con algo de detalle,Simple: lenguaje claro y sin tecnicismos,Texto breve + imagen,"Explicaciones con ejemplos similares, Explicaciones basadas en reglas o razonamientos paso a paso, Explicaciones visuales (zonas destacadas en la imagen)","Eficiencia: comprender la respuesta de forma rápida, Efectividad: recibir una explicación útil para realizar mejor la tarea",Medio: el error podría causar cierta confusión o problema
R0143,P015,18–24,Bachillerato/FP,Estudiante,3,3,2,img_02,Naturaleza / animales,Pato,Opción E,Saliency,2,2,2,2.0,Media: explicación breve con algo de detalle,"Intermedio: algunos términos técnicos, pero fáciles de seguir",Texto breve + imagen,"Explicaciones con ejemplos similares, Explicaciones basadas en reglas o razonamientos paso a paso, Explicaciones visuales (zonas destacadas en la imagen)","Confianza: sentir mayor seguridad en la respuesta del sistema, Efectividad: recibir una explicación útil para realizar mejor la tarea, Satisfacción: que la explicación resulte clara y útil para ti, Detección de errores(Debugging): detectar fallos, errores o comportamientos inesperados del sistema",Medio: el error podría causar cierta confusión o problema
R0144,P021,18–24,Grado,"Estudiante, Investigador/a (académico)",4,3,9,img_09,Naturaleza / animales,Aguila,Opción B,Grad-CAM,5,5,5,5.0,Media: explicación breve con algo de detalle,"Intermedio: algunos términos técnicos, pero fáciles de seguir",Texto breve + imagen,"Explicaciones centradas en atributos o características concretas, Explicaciones basadas en reglas o razonamientos paso a paso, Explicaciones visuales (zonas destacadas en la imagen)","Transparencia: entender por qué el sistema tomó esa decisión, Confianza: sentir mayor seguridad en la respuesta del sistema",Alto: el error podría tener consecuencias importantes
R0145,P010,25–34,Doctorado,Investigador/a (académico),5,3,4,img_04,Naturaleza / animales,Araña,Opción B,Grad-CAM,4,4,4,4.0,Media: explicación breve con algo de detalle,"Intermedio: algunos términos técnicos, pero fáciles de seguir",Texto breve + imagen,"Explicaciones centradas en atributos o características concretas, Explicaciones basadas en reglas o razonamientos paso a paso, Explicaciones visuales (zonas destacadas en la imagen)","Transparencia: entender por qué el sistema tomó esa decisión, Detección de errores(Debugging): detectar fallos, errores o comportamientos inesperados del sistema, Escrutinio: evaluar críticamente si la decisión del sistema es adecuada, razonable o justa",Medio: el error podría causar cierta confusión o problema
R0146,P025,18–24,Grado,"Estudiante, Investigador/a (académico)",5,3,9,img_09,Naturaleza / animales,Aguila,Opción C,Integrated Gradients,3,2,2,2.3333333333333335,Media: explicación breve con algo de detalle,"Intermedio: algunos términos técnicos, pero fáciles de seguir",Texto detallado + imagen,"Explicaciones con comparaciones o contraejemplos, Explicaciones visuales (zonas destacadas en la imagen)","Transparencia: entender por qué el sistema tomó esa decisión, Detección de errores(Debugging): detectar fallos, errores o comportamientos inesperados del sistema, Educación: aprender más sobre la imagen, el problema o el funcionamiento del sistema, Escrutinio: evaluar críticamente si la decisión del sistema es adecuada, razonable o justa",Alto: el error podría tener consecuencias importantes
R0147,P004,25–34,Master,Profesional del sector tecnológico / IA / datos,3,4,1,img_01,Naturaleza / animales,Aguila,Opción B,Grad-CAM,4,4,4,4.0,Media: explicación breve con algo de detalle,"Intermedio: algunos términos técnicos, pero fáciles de seguir",Texto breve + imagen,Explicaciones visuales (zonas destacadas en la imagen),"Eficiencia: comprender la respuesta de forma rápida, Efectividad: recibir una explicación útil para realizar mejor la tarea, Satisfacción: que la explicación resulte clara y útil para ti, Detección de errores(Debugging): detectar fallos, errores o comportamientos inesperados del sistema",Medio: el error podría causar cierta confusión o problema
R0148,P011,18–24,Grado,Profesional de otro sector,4,2,3,img_03,Naturaleza / animales,Serpiente,Opción A,Anchor,2,2,2,2.0,Media: explicación breve con algo de detalle,Simple: lenguaje claro y sin tecnicismos,Texto detallado + imagen,"Explicaciones con ejemplos similares, Explicaciones con comparaciones o contraejemplos, Explicaciones centradas en atributos o características concretas, Explicaciones basadas en reglas o razonamientos paso a paso, Explicaciones visuales (zonas destacadas en la imagen), No tengo preferencia / me da igual","Transparencia: entender por qué el sistema tomó esa decisión, Efectividad: recibir una explicación útil para realizar mejor la tarea, Satisfacción: que la explicación resulte clara y útil para ti, Educación: aprender más sobre la imagen, el problema o el funcionamiento del sistema, Escrutinio: evaluar críticamente si la decisión del sistema es adecuada, razonable o justa",Medio: el error podría causar cierta confusión o problema
R0149,P015,18–24,Bachillerato/FP,Estudiante,3,3,3,img_03,Naturaleza / animales,Serpiente,Opción A,Anchor,2,2,2,2.0,Media: explicación breve con algo de detalle,"Intermedio: algunos términos técnicos, pero fáciles de seguir",Texto breve + imagen,"Explicaciones con ejemplos similares, Explicaciones basadas en reglas o razonamientos paso a paso, Explicaciones visuales (zonas destacadas en la imagen)","Confianza: sentir mayor seguridad en la respuesta del sistema, Efectividad: recibir una explicación útil para realizar mejor la tarea, Satisfacción: que la explicación resulte clara y útil para ti, Detección de errores(Debugging): detectar fallos, errores o comportamientos inesperados del sistema",Medio: el error podría causar cierta confusión o problema
R0150,P021,18–24,Grado,"Estudiante, Investigador/a (académico)",4,3,6,img_06,Naturaleza / animales,Tigre,Opción D,LIME,4,4,4,4.0,Media: explicación breve con algo de detalle,"Intermedio: algunos términos técnicos, pero fáciles de seguir",Texto breve + imagen,"Explicaciones centradas en atributos o características concretas, Explicaciones basadas en reglas o razonamientos paso a paso, Explicaciones visuales (zonas destacadas en la imagen)","Transparencia: entender por qué el sistema tomó esa decisión, Confianza: sentir mayor seguridad en la respuesta del sistema",Alto: el error podría tener consecuencias importantes
R0151,P010,25–34,Doctorado,Investigador/a (académico),5,3,2,img_02,Naturaleza / animales,Pato,Opción A,Anchor,4,5,4,4.333333333333333,Media: explicación breve con algo de detalle,"Intermedio: algunos términos técnicos, pero fáciles de seguir",Texto breve + imagen,"Explicaciones centradas en atributos o características concretas, Explicaciones basadas en reglas o razonamientos paso a paso, Explicaciones visuales (zonas destacadas en la imagen)","Transparencia: entender por qué el sistema tomó esa decisión, Detección de errores(Debugging): detectar fallos, errores o comportamientos inesperados del sistema, Escrutinio: evaluar críticamente si la decisión del sistema es adecuada, razonable o justa",Medio: el error podría causar cierta confusión o problema
R0152,P025,18–24,Grado,"Estudiante, Investigador/a (académico)",5,3,7,img_07,Naturaleza / animales,Pajaro,Opción C,Integrated Gradients,4,5,4,4.333333333333333,Media: explicación breve con algo de detalle,"Intermedio: algunos términos técnicos, pero fáciles de seguir",Texto detallado + imagen,"Explicaciones con comparaciones o contraejemplos, Explicaciones visuales (zonas destacadas en la imagen)","Transparencia: entender por qué el sistema tomó esa decisión, Detección de errores(Debugging): detectar fallos, errores o comportamientos inesperados del sistema, Educación: aprender más sobre la imagen, el problema o el funcionamiento del sistema, Escrutinio: evaluar críticamente si la decisión del sistema es adecuada, razonable o justa",Alto: el error podría tener consecuencias importantes
R0153,P007,18–24,Grado,Estudiante,3,3,10,img_10,Naturaleza / animales,Elefante,Opción C,Integrated Gradients,3,3,3,3.0,Media: explicación breve con algo de detalle,"Intermedio: algunos términos técnicos, pero fáciles de seguir",Principalmente visual,"Explicaciones con comparaciones o contraejemplos, Explicaciones visuales (zonas destacadas en la imagen)","Transparencia: entender por qué el sistema tomó esa decisión, Detección de errores(Debugging): detectar fallos, errores o comportamientos inesperados del sistema, Educación: aprender más sobre la imagen, el problema o el funcionamiento del sistema",Alto: el error podría tener consecuencias importantes
R0154,P022,18–24,Grado,Investigador/a (académico),4,2,10,img_10,Naturaleza / animales,Elefante,Opción B,Grad-CAM,4,4,4,4.0,Media: explicación breve con algo de detalle,"Intermedio: algunos términos técnicos, pero fáciles de seguir",Texto breve + imagen,"Explicaciones centradas en atributos o características concretas, Explicaciones visuales (zonas destacadas en la imagen)","Transparencia: entender por qué el sistema tomó esa decisión, Eficiencia: comprender la respuesta de forma rápida, Efectividad: recibir una explicación útil para realizar mejor la tarea, Detección de errores(Debugging): detectar fallos, errores o comportamientos inesperados del sistema",Alto: el error podría tener consecuencias importantes
R0155,P016,35–44,Grado,Desempleado/a / en búsqueda,4,2,10,img_10,Naturaleza / animales,Elefante,Opción E,Saliency,3,5,2,3.3333333333333335,Corta: solo lo esencial,Simple: lenguaje claro y sin tecnicismos,Texto breve + imagen,"Explicaciones con ejemplos similares, Explicaciones con comparaciones o contraejemplos, Explicaciones basadas en reglas o razonamientos paso a paso, Explicaciones visuales (zonas destacadas en la imagen)","Transparencia: entender por qué el sistema tomó esa decisión, Eficiencia: comprender la respuesta de forma rápida, Confianza: sentir mayor seguridad en la respuesta del sistema, Efectividad: recibir una explicación útil para realizar mejor la tarea, Satisfacción: que la explicación resulte clara y útil para ti, Persuasión: convencerte de que la decisión del sistema está justificada, Detección de errores(Debugging): detectar fallos, errores o comportamientos inesperados del sistema, Educación: aprender más sobre la imagen, el problema o el funcionamiento del sistema, Escrutinio: evaluar críticamente si la decisión del sistema es adecuada, razonable o justa",Medio: el error podría causar cierta confusión o problema
R0156,P005,18–24,Grado,"Estudiante, Investigador/a (académico)",4,3,9,img_09,Naturaleza / animales,Aguila,Opción E,Saliency,4,4,4,4.0,Media: explicación breve con algo de detalle,"Intermedio: algunos términos técnicos, pero fáciles de seguir",Texto breve + imagen,"Explicaciones basadas en reglas o razonamientos paso a paso, Explicaciones visuales (zonas destacadas en la imagen)","Confianza: sentir mayor seguridad en la respuesta del sistema, Detección de errores(Debugging): detectar fallos, errores o comportamientos inesperados del sistema, Escrutinio: evaluar críticamente si la decisión del sistema es adecuada, razonable o justa",Medio: el error podría causar cierta confusión o problema
R0157,P023,18–24,Grado,Estudiante,3,2,1,img_01,Naturaleza / animales,Aguila,Opción A,Anchor,2,2,4,2.6666666666666665,Media: explicación breve con algo de detalle,"Intermedio: algunos términos técnicos, pero fáciles de seguir",Texto breve + imagen,"Explicaciones con ejemplos similares, Explicaciones con comparaciones o contraejemplos","Transparencia: entender por qué el sistema tomó esa decisión, Eficiencia: comprender la respuesta de forma rápida, Efectividad: recibir una explicación útil para realizar mejor la tarea, Satisfacción: que la explicación resulte clara y útil para ti",Medio: el error podría causar cierta confusión o problema
R0158,P013,25–34,Grado,"Estudiante, Profesional del sector tecnológico / IA / datos",4,3,4,img_04,Naturaleza / animales,Araña,Opción B,Grad-CAM,3,4,3,3.3333333333333335,Corta: solo lo esencial,"Intermedio: algunos términos técnicos, pero fáciles de seguir",Texto breve + imagen,"Explicaciones centradas en atributos o características concretas, Explicaciones basadas en reglas o razonamientos paso a paso","Transparencia: entender por qué el sistema tomó esa decisión, Confianza: sentir mayor seguridad en la respuesta del sistema",Medio: el error podría causar cierta confusión o problema
R0159,P015,18–24,Bachillerato/FP,Estudiante,3,3,7,img_07,Naturaleza / animales,Pajaro,Opción C,Integrated Gradients,2,2,2,2.0,Media: explicación breve con algo de detalle,"Intermedio: algunos términos técnicos, pero fáciles de seguir",Texto breve + imagen,"Explicaciones con ejemplos similares, Explicaciones basadas en reglas o razonamientos paso a paso, Explicaciones visuales (zonas destacadas en la imagen)","Confianza: sentir mayor seguridad en la respuesta del sistema, Efectividad: recibir una explicación útil para realizar mejor la tarea, Satisfacción: que la explicación resulte clara y útil para ti, Detección de errores(Debugging): detectar fallos, errores o comportamientos inesperados del sistema",Medio: el error podría causar cierta confusión o problema
R0160,P016,35–44,Grado,Desempleado/a / en búsqueda,4,2,11,img_11,Naturaleza / animales,Tortuga,Opción A,Anchor,5,5,5,5.0,Corta: solo lo esencial,Simple: lenguaje claro y sin tecnicismos,Texto breve + imagen,"Explicaciones con ejemplos similares, Explicaciones con comparaciones o contraejemplos, Explicaciones basadas en reglas o razonamientos paso a paso, Explicaciones visuales (zonas destacadas en la imagen)","Transparencia: entender por qué el sistema tomó esa decisión, Eficiencia: comprender la respuesta de forma rápida, Confianza: sentir mayor seguridad en la respuesta del sistema, Efectividad: recibir una explicación útil para realizar mejor la tarea, Satisfacción: que la explicación resulte clara y útil para ti, Persuasión: convencerte de que la decisión del sistema está justificada, Detección de errores(Debugging): detectar fallos, errores o comportamientos inesperados del sistema, Educación: aprender más sobre la imagen, el problema o el funcionamiento del sistema, Escrutinio: evaluar críticamente si la decisión del sistema es adecuada, razonable o justa",Medio: el error podría causar cierta confusión o problema
R0161,P024,18–24,Grado,Estudiante,5,2,10,img_10,Naturaleza / animales,Elefante,Opción B,Grad-CAM,4,4,4,4.0,Media: explicación breve con algo de detalle,"Intermedio: algunos términos técnicos, pero fáciles de seguir",Texto detallado + imagen,"Explicaciones con ejemplos similares, Explicaciones con comparaciones o contraejemplos, Explicaciones basadas en reglas o razonamientos paso a paso, Explicaciones visuales (zonas destacadas en la imagen)","Transparencia: entender por qué el sistema tomó esa decisión, Eficiencia: comprender la respuesta de forma rápida, Efectividad: recibir una explicación útil para realizar mejor la tarea, Persuasión: convencerte de que la decisión del sistema está justificada, Detección de errores(Debugging): detectar fallos, errores o comportamientos inesperados del sistema, Escrutinio: evaluar críticamente si la decisión del sistema es adecuada, razonable o justa",Medio: el error podría causar cierta confusión o problema
R0162,P010,25–34,Doctorado,Investigador/a (académico),5,3,10,img_10,Naturaleza / animales,Elefante,Opción B,Grad-CAM,3,3,3,3.0,Media: explicación breve con algo de detalle,"Intermedio: algunos términos técnicos, pero fáciles de seguir",Texto breve + imagen,"Explicaciones centradas en atributos o características concretas, Explicaciones basadas en reglas o razonamientos paso a paso, Explicaciones visuales (zonas destacadas en la imagen)","Transparencia: entender por qué el sistema tomó esa decisión, Detección de errores(Debugging): detectar fallos, errores o comportamientos inesperados del sistema, Escrutinio: evaluar críticamente si la decisión del sistema es adecuada, razonable o justa",Medio: el error podría causar cierta confusión o problema
R0163,P013,25–34,Grado,"Estudiante, Profesional del sector tecnológico / IA / datos",4,3,9,img_09,Naturaleza / animales,Aguila,Opción B,Grad-CAM,2,3,2,2.3333333333333335,Corta: solo lo esencial,"Intermedio: algunos términos técnicos, pero fáciles de seguir",Texto breve + imagen,"Explicaciones centradas en atributos o características concretas, Explicaciones basadas en reglas o razonamientos paso a paso","Transparencia: entender por qué el sistema tomó esa decisión, Confianza: sentir mayor seguridad en la respuesta del sistema",Medio: el error podría causar cierta confusión o problema
R0164,P003,18–24,Grado,Estudiante,4,4,10,img_10,Naturaleza / animales,Elefante,Opción E,Saliency,4,4,4,4.0,Corta: solo lo esencial,Simple: lenguaje claro y sin tecnicismos,Me da igual,No tengo preferencia / me da igual,"Eficiencia: comprender la respuesta de forma rápida, Confianza: sentir mayor seguridad en la respuesta del sistema",Medio: el error podría causar cierta confusión o problema
R0165,P025,18–24,Grado,"Estudiante, Investigador/a (académico)",5,3,3,img_03,Naturaleza / animales,Serpiente,Opción A,Anchor,4,4,5,4.333333333333333,Media: explicación breve con algo de detalle,"Intermedio: algunos términos técnicos, pero fáciles de seguir",Texto detallado + imagen,"Explicaciones con comparaciones o contraejemplos, Explicaciones visuales (zonas destacadas en la imagen)","Transparencia: entender por qué el sistema tomó esa decisión, Detección de errores(Debugging): detectar fallos, errores o comportamientos inesperados del sistema, Educación: aprender más sobre la imagen, el problema o el funcionamiento del sistema, Escrutinio: evaluar críticamente si la decisión del sistema es adecuada, razonable o justa",Alto: el error podría tener consecuencias importantes
R0166,P009,18–24,Prefiero no contestar,Prefiero no contestar,1,2,10,img_10,Naturaleza / animales,Elefante,Opción F (Ninguna),Ninguna,1,1,1,1.0,Corta: solo lo esencial,Simple: lenguaje claro y sin tecnicismos,Me da igual,No tengo preferencia / me da igual,"Educación: aprender más sobre la imagen, el problema o el funcionamiento del sistema",Medio: el error podría causar cierta confusión o problema
R0167,P001,25–34,Grado,Investigador/a (académico),3,3,1,img_01,Naturaleza / animales,Aguila,Opción B,Grad-CAM,3,2,3,2.6666666666666665,Media: explicación breve con algo de detalle,Simple: lenguaje claro y sin tecnicismos,Texto breve + imagen,"Explicaciones con ejemplos similares, Explicaciones basadas en reglas o razonamientos paso a paso, Explicaciones visuales (zonas destacadas en la imagen)","Eficiencia: comprender la respuesta de forma rápida, Efectividad: recibir una explicación útil para realizar mejor la tarea",Medio: el error podría causar cierta confusión o problema
R0168,P015,18–24,Bachillerato/FP,Estudiante,3,3,11,img_11,Naturaleza / animales,Tortuga,Opción B,Grad-CAM,2,2,2,2.0,Media: explicación breve con algo de detalle,"Intermedio: algunos términos técnicos, pero fáciles de seguir",Texto breve + imagen,"Explicaciones con ejemplos similares, Explicaciones basadas en reglas o razonamientos paso a paso, Explicaciones visuales (zonas destacadas en la imagen)","Confianza: sentir mayor seguridad en la respuesta del sistema, Efectividad: recibir una explicación útil para realizar mejor la tarea, Satisfacción: que la explicación resulte clara y útil para ti, Detección de errores(Debugging): detectar fallos, errores o comportamientos inesperados del sistema",Medio: el error podría causar cierta confusión o problema
R0169,P021,18–24,Grado,"Estudiante, Investigador/a (académico)",4,3,10,img_10,Naturaleza / animales,Elefante,Opción B,Grad-CAM,5,5,5,5.0,Media: explicación breve con algo de detalle,"Intermedio: algunos términos técnicos, pero fáciles de seguir",Texto breve + imagen,"Explicaciones centradas en atributos o características concretas, Explicaciones basadas en reglas o razonamientos paso a paso, Explicaciones visuales (zonas destacadas en la imagen)","Transparencia: entender por qué el sistema tomó esa decisión, Confianza: sentir mayor seguridad en la respuesta del sistema",Alto: el error podría tener consecuencias importantes
R0170,P012,18–24,Master,Estudiante,4,3,1,img_01,Naturaleza / animales,Aguila,Opción A,Anchor,4,5,4,4.333333333333333,Media: explicación breve con algo de detalle,"Intermedio: algunos términos técnicos, pero fáciles de seguir",Texto breve + imagen,"Explicaciones con ejemplos similares, Explicaciones con comparaciones o contraejemplos, Explicaciones visuales (zonas destacadas en la imagen)","Transparencia: entender por qué el sistema tomó esa decisión, Eficiencia: comprender la respuesta de forma rápida, Confianza: sentir mayor seguridad en la respuesta del sistema",Medio: el error podría causar cierta confusión o problema
R0171,P022,18–24,Grado,Investigador/a (académico),4,2,2,img_02,Naturaleza / animales,Pato,Opción B,Grad-CAM,4,4,4,4.0,Media: explicación breve con algo de detalle,"Intermedio: algunos términos técnicos, pero fáciles de seguir",Texto breve + imagen,"Explicaciones centradas en atributos o características concretas, Explicaciones visuales (zonas destacadas en la imagen)","Transparencia: entender por qué el sistema tomó esa decisión, Eficiencia: comprender la respuesta de forma rápida, Efectividad: recibir una explicación útil para realizar mejor la tarea, Detección de errores(Debugging): detectar fallos, errores o comportamientos inesperados del sistema",Alto: el error podría tener consecuencias importantes
R0172,P008,18–24,Bachillerato/FP,Estudiante,2,2,11,img_11,Naturaleza / animales,Tortuga,Opción E,Saliency,1,1,1,1.0,Media: explicación breve con algo de detalle,"Intermedio: algunos términos técnicos, pero fáciles de seguir",Texto breve + imagen,Explicaciones con comparaciones o contraejemplos,"Efectividad: recibir una explicación útil para realizar mejor la tarea, Satisfacción: que la explicación resulte clara y útil para ti",Medio: el error podría causar cierta confusión o problema
R0173,P013,25–34,Grado,"Estudiante, Profesional del sector tecnológico / IA / datos",4,3,11,img_11,Naturaleza / animales,Tortuga,Opción B,Grad-CAM,4,3,3,3.3333333333333335,Corta: solo lo esencial,"Intermedio: algunos términos técnicos, pero fáciles de seguir",Texto breve + imagen,"Explicaciones centradas en atributos o características concretas, Explicaciones basadas en reglas o razonamientos paso a paso","Transparencia: entender por qué el sistema tomó esa decisión, Confianza: sentir mayor seguridad en la respuesta del sistema",Medio: el error podría causar cierta confusión o problema
R0174,P013,25–34,Grado,"Estudiante, Profesional del sector tecnológico / IA / datos",4,3,6,img_06,Naturaleza / animales,Tigre,Opción A,Anchor,3,4,4,3.6666666666666665,Corta: solo lo esencial,"Intermedio: algunos términos técnicos, pero fáciles de seguir",Texto breve + imagen,"Explicaciones centradas en atributos o características concretas, Explicaciones basadas en reglas o razonamientos paso a paso","Transparencia: entender por qué el sistema tomó esa decisión, Confianza: sentir mayor seguridad en la respuesta del sistema",Medio: el error podría causar cierta confusión o problema
R0175,P001,25–34,Grado,Investigador/a (académico),3,3,6,img_06,Naturaleza / animales,Tigre,Opción A,Anchor,3,3,3,3.0,Media: explicación breve con algo de detalle,Simple: lenguaje claro y sin tecnicismos,Texto breve + imagen,"Explicaciones con ejemplos similares, Explicaciones basadas en reglas o razonamientos paso a paso, Explicaciones visuales (zonas destacadas en la imagen)","Eficiencia: comprender la respuesta de forma rápida, Efectividad: recibir una explicación útil para realizar mejor la tarea",Medio: el error podría causar cierta confusión o problema
R0176,P010,25–34,Doctorado,Investigador/a (académico),5,3,7,img_07,Naturaleza / animales,Pajaro,Opción D,LIME,3,3,3,3.0,Media: explicación breve con algo de detalle,"Intermedio: algunos términos técnicos, pero fáciles de seguir",Texto breve + imagen,"Explicaciones centradas en atributos o características concretas, Explicaciones basadas en reglas o razonamientos paso a paso, Explicaciones visuales (zonas destacadas en la imagen)","Transparencia: entender por qué el sistema tomó esa decisión, Detección de errores(Debugging): detectar fallos, errores o comportamientos inesperados del sistema, Escrutinio: evaluar críticamente si la decisión del sistema es adecuada, razonable o justa",Medio: el error podría causar cierta confusión o problema
R0177,P019,18–24,Grado,Estudiante,4,3,6,img_06,Naturaleza / animales,Tigre,Opción A,Anchor,2,2,3,2.3333333333333335,Media: explicación breve con algo de detalle,"Intermedio: algunos términos técnicos, pero fáciles de seguir",Texto breve + imagen,"Explicaciones con ejemplos similares, Explicaciones con comparaciones o contraejemplos, Explicaciones visuales (zonas destacadas en la imagen)","Eficiencia: comprender la respuesta de forma rápida, Satisfacción: que la explicación resulte clara y útil para ti, Detección de errores(Debugging): detectar fallos, errores o comportamientos inesperados del sistema",Medio: el error podría causar cierta confusión o problema
R0178,P018,18–24,Grado,"Estudiante, Investigador/a (académico)",4,3,2,img_02,Naturaleza / animales,Pato,Opción A,Anchor,2,3,2,2.3333333333333335,Larga: explicación completa y detallada,"Intermedio: algunos términos técnicos, pero fáciles de seguir",Principalmente visual,"Explicaciones con ejemplos similares, Explicaciones basadas en reglas o razonamientos paso a paso","Transparencia: entender por qué el sistema tomó esa decisión, Confianza: sentir mayor seguridad en la respuesta del sistema, Detección de errores(Debugging): detectar fallos, errores o comportamientos inesperados del sistema, Escrutinio: evaluar críticamente si la decisión del sistema es adecuada, razonable o justa",Alto: el error podría tener consecuencias importantes
R0179,P016,35–44,Grado,Desempleado/a / en búsqueda,4,2,8,img_08,Naturaleza / animales,Mariposa,Opción F (Ninguna),Ninguna,1,1,5,2.3333333333333335,Corta: solo lo esencial,Simple: lenguaje claro y sin tecnicismos,Texto breve + imagen,"Explicaciones con ejemplos similares, Explicaciones con comparaciones o contraejemplos, Explicaciones basadas en reglas o razonamientos paso a paso, Explicaciones visuales (zonas destacadas en la imagen)","Transparencia: entender por qué el sistema tomó esa decisión, Eficiencia: comprender la respuesta de forma rápida, Confianza: sentir mayor seguridad en la respuesta del sistema, Efectividad: recibir una explicación útil para realizar mejor la tarea, Satisfacción: que la explicación resulte clara y útil para ti, Persuasión: convencerte de que la decisión del sistema está justificada, Detección de errores(Debugging): detectar fallos, errores o comportamientos inesperados del sistema, Educación: aprender más sobre la imagen, el problema o el funcionamiento del sistema, Escrutinio: evaluar críticamente si la decisión del sistema es adecuada, razonable o justa",Medio: el error podría causar cierta confusión o problema
R0180,P025,18–24,Grado,"Estudiante, Investigador/a (académico)",5,3,4,img_04,Naturaleza / animales,Araña,Opción E,Saliency,3,2,3,2.6666666666666665,Media: explicación breve con algo de detalle,"Intermedio: algunos términos técnicos, pero fáciles de seguir",Texto detallado + imagen,"Explicaciones con comparaciones o contraejemplos, Explicaciones visuales (zonas destacadas en la imagen)","Transparencia: entender por qué el sistema tomó esa decisión, Detección de errores(Debugging): detectar fallos, errores o comportamientos inesperados del sistema, Educación: aprender más sobre la imagen, el problema o el funcionamiento del sistema, Escrutinio: evaluar críticamente si la decisión del sistema es adecuada, razonable o justa",Alto: el error podría tener consecuencias importantes
R0181,P025,18–24,Grado,"Estudiante, Investigador/a (académico)",5,3,10,img_10,Naturaleza / animales,Elefante,Opción B,Grad-CAM,3,3,4,3.3333333333333335,Media: explicación breve con algo de detalle,"Intermedio: algunos términos técnicos, pero fáciles de seguir",Texto detallado + imagen,"Explicaciones con comparaciones o contraejemplos, Explicaciones visuales (zonas destacadas en la imagen)","Transparencia: entender por qué el sistema tomó esa decisión, Detección de errores(Debugging): detectar fallos, errores o comportamientos inesperados del sistema, Educación: aprender más sobre la imagen, el problema o el funcionamiento del sistema, Escrutinio: evaluar críticamente si la decisión del sistema es adecuada, razonable o justa",Alto: el error podría tener consecuencias importantes
R0182,P005,18–24,Grado,"Estudiante, Investigador/a (académico)",4,3,1,img_01,Naturaleza / animales,Aguila,Opción B,Grad-CAM,4,5,4,4.333333333333333,Media: explicación breve con algo de detalle,"Intermedio: algunos términos técnicos, pero fáciles de seguir",Texto breve + imagen,"Explicaciones basadas en reglas o razonamientos paso a paso, Explicaciones visuales (zonas destacadas en la imagen)","Confianza: sentir mayor seguridad en la respuesta del sistema, Detección de errores(Debugging): detectar fallos, errores o comportamientos inesperados del sistema, Escrutinio: evaluar críticamente si la decisión del sistema es adecuada, razonable o justa",Medio: el error podría causar cierta confusión o problema
R0183,P018,18–24,Grado,"Estudiante, Investigador/a (académico)",4,3,7,img_07,Naturaleza / animales,Pajaro,Opción D,LIME,2,3,4,3.0,Larga: explicación completa y detallada,"Intermedio: algunos términos técnicos, pero fáciles de seguir",Principalmente visual,"Explicaciones con ejemplos similares, Explicaciones basadas en reglas o razonamientos paso a paso","Transparencia: entender por qué el sistema tomó esa decisión, Confianza: sentir mayor seguridad en la respuesta del sistema, Detección de errores(Debugging): detectar fallos, errores o comportamientos inesperados del sistema, Escrutinio: evaluar críticamente si la decisión del sistema es adecuada, razonable o justa",Alto: el error podría tener consecuencias importantes
R0184,P012,18–24,Master,Estudiante,4,3,2,img_02,Naturaleza / animales,Pato,Opción B,Grad-CAM,4,5,5,4.666666666666667,Media: explicación breve con algo de detalle,"Intermedio: algunos términos técnicos, pero fáciles de seguir",Texto breve + imagen,"Explicaciones con ejemplos similares, Explicaciones con comparaciones o contraejemplos, Explicaciones visuales (zonas destacadas en la imagen)","Transparencia: entender por qué el sistema tomó esa decisión, Eficiencia: comprender la respuesta de forma rápida, Confianza: sentir mayor seguridad en la respuesta del sistema",Medio: el error podría causar cierta confusión o problema
R0185,P002,18–24,Grado,"Estudiante, Profesional del sector tecnológico / IA / datos",4,3,11,img_11,Naturaleza / animales,Tortuga,Opción B,Grad-CAM,3,3,3,3.0,Larga: explicación completa y detallada,"Intermedio: algunos términos técnicos, pero fáciles de seguir",Texto detallado + imagen,"Explicaciones con comparaciones o contraejemplos, Explicaciones centradas en atributos o características concretas, Explicaciones basadas en reglas o razonamientos paso a paso","Transparencia: entender por qué el sistema tomó esa decisión, Confianza: sentir mayor seguridad en la respuesta del sistema, Efectividad: recibir una explicación útil para realizar mejor la tarea, Satisfacción: que la explicación resulte clara y útil para ti, Detección de errores(Debugging): detectar fallos, errores o comportamientos inesperados del sistema, Educación: aprender más sobre la imagen, el problema o el funcionamiento del sistema, Escrutinio: evaluar críticamente si la decisión del sistema es adecuada, razonable o justa",Medio: el error podría causar cierta confusión o problema
R0186,P017,18–24,Grado,"Estudiante, Investigador/a (académico)",4,2,8,img_08,Naturaleza / animales,Mariposa,Opción B,Grad-CAM,4,5,4,4.333333333333333,Larga: explicación completa y detallada,"Intermedio: algunos términos técnicos, pero fáciles de seguir",Principalmente visual,"Explicaciones centradas en atributos o características concretas, Explicaciones basadas en reglas o razonamientos paso a paso, Explicaciones visuales (zonas destacadas en la imagen)","Transparencia: entender por qué el sistema tomó esa decisión, Eficiencia: comprender la respuesta de forma rápida, Satisfacción: que la explicación resulte clara y útil para ti",Medio: el error podría causar cierta confusión o problema
R0187,P013,25–34,Grado,"Estudiante, Profesional del sector tecnológico / IA / datos",4,3,5,img_05,Naturaleza / animales,Mariposa,Opción F (Ninguna),Ninguna,1,1,1,1.0,Corta: solo lo esencial,"Intermedio: algunos términos técnicos, pero fáciles de seguir",Texto breve + imagen,"Explicaciones centradas en atributos o características concretas, Explicaciones basadas en reglas o razonamientos paso a paso","Transparencia: entender por qué el sistema tomó esa decisión, Confianza: sentir mayor seguridad en la respuesta del sistema",Medio: el error podría causar cierta confusión o problema
R0188,P011,18–24,Grado,Profesional de otro sector,4,2,5,img_05,Naturaleza / animales,Mariposa,Opción A,Anchor,1,1,1,1.0,Media: explicación breve con algo de detalle,Simple: lenguaje claro y sin tecnicismos,Texto detallado + imagen,"Explicaciones con ejemplos similares, Explicaciones con comparaciones o contraejemplos, Explicaciones centradas en atributos o características concretas, Explicaciones basadas en reglas o razonamientos paso a paso, Explicaciones visuales (zonas destacadas en la imagen), No tengo preferencia / me da igual","Transparencia: entender por qué el sistema tomó esa decisión, Efectividad: recibir una explicación útil para realizar mejor la tarea, Satisfacción: que la explicación resulte clara y útil para ti, Educación: aprender más sobre la imagen, el problema o el funcionamiento del sistema, Escrutinio: evaluar críticamente si la decisión del sistema es adecuada, razonable o justa",Medio: el error podría causar cierta confusión o problema
R0189,P012,18–24,Master,Estudiante,4,3,3,img_03,Naturaleza / animales,Serpiente,Opción E,Saliency,5,5,4,4.666666666666667,Media: explicación breve con algo de detalle,"Intermedio: algunos términos técnicos, pero fáciles de seguir",Texto breve + imagen,"Explicaciones con ejemplos similares, Explicaciones con comparaciones o contraejemplos, Explicaciones visuales (zonas destacadas en la imagen)","Transparencia: entender por qué el sistema tomó esa decisión, Eficiencia: comprender la respuesta de forma rápida, Confianza: sentir mayor seguridad en la respuesta del sistema",Medio: el error podría causar cierta confusión o problema
R0190,P022,18–24,Grado,Investigador/a (académico),4,2,4,img_04,Naturaleza / animales,Araña,Opción E,Saliency,4,4,4,4.0,Media: explicación breve con algo de detalle,"Intermedio: algunos términos técnicos, pero fáciles de seguir",Texto breve + imagen,"Explicaciones centradas en atributos o características concretas, Explicaciones visuales (zonas destacadas en la imagen)","Transparencia: entender por qué el sistema tomó esa decisión, Eficiencia: comprender la respuesta de forma rápida, Efectividad: recibir una explicación útil para realizar mejor la tarea, Detección de errores(Debugging): detectar fallos, errores o comportamientos inesperados del sistema",Alto: el error podría tener consecuencias importantes
R0191,P019,18–24,Grado,Estudiante,4,3,3,img_03,Naturaleza / animales,Serpiente,Opción E,Saliency,3,2,4,3.0,Media: explicación breve con algo de detalle,"Intermedio: algunos términos técnicos, pero fáciles de seguir",Texto breve + imagen,"Explicaciones con ejemplos similares, Explicaciones con comparaciones o contraejemplos, Explicaciones visuales (zonas destacadas en la imagen)","Eficiencia: comprender la respuesta de forma rápida, Satisfacción: que la explicación resulte clara y útil para ti, Detección de errores(Debugging): detectar fallos, errores o comportamientos inesperados del sistema",Medio: el error podría causar cierta confusión o problema
R0192,P003,18–24,Grado,Estudiante,4,4,6,img_06,Naturaleza / animales,Tigre,Opción C,Integrated Gradients,4,4,4,4.0,Corta: solo lo esencial,Simple: lenguaje claro y sin tecnicismos,Me da igual,No tengo preferencia / me da igual,"Eficiencia: comprender la respuesta de forma rápida, Confianza: sentir mayor seguridad en la respuesta del sistema",Medio: el error podría causar cierta confusión o problema
R0193,P009,18–24,Prefiero no contestar,Prefiero no contestar,1,2,2,img_02,Naturaleza / animales,Pato,Opción C,Integrated Gradients,2,4,4,3.3333333333333335,Corta: solo lo esencial,Simple: lenguaje claro y sin tecnicismos,Me da igual,No tengo preferencia / me da igual,"Educación: aprender más sobre la imagen, el problema o el funcionamiento del sistema",Medio: el error podría causar cierta confusión o problema
R0194,P011,18–24,Grado,Profesional de otro sector,4,2,6,img_06,Naturaleza / animales,Tigre,Opción A,Anchor,4,4,3,3.6666666666666665,Media: explicación breve con algo de detalle,Simple: lenguaje claro y sin tecnicismos,Texto detallado + imagen,"Explicaciones con ejemplos similares, Explicaciones con comparaciones o contraejemplos, Explicaciones centradas en atributos o características concretas, Explicaciones basadas en reglas o razonamientos paso a paso, Explicaciones visuales (zonas destacadas en la imagen), No tengo preferencia / me da igual","Transparencia: entender por qué el sistema tomó esa decisión, Efectividad: recibir una explicación útil para realizar mejor la tarea, Satisfacción: que la explicación resulte clara y útil para ti, Educación: aprender más sobre la imagen, el problema o el funcionamiento del sistema, Escrutinio: evaluar críticamente si la decisión del sistema es adecuada, razonable o justa",Medio: el error podría causar cierta confusión o problema
R0195,P010,25–34,Doctorado,Investigador/a (académico),5,3,9,img_09,Naturaleza / animales,Aguila,Opción B,Grad-CAM,4,5,4,4.333333333333333,Media: explicación breve con algo de detalle,"Intermedio: algunos términos técnicos, pero fáciles de seguir",Texto breve + imagen,"Explicaciones centradas en atributos o características concretas, Explicaciones basadas en reglas o razonamientos paso a paso, Explicaciones visuales (zonas destacadas en la imagen)","Transparencia: entender por qué el sistema tomó esa decisión, Detección de errores(Debugging): detectar fallos, errores o comportamientos inesperados del sistema, Escrutinio: evaluar críticamente si la decisión del sistema es adecuada, razonable o justa",Medio: el error podría causar cierta confusión o problema
R0196,P008,18–24,Bachillerato/FP,Estudiante,2,2,7,img_07,Naturaleza / animales,Pajaro,Opción C,Integrated Gradients,4,3,3,3.3333333333333335,Media: explicación breve con algo de detalle,"Intermedio: algunos términos técnicos, pero fáciles de seguir",Texto breve + imagen,Explicaciones con comparaciones o contraejemplos,"Efectividad: recibir una explicación útil para realizar mejor la tarea, Satisfacción: que la explicación resulte clara y útil para ti",Medio: el error podría causar cierta confusión o problema
R0197,P020,25–34,Doctorado,"Investigador/a (académico), Docente / profesor/a",5,2,10,img_10,Naturaleza / animales,Elefante,Opción E,Saliency,4,4,5,4.333333333333333,Media: explicación breve con algo de detalle,"Intermedio: algunos términos técnicos, pero fáciles de seguir",Texto detallado + imagen,"Explicaciones con ejemplos similares, Explicaciones con comparaciones o contraejemplos, Explicaciones centradas en atributos o características concretas","Transparencia: entender por qué el sistema tomó esa decisión, Confianza: sentir mayor seguridad en la respuesta del sistema, Efectividad: recibir una explicación útil para realizar mejor la tarea, Satisfacción: que la explicación resulte clara y útil para ti",Alto: el error podría tener consecuencias importantes
R0198,P024,18–24,Grado,Estudiante,5,2,7,img_07,Naturaleza / animales,Pajaro,Opción F (Ninguna),Ninguna,1,1,1,1.0,Media: explicación breve con algo de detalle,"Intermedio: algunos términos técnicos, pero fáciles de seguir",Texto detallado + imagen,"Explicaciones con ejemplos similares, Explicaciones con comparaciones o contraejemplos, Explicaciones basadas en reglas o razonamientos paso a paso, Explicaciones visuales (zonas destacadas en la imagen)","Transparencia: entender por qué el sistema tomó esa decisión, Eficiencia: comprender la respuesta de forma rápida, Efectividad: recibir una explicación útil para realizar mejor la tarea, Persuasión: convencerte de que la decisión del sistema está justificada, Detección de errores(Debugging): detectar fallos, errores o comportamientos inesperados del sistema, Escrutinio: evaluar críticamente si la decisión del sistema es adecuada, razonable o justa",Medio: el error podría causar cierta confusión o problema
R0199,P010,25–34,Doctorado,Investigador/a (académico),5,3,6,img_06,Naturaleza / animales,Tigre,Opción A,Anchor,4,4,4,4.0,Media: explicación breve con algo de detalle,"Intermedio: algunos términos técnicos, pero fáciles de seguir",Texto breve + imagen,"Explicaciones centradas en atributos o características concretas, Explicaciones basadas en reglas o razonamientos paso a paso, Explicaciones visuales (zonas destacadas en la imagen)","Transparencia: entender por qué el sistema tomó esa decisión, Detección de errores(Debugging): detectar fallos, errores o comportamientos inesperados del sistema, Escrutinio: evaluar críticamente si la decisión del sistema es adecuada, razonable o justa",Medio: el error podría causar cierta confusión o problema
R0200,P027,18–24,Master,"Estudiante, Investigador/a (académico), Docente / profesor/a",5,3,9,img_09,Naturaleza / animales,Aguila,Opción D,LIME,3,3,3,3.0,Corta: solo lo esencial,Simple: lenguaje claro y sin tecnicismos,Texto breve + imagen,"Explicaciones centradas en atributos o características concretas, Explicaciones basadas en reglas o razonamientos paso a paso","Transparencia: entender por qué el sistema tomó esa decisión, Confianza: sentir mayor seguridad en la respuesta del sistema, Satisfacción: que la explicación resulte clara y útil para ti, Persuasión: convencerte de que la decisión del sistema está justificada, Detección de errores(Debugging): detectar fallos, errores o comportamientos inesperados del sistema",Bajo: el error apenas tendría consecuencias
R0201,P024,18–24,Grado,Estudiante,5,2,1,img_01,Naturaleza / animales,Aguila,Opción B,Grad-CAM,4,4,3,3.6666666666666665,Media: explicación breve con algo de detalle,"Intermedio: algunos términos técnicos, pero fáciles de seguir",Texto detallado + imagen,"Explicaciones con ejemplos similares, Explicaciones con comparaciones o contraejemplos, Explicaciones basadas en reglas o razonamientos paso a paso, Explicaciones visuales (zonas destacadas en la imagen)","Transparencia: entender por qué el sistema tomó esa decisión, Eficiencia: comprender la respuesta de forma rápida, Efectividad: recibir una explicación útil para realizar mejor la tarea, Persuasión: convencerte de que la decisión del sistema está justificada, Detección de errores(Debugging): detectar fallos, errores o comportamientos inesperados del sistema, Escrutinio: evaluar críticamente si la decisión del sistema es adecuada, razonable o justa",Medio: el error podría causar cierta confusión o problema
R0202,P008,18–24,Bachillerato/FP,Estudiante,2,2,3,img_03,Naturaleza / animales,Serpiente,Opción A,Anchor,2,2,2,2.0,Media: explicación breve con algo de detalle,"Intermedio: algunos términos técnicos, pero fáciles de seguir",Texto breve + imagen,Explicaciones con comparaciones o contraejemplos,"Efectividad: recibir una explicación útil para realizar mejor la tarea, Satisfacción: que la explicación resulte clara y útil para ti",Medio: el error podría causar cierta confusión o problema
R0203,P002,18–24,Grado,"Estudiante, Profesional del sector tecnológico / IA / datos",4,3,3,img_03,Naturaleza / animales,Serpiente,Opción A,Anchor,4,4,5,4.333333333333333,Larga: explicación completa y detallada,"Intermedio: algunos términos técnicos, pero fáciles de seguir",Texto detallado + imagen,"Explicaciones con comparaciones o contraejemplos, Explicaciones centradas en atributos o características concretas, Explicaciones basadas en reglas o razonamientos paso a paso","Transparencia: entender por qué el sistema tomó esa decisión, Confianza: sentir mayor seguridad en la respuesta del sistema, Efectividad: recibir una explicación útil para realizar mejor la tarea, Satisfacción: que la explicación resulte clara y útil para ti, Detección de errores(Debugging): detectar fallos, errores o comportamientos inesperados del sistema, Educación: aprender más sobre la imagen, el problema o el funcionamiento del sistema, Escrutinio: evaluar críticamente si la decisión del sistema es adecuada, razonable o justa",Medio: el error podría causar cierta confusión o problema
R0204,P017,18–24,Grado,"Estudiante, Investigador/a (académico)",4,2,6,img_06,Naturaleza / animales,Tigre,Opción C,Integrated Gradients,3,2,4,3.0,Larga: explicación completa y detallada,"Intermedio: algunos términos técnicos, pero fáciles de seguir",Principalmente visual,"Explicaciones centradas en atributos o características concretas, Explicaciones basadas en reglas o razonamientos paso a paso, Explicaciones visuales (zonas destacadas en la imagen)","Transparencia: entender por qué el sistema tomó esa decisión, Eficiencia: comprender la respuesta de forma rápida, Satisfacción: que la explicación resulte clara y útil para ti",Medio: el error podría causar cierta confusión o problema
R0205,P014,18–24,Grado,"Estudiante, Otro / texto libre anonimizado",5,2,6,img_06,Naturaleza / animales,Tigre,Opción A,Anchor,2,3,3,2.6666666666666665,Corta: solo lo esencial,Técnico: explicación más especializada y precisa,Texto breve + imagen,"Explicaciones con ejemplos similares, Explicaciones con comparaciones o contraejemplos, Explicaciones visuales (zonas destacadas en la imagen)","Transparencia: entender por qué el sistema tomó esa decisión, Satisfacción: que la explicación resulte clara y útil para ti, Detección de errores(Debugging): detectar fallos, errores o comportamientos inesperados del sistema, Educación: aprender más sobre la imagen, el problema o el funcionamiento del sistema",Alto: el error podría tener consecuencias importantes
R0206,P016,35–44,Grado,Desempleado/a / en búsqueda,4,2,5,img_05,Naturaleza / animales,Mariposa,Opción F (Ninguna),Ninguna,1,1,4,2.0,Corta: solo lo esencial,Simple: lenguaje claro y sin tecnicismos,Texto breve + imagen,"Explicaciones con ejemplos similares, Explicaciones con comparaciones o contraejemplos, Explicaciones basadas en reglas o razonamientos paso a paso, Explicaciones visuales (zonas destacadas en la imagen)","Transparencia: entender por qué el sistema tomó esa decisión, Eficiencia: comprender la respuesta de forma rápida, Confianza: sentir mayor seguridad en la respuesta del sistema, Efectividad: recibir una explicación útil para realizar mejor la tarea, Satisfacción: que la explicación resulte clara y útil para ti, Persuasión: convencerte de que la decisión del sistema está justificada, Detección de errores(Debugging): detectar fallos, errores o comportamientos inesperados del sistema, Educación: aprender más sobre la imagen, el problema o el funcionamiento del sistema, Escrutinio: evaluar críticamente si la decisión del sistema es adecuada, razonable o justa",Medio: el error podría causar cierta confusión o problema
R0207,P009,18–24,Prefiero no contestar,Prefiero no contestar,1,2,9,img_09,Naturaleza / animales,Aguila,Opción F (Ninguna),Ninguna,1,1,1,1.0,Corta: solo lo esencial,Simple: lenguaje claro y sin tecnicismos,Me da igual,No tengo preferencia / me da igual,"Educación: aprender más sobre la imagen, el problema o el funcionamiento del sistema",Medio: el error podría causar cierta confusión o problema
R0208,P020,25–34,Doctorado,"Investigador/a (académico), Docente / profesor/a",5,2,1,img_01,Naturaleza / animales,Aguila,Opción B,Grad-CAM,4,4,5,4.333333333333333,Media: explicación breve con algo de detalle,"Intermedio: algunos términos técnicos, pero fáciles de seguir",Texto detallado + imagen,"Explicaciones con ejemplos similares, Explicaciones con comparaciones o contraejemplos, Explicaciones centradas en atributos o características concretas","Transparencia: entender por qué el sistema tomó esa decisión, Confianza: sentir mayor seguridad en la respuesta del sistema, Efectividad: recibir una explicación útil para realizar mejor la tarea, Satisfacción: que la explicación resulte clara y útil para ti",Alto: el error podría tener consecuencias importantes
R0209,P006,18–24,Bachillerato/FP,Estudiante,4,3,1,img_01,Naturaleza / animales,Aguila,Opción B,Grad-CAM,2,3,3,2.6666666666666665,Corta: solo lo esencial,"Intermedio: algunos términos técnicos, pero fáciles de seguir",Texto breve + imagen,"Explicaciones con comparaciones o contraejemplos, Explicaciones centradas en atributos o características concretas, Explicaciones visuales (zonas destacadas en la imagen)","Transparencia: entender por qué el sistema tomó esa decisión, Eficiencia: comprender la respuesta de forma rápida, Satisfacción: que la explicación resulte clara y útil para ti, Detección de errores(Debugging): detectar fallos, errores o comportamientos inesperados del sistema, Escrutinio: evaluar críticamente si la decisión del sistema es adecuada, razonable o justa",Alto: el error podría tener consecuencias importantes
R0210,P016,35–44,Grado,Desempleado/a / en búsqueda,4,2,9,img_09,Naturaleza / animales,Aguila,Opción F (Ninguna),Ninguna,1,1,5,2.3333333333333335,Corta: solo lo esencial,Simple: lenguaje claro y sin tecnicismos,Texto breve + imagen,"Explicaciones con ejemplos similares, Explicaciones con comparaciones o contraejemplos, Explicaciones basadas en reglas o razonamientos paso a paso, Explicaciones visuales (zonas destacadas en la imagen)","Transparencia: entender por qué el sistema tomó esa decisión, Eficiencia: comprender la respuesta de forma rápida, Confianza: sentir mayor seguridad en la respuesta del sistema, Efectividad: recibir una explicación útil para realizar mejor la tarea, Satisfacción: que la explicación resulte clara y útil para ti, Persuasión: convencerte de que la decisión del sistema está justificada, Detección de errores(Debugging): detectar fallos, errores o comportamientos inesperados del sistema, Educación: aprender más sobre la imagen, el problema o el funcionamiento del sistema, Escrutinio: evaluar críticamente si la decisión del sistema es adecuada, razonable o justa",Medio: el error podría causar cierta confusión o problema
R0211,P023,18–24,Grado,Estudiante,3,2,11,img_11,Naturaleza / animales,Tortuga,Opción B,Grad-CAM,2,1,2,1.6666666666666667,Media: explicación breve con algo de detalle,"Intermedio: algunos términos técnicos, pero fáciles de seguir",Texto breve + imagen,"Explicaciones con ejemplos similares, Explicaciones con comparaciones o contraejemplos","Transparencia: entender por qué el sistema tomó esa decisión, Eficiencia: comprender la respuesta de forma rápida, Efectividad: recibir una explicación útil para realizar mejor la tarea, Satisfacción: que la explicación resulte clara y útil para ti",Medio: el error podría causar cierta confusión o problema
R0212,P005,18–24,Grado,"Estudiante, Investigador/a (académico)",4,3,10,img_10,Naturaleza / animales,Elefante,Opción E,Saliency,4,4,4,4.0,Media: explicación breve con algo de detalle,"Intermedio: algunos términos técnicos, pero fáciles de seguir",Texto breve + imagen,"Explicaciones basadas en reglas o razonamientos paso a paso, Explicaciones visuales (zonas destacadas en la imagen)","Confianza: sentir mayor seguridad en la respuesta del sistema, Detección de errores(Debugging): detectar fallos, errores o comportamientos inesperados del sistema, Escrutinio: evaluar críticamente si la decisión del sistema es adecuada, razonable o justa",Medio: el error podría causar cierta confusión o problema
R0213,P005,18–24,Grado,"Estudiante, Investigador/a (académico)",4,3,7,img_07,Naturaleza / animales,Pajaro,Opción C,Integrated Gradients,3,2,4,3.0,Media: explicación breve con algo de detalle,"Intermedio: algunos términos técnicos, pero fáciles de seguir",Texto breve + imagen,"Explicaciones basadas en reglas o razonamientos paso a paso, Explicaciones visuales (zonas destacadas en la imagen)","Confianza: sentir mayor seguridad en la respuesta del sistema, Detección de errores(Debugging): detectar fallos, errores o comportamientos inesperados del sistema, Escrutinio: evaluar críticamente si la decisión del sistema es adecuada, razonable o justa",Medio: el error podría causar cierta confusión o problema
R0214,P026,35–44,Doctorado,"Investigador/a (académico), Docente / profesor/a",3,3,7,img_07,Naturaleza / animales,Pajaro,Opción A,Anchor,4,5,4,4.333333333333333,Media: explicación breve con algo de detalle,"Intermedio: algunos términos técnicos, pero fáciles de seguir",Texto detallado + imagen,"Explicaciones centradas en atributos o características concretas, Explicaciones basadas en reglas o razonamientos paso a paso, Explicaciones visuales (zonas destacadas en la imagen)","Transparencia: entender por qué el sistema tomó esa decisión, Confianza: sentir mayor seguridad en la respuesta del sistema, Satisfacción: que la explicación resulte clara y útil para ti, Educación: aprender más sobre la imagen, el problema o el funcionamiento del sistema",Alto: el error podría tener consecuencias importantes
R0215,P022,18–24,Grado,Investigador/a (académico),4,2,1,img_01,Naturaleza / animales,Aguila,Opción B,Grad-CAM,4,4,4,4.0,Media: explicación breve con algo de detalle,"Intermedio: algunos términos técnicos, pero fáciles de seguir",Texto breve + imagen,"Explicaciones centradas en atributos o características concretas, Explicaciones visuales (zonas destacadas en la imagen)","Transparencia: entender por qué el sistema tomó esa decisión, Eficiencia: comprender la respuesta de forma rápida, Efectividad: recibir una explicación útil para realizar mejor la tarea, Detección de errores(Debugging): detectar fallos, errores o comportamientos inesperados del sistema",Alto: el error podría tener consecuencias importantes
R0216,P022,18–24,Grado,Investigador/a (académico),4,2,3,img_03,Naturaleza / animales,Serpiente,Opción A,Anchor,3,4,3,3.3333333333333335,Media: explicación breve con algo de detalle,"Intermedio: algunos términos técnicos, pero fáciles de seguir",Texto breve + imagen,"Explicaciones centradas en atributos o características concretas, Explicaciones visuales (zonas destacadas en la imagen)","Transparencia: entender por qué el sistema tomó esa decisión, Eficiencia: comprender la respuesta de forma rápida, Efectividad: recibir una explicación útil para realizar mejor la tarea, Detección de errores(Debugging): detectar fallos, errores o comportamientos inesperados del sistema",Alto: el error podría tener consecuencias importantes
R0217,P021,18–24,Grado,"Estudiante, Investigador/a (académico)",4,3,11,img_11,Naturaleza / animales,Tortuga,Opción B,Grad-CAM,5,5,5,5.0,Media: explicación breve con algo de detalle,"Intermedio: algunos términos técnicos, pero fáciles de seguir",Texto breve + imagen,"Explicaciones centradas en atributos o características concretas, Explicaciones basadas en reglas o razonamientos paso a paso, Explicaciones visuales (zonas destacadas en la imagen)","Transparencia: entender por qué el sistema tomó esa decisión, Confianza: sentir mayor seguridad en la respuesta del sistema",Alto: el error podría tener consecuencias importantes
R0218,P016,35–44,Grado,Desempleado/a / en búsqueda,4,2,7,img_07,Naturaleza / animales,Pajaro,Opción B,Grad-CAM,5,3,5,4.333333333333333,Corta: solo lo esencial,Simple: lenguaje claro y sin tecnicismos,Texto breve + imagen,"Explicaciones con ejemplos similares, Explicaciones con comparaciones o contraejemplos, Explicaciones basadas en reglas o razonamientos paso a paso, Explicaciones visuales (zonas destacadas en la imagen)","Transparencia: entender por qué el sistema tomó esa decisión, Eficiencia: comprender la respuesta de forma rápida, Confianza: sentir mayor seguridad en la respuesta del sistema, Efectividad: recibir una explicación útil para realizar mejor la tarea, Satisfacción: que la explicación resulte clara y útil para ti, Persuasión: convencerte de que la decisión del sistema está justificada, Detección de errores(Debugging): detectar fallos, errores o comportamientos inesperados del sistema, Educación: aprender más sobre la imagen, el problema o el funcionamiento del sistema, Escrutinio: evaluar críticamente si la decisión del sistema es adecuada, razonable o justa",Medio: el error podría causar cierta confusión o problema
R0219,P026,35–44,Doctorado,"Investigador/a (académico), Docente / profesor/a",3,3,9,img_09,Naturaleza / animales,Aguila,Opción E,Saliency,3,4,3,3.3333333333333335,Media: explicación breve con algo de detalle,"Intermedio: algunos términos técnicos, pero fáciles de seguir",Texto detallado + imagen,"Explicaciones centradas en atributos o características concretas, Explicaciones basadas en reglas o razonamientos paso a paso, Explicaciones visuales (zonas destacadas en la imagen)","Transparencia: entender por qué el sistema tomó esa decisión, Confianza: sentir mayor seguridad en la respuesta del sistema, Satisfacción: que la explicación resulte clara y útil para ti, Educación: aprender más sobre la imagen, el problema o el funcionamiento del sistema",Alto: el error podría tener consecuencias importantes
R0220,P002,18–24,Grado,"Estudiante, Profesional del sector tecnológico / IA / datos",4,3,7,img_07,Naturaleza / animales,Pajaro,Opción C,Integrated Gradients,4,5,5,4.666666666666667,Larga: explicación completa y detallada,"Intermedio: algunos términos técnicos, pero fáciles de seguir",Texto detallado + imagen,"Explicaciones con comparaciones o contraejemplos, Explicaciones centradas en atributos o características concretas, Explicaciones basadas en reglas o razonamientos paso a paso","Transparencia: entender por qué el sistema tomó esa decisión, Confianza: sentir mayor seguridad en la respuesta del sistema, Efectividad: recibir una explicación útil para realizar mejor la tarea, Satisfacción: que la explicación resulte clara y útil para ti, Detección de errores(Debugging): detectar fallos, errores o comportamientos inesperados del sistema, Educación: aprender más sobre la imagen, el problema o el funcionamiento del sistema, Escrutinio: evaluar críticamente si la decisión del sistema es adecuada, razonable o justa",Medio: el error podría causar cierta confusión o problema
R0221,P009,18–24,Prefiero no contestar,Prefiero no contestar,1,2,8,img_08,Naturaleza / animales,Mariposa,Opción F (Ninguna),Ninguna,1,1,1,1.0,Corta: solo lo esencial,Simple: lenguaje claro y sin tecnicismos,Me da igual,No tengo preferencia / me da igual,"Educación: aprender más sobre la imagen, el problema o el funcionamiento del sistema",Medio: el error podría causar cierta confusión o problema
R0222,P027,18–24,Master,"Estudiante, Investigador/a (académico), Docente / profesor/a",5,3,2,img_02,Naturaleza / animales,Pato,Opción B,Grad-CAM,4,4,4,4.0,Corta: solo lo esencial,Simple: lenguaje claro y sin tecnicismos,Texto breve + imagen,"Explicaciones centradas en atributos o características concretas, Explicaciones basadas en reglas o razonamientos paso a paso","Transparencia: entender por qué el sistema tomó esa decisión, Confianza: sentir mayor seguridad en la respuesta del sistema, Satisfacción: que la explicación resulte clara y útil para ti, Persuasión: convencerte de que la decisión del sistema está justificada, Detección de errores(Debugging): detectar fallos, errores o comportamientos inesperados del sistema",Bajo: el error apenas tendría consecuencias
R0223,P005,18–24,Grado,"Estudiante, Investigador/a (académico)",4,3,4,img_04,Naturaleza / animales,Araña,Opción C,Integrated Gradients,4,4,4,4.0,Media: explicación breve con algo de detalle,"Intermedio: algunos términos técnicos, pero fáciles de seguir",Texto breve + imagen,"Explicaciones basadas en reglas o razonamientos paso a paso, Explicaciones visuales (zonas destacadas en la imagen)","Confianza: sentir mayor seguridad en la respuesta del sistema, Detección de errores(Debugging): detectar fallos, errores o comportamientos inesperados del sistema, Escrutinio: evaluar críticamente si la decisión del sistema es adecuada, razonable o justa",Medio: el error podría causar cierta confusión o problema
R0224,P023,18–24,Grado,Estudiante,3,2,10,img_10,Naturaleza / animales,Elefante,Opción E,Saliency,4,3,3,3.3333333333333335,Media: explicación breve con algo de detalle,"Intermedio: algunos términos técnicos, pero fáciles de seguir",Texto breve + imagen,"Explicaciones con ejemplos similares, Explicaciones con comparaciones o contraejemplos","Transparencia: entender por qué el sistema tomó esa decisión, Eficiencia: comprender la respuesta de forma rápida, Efectividad: recibir una explicación útil para realizar mejor la tarea, Satisfacción: que la explicación resulte clara y útil para ti",Medio: el error podría causar cierta confusión o problema
R0225,P007,18–24,Grado,Estudiante,3,3,2,img_02,Naturaleza / animales,Pato,Opción A,Anchor,3,3,3,3.0,Media: explicación breve con algo de detalle,"Intermedio: algunos términos técnicos, pero fáciles de seguir",Principalmente visual,"Explicaciones con comparaciones o contraejemplos, Explicaciones visuales (zonas destacadas en la imagen)","Transparencia: entender por qué el sistema tomó esa decisión, Detección de errores(Debugging): detectar fallos, errores o comportamientos inesperados del sistema, Educación: aprender más sobre la imagen, el problema o el funcionamiento del sistema",Alto: el error podría tener consecuencias importantes
R0226,P026,35–44,Doctorado,"Investigador/a (académico), Docente / profesor/a",3,3,11,img_11,Naturaleza / animales,Tortuga,Opción E,Saliency,3,4,3,3.3333333333333335,Media: explicación breve con algo de detalle,"Intermedio: algunos términos técnicos, pero fáciles de seguir",Texto detallado + imagen,"Explicaciones centradas en atributos o características concretas, Explicaciones basadas en reglas o razonamientos paso a paso, Explicaciones visuales (zonas destacadas en la imagen)","Transparencia: entender por qué el sistema tomó esa decisión, Confianza: sentir mayor seguridad en la respuesta del sistema, Satisfacción: que la explicación resulte clara y útil para ti, Educación: aprender más sobre la imagen, el problema o el funcionamiento del sistema",Alto: el error podría tener consecuencias importantes
R0227,P004,25–34,Master,Profesional del sector tecnológico / IA / datos,3,4,6,img_06,Naturaleza / animales,Tigre,Opción A,Anchor,4,5,5,4.666666666666667,Media: explicación breve con algo de detalle,"Intermedio: algunos términos técnicos, pero fáciles de seguir",Texto breve + imagen,Explicaciones visuales (zonas destacadas en la imagen),"Eficiencia: comprender la respuesta de forma rápida, Efectividad: recibir una explicación útil para realizar mejor la tarea, Satisfacción: que la explicación resulte clara y útil para ti, Detección de errores(Debugging): detectar fallos, errores o comportamientos inesperados del sistema",Medio: el error podría causar cierta confusión o problema
R0228,P012,18–24,Master,Estudiante,4,3,5,img_05,Naturaleza / animales,Mariposa,Opción F (Ninguna),Ninguna,1,1,1,1.0,Media: explicación breve con algo de detalle,"Intermedio: algunos términos técnicos, pero fáciles de seguir",Texto breve + imagen,"Explicaciones con ejemplos similares, Explicaciones con comparaciones o contraejemplos, Explicaciones visuales (zonas destacadas en la imagen)","Transparencia: entender por qué el sistema tomó esa decisión, Eficiencia: comprender la respuesta de forma rápida, Confianza: sentir mayor seguridad en la respuesta del sistema",Medio: el error podría causar cierta confusión o problema
R0229,P024,18–24,Grado,Estudiante,5,2,8,img_08,Naturaleza / animales,Mariposa,Opción B,Grad-CAM,4,4,4,4.0,Media: explicación breve con algo de detalle,"Intermedio: algunos términos técnicos, pero fáciles de seguir",Texto detallado + imagen,"Explicaciones con ejemplos similares, Explicaciones con comparaciones o contraejemplos, Explicaciones basadas en reglas o razonamientos paso a paso, Explicaciones visuales (zonas destacadas en la imagen)","Transparencia: entender por qué el sistema tomó esa decisión, Eficiencia: comprender la respuesta de forma rápida, Efectividad: recibir una explicación útil para realizar mejor la tarea, Persuasión: convencerte de que la decisión del sistema está justificada, Detección de errores(Debugging): detectar fallos, errores o comportamientos inesperados del sistema, Escrutinio: evaluar críticamente si la decisión del sistema es adecuada, razonable o justa",Medio: el error podría causar cierta confusión o problema
R0230,P015,18–24,Bachillerato/FP,Estudiante,3,3,8,img_08,Naturaleza / animales,Mariposa,Opción D,LIME,1,1,2,1.3333333333333333,Media: explicación breve con algo de detalle,"Intermedio: algunos términos técnicos, pero fáciles de seguir",Texto breve + imagen,"Explicaciones con ejemplos similares, Explicaciones basadas en reglas o razonamientos paso a paso, Explicaciones visuales (zonas destacadas en la imagen)","Confianza: sentir mayor seguridad en la respuesta del sistema, Efectividad: recibir una explicación útil para realizar mejor la tarea, Satisfacción: que la explicación resulte clara y útil para ti, Detección de errores(Debugging): detectar fallos, errores o comportamientos inesperados del sistema",Medio: el error podría causar cierta confusión o problema
R0231,P012,18–24,Master,Estudiante,4,3,8,img_08,Naturaleza / animales,Mariposa,Opción B,Grad-CAM,3,4,5,4.0,Media: explicación breve con algo de detalle,"Intermedio: algunos términos técnicos, pero fáciles de seguir",Texto breve + imagen,"Explicaciones con ejemplos similares, Explicaciones con comparaciones o contraejemplos, Explicaciones visuales (zonas destacadas en la imagen)","Transparencia: entender por qué el sistema tomó esa decisión, Eficiencia: comprender la respuesta de forma rápida, Confianza: sentir mayor seguridad en la respuesta del sistema",Medio: el error podría causar cierta confusión o problema
R0232,P005,18–24,Grado,"Estudiante, Investigador/a (académico)",4,3,2,img_02,Naturaleza / animales,Pato,Opción A,Anchor,4,5,4,4.333333333333333,Media: explicación breve con algo de detalle,"Intermedio: algunos términos técnicos, pero fáciles de seguir",Texto breve + imagen,"Explicaciones basadas en reglas o razonamientos paso a paso, Explicaciones visuales (zonas destacadas en la imagen)","Confianza: sentir mayor seguridad en la respuesta del sistema, Detección de errores(Debugging): detectar fallos, errores o comportamientos inesperados del sistema, Escrutinio: evaluar críticamente si la decisión del sistema es adecuada, razonable o justa",Medio: el error podría causar cierta confusión o problema
R0233,P026,35–44,Doctorado,"Investigador/a (académico), Docente / profesor/a",3,3,1,img_01,Naturaleza / animales,Aguila,Opción A,Anchor,4,5,5,4.666666666666667,Media: explicación breve con algo de detalle,"Intermedio: algunos términos técnicos, pero fáciles de seguir",Texto detallado + imagen,"Explicaciones centradas en atributos o características concretas, Explicaciones basadas en reglas o razonamientos paso a paso, Explicaciones visuales (zonas destacadas en la imagen)","Transparencia: entender por qué el sistema tomó esa decisión, Confianza: sentir mayor seguridad en la respuesta del sistema, Satisfacción: que la explicación resulte clara y útil para ti, Educación: aprender más sobre la imagen, el problema o el funcionamiento del sistema",Alto: el error podría tener consecuencias importantes
R0234,P011,18–24,Grado,Profesional de otro sector,4,2,8,img_08,Naturaleza / animales,Mariposa,Opción A,Anchor,3,5,3,3.6666666666666665,Media: explicación breve con algo de detalle,Simple: lenguaje claro y sin tecnicismos,Texto detallado + imagen,"Explicaciones con ejemplos similares, Explicaciones con comparaciones o contraejemplos, Explicaciones centradas en atributos o características concretas, Explicaciones basadas en reglas o razonamientos paso a paso, Explicaciones visuales (zonas destacadas en la imagen), No tengo preferencia / me da igual","Transparencia: entender por qué el sistema tomó esa decisión, Efectividad: recibir una explicación útil para realizar mejor la tarea, Satisfacción: que la explicación resulte clara y útil para ti, Educación: aprender más sobre la imagen, el problema o el funcionamiento del sistema, Escrutinio: evaluar críticamente si la decisión del sistema es adecuada, razonable o justa",Medio: el error podría causar cierta confusión o problema
R0235,P011,18–24,Grado,Profesional de otro sector,4,2,2,img_02,Naturaleza / animales,Pato,Opción A,Anchor,3,4,4,3.6666666666666665,Media: explicación breve con algo de detalle,Simple: lenguaje claro y sin tecnicismos,Texto detallado + imagen,"Explicaciones con ejemplos similares, Explicaciones con comparaciones o contraejemplos, Explicaciones centradas en atributos o características concretas, Explicaciones basadas en reglas o razonamientos paso a paso, Explicaciones visuales (zonas destacadas en la imagen), No tengo preferencia / me da igual","Transparencia: entender por qué el sistema tomó esa decisión, Efectividad: recibir una explicación útil para realizar mejor la tarea, Satisfacción: que la explicación resulte clara y útil para ti, Educación: aprender más sobre la imagen, el problema o el funcionamiento del sistema, Escrutinio: evaluar críticamente si la decisión del sistema es adecuada, razonable o justa",Medio: el error podría causar cierta confusión o problema
R0236,P012,18–24,Master,Estudiante,4,3,6,img_06,Naturaleza / animales,Tigre,Opción A,Anchor,5,5,5,5.0,Media: explicación breve con algo de detalle,"Intermedio: algunos términos técnicos, pero fáciles de seguir",Texto breve + imagen,"Explicaciones con ejemplos similares, Explicaciones con comparaciones o contraejemplos, Explicaciones visuales (zonas destacadas en la imagen)","Transparencia: entender por qué el sistema tomó esa decisión, Eficiencia: comprender la respuesta de forma rápida, Confianza: sentir mayor seguridad en la respuesta del sistema",Medio: el error podría causar cierta confusión o problema
R0237,P013,25–34,Grado,"Estudiante, Profesional del sector tecnológico / IA / datos",4,3,2,img_02,Naturaleza / animales,Pato,Opción B,Grad-CAM,3,3,3,3.0,Corta: solo lo esencial,"Intermedio: algunos términos técnicos, pero fáciles de seguir",Texto breve + imagen,"Explicaciones centradas en atributos o características concretas, Explicaciones basadas en reglas o razonamientos paso a paso","Transparencia: entender por qué el sistema tomó esa decisión, Confianza: sentir mayor seguridad en la respuesta del sistema",Medio: el error podría causar cierta confusión o problema
R0238,P026,35–44,Doctorado,"Investigador/a (académico), Docente / profesor/a",3,3,4,img_04,Naturaleza / animales,Araña,Opción A,Anchor,3,4,3,3.3333333333333335,Media: explicación breve con algo de detalle,"Intermedio: algunos términos técnicos, pero fáciles de seguir",Texto detallado + imagen,"Explicaciones centradas en atributos o características concretas, Explicaciones basadas en reglas o razonamientos paso a paso, Explicaciones visuales (zonas destacadas en la imagen)","Transparencia: entender por qué el sistema tomó esa decisión, Confianza: sentir mayor seguridad en la respuesta del sistema, Satisfacción: que la explicación resulte clara y útil para ti, Educación: aprender más sobre la imagen, el problema o el funcionamiento del sistema",Alto: el error podría tener consecuencias importantes
R0239,P007,18–24,Grado,Estudiante,3,3,3,img_03,Naturaleza / animales,Serpiente,Opción B,Grad-CAM,2,2,2,2.0,Media: explicación breve con algo de detalle,"Intermedio: algunos términos técnicos, pero fáciles de seguir",Principalmente visual,"Explicaciones con comparaciones o contraejemplos, Explicaciones visuales (zonas destacadas en la imagen)","Transparencia: entender por qué el sistema tomó esa decisión, Detección de errores(Debugging): detectar fallos, errores o comportamientos inesperados del sistema, Educación: aprender más sobre la imagen, el problema o el funcionamiento del sistema",Alto: el error podría tener consecuencias importantes
R0240,P014,18–24,Grado,"Estudiante, Otro / texto libre anonimizado",5,2,4,img_04,Naturaleza / animales,Araña,Opción E,Saliency,2,2,2,2.0,Corta: solo lo esencial,Técnico: explicación más especializada y precisa,Texto breve + imagen,"Explicaciones con ejemplos similares, Explicaciones con comparaciones o contraejemplos, Explicaciones visuales (zonas destacadas en la imagen)","Transparencia: entender por qué el sistema tomó esa decisión, Satisfacción: que la explicación resulte clara y útil para ti, Detección de errores(Debugging): detectar fallos, errores o comportamientos inesperados del sistema, Educación: aprender más sobre la imagen, el problema o el funcionamiento del sistema",Alto: el error podría tener consecuencias importantes
R0241,P007,18–24,Grado,Estudiante,3,3,8,img_08,Naturaleza / animales,Mariposa,Opción B,Grad-CAM,3,3,3,3.0,Media: explicación breve con algo de detalle,"Intermedio: algunos términos técnicos, pero fáciles de seguir",Principalmente visual,"Explicaciones con comparaciones o contraejemplos, Explicaciones visuales (zonas destacadas en la imagen)","Transparencia: entender por qué el sistema tomó esa decisión, Detección de errores(Debugging): detectar fallos, errores o comportamientos inesperados del sistema, Educación: aprender más sobre la imagen, el problema o el funcionamiento del sistema",Alto: el error podría tener consecuencias importantes
R0242,P003,18–24,Grado,Estudiante,4,4,3,img_03,Naturaleza / animales,Serpiente,Opción E,Saliency,4,4,4,4.0,Corta: solo lo esencial,Simple: lenguaje claro y sin tecnicismos,Me da igual,No tengo preferencia / me da igual,"Eficiencia: comprender la respuesta de forma rápida, Confianza: sentir mayor seguridad en la respuesta del sistema",Medio: el error podría causar cierta confusión o problema
R0243,P007,18–24,Grado,Estudiante,3,3,11,img_11,Naturaleza / animales,Tortuga,Opción B,Grad-CAM,3,2,3,2.6666666666666665,Media: explicación breve con algo de detalle,"Intermedio: algunos términos técnicos, pero fáciles de seguir",Principalmente visual,"Explicaciones con comparaciones o contraejemplos, Explicaciones visuales (zonas destacadas en la imagen)","Transparencia: entender por qué el sistema tomó esa decisión, Detección de errores(Debugging): detectar fallos, errores o comportamientos inesperados del sistema, Educación: aprender más sobre la imagen, el problema o el funcionamiento del sistema",Alto: el error podría tener consecuencias importantes
R0244,P017,18–24,Grado,"Estudiante, Investigador/a (académico)",4,2,11,img_11,Naturaleza / animales,Tortuga,Opción E,Saliency,4,3,5,4.0,Larga: explicación completa y detallada,"Intermedio: algunos términos técnicos, pero fáciles de seguir",Principalmente visual,"Explicaciones centradas en atributos o características concretas, Explicaciones basadas en reglas o razonamientos paso a paso, Explicaciones visuales (zonas destacadas en la imagen)","Transparencia: entender por qué el sistema tomó esa decisión, Eficiencia: comprender la respuesta de forma rápida, Satisfacción: que la explicación resulte clara y útil para ti",Medio: el error podría causar cierta confusión o problema
R0245,P006,18–24,Bachillerato/FP,Estudiante,4,3,9,img_09,Naturaleza / animales,Aguila,Opción B,Grad-CAM,3,3,3,3.0,Corta: solo lo esencial,"Intermedio: algunos términos técnicos, pero fáciles de seguir",Texto breve + imagen,"Explicaciones con comparaciones o contraejemplos, Explicaciones centradas en atributos o características concretas, Explicaciones visuales (zonas destacadas en la imagen)","Transparencia: entender por qué el sistema tomó esa decisión, Eficiencia: comprender la respuesta de forma rápida, Satisfacción: que la explicación resulte clara y útil para ti, Detección de errores(Debugging): detectar fallos, errores o comportamientos inesperados del sistema, Escrutinio: evaluar críticamente si la decisión del sistema es adecuada, razonable o justa",Alto: el error podría tener consecuencias importantes
R0246,P020,25–34,Doctorado,"Investigador/a (académico), Docente / profesor/a",5,2,2,img_02,Naturaleza / animales,Pato,Opción B,Grad-CAM,4,4,4,4.0,Media: explicación breve con algo de detalle,"Intermedio: algunos términos técnicos, pero fáciles de seguir",Texto detallado + imagen,"Explicaciones con ejemplos similares, Explicaciones con comparaciones o contraejemplos, Explicaciones centradas en atributos o características concretas","Transparencia: entender por qué el sistema tomó esa decisión, Confianza: sentir mayor seguridad en la respuesta del sistema, Efectividad: recibir una explicación útil para realizar mejor la tarea, Satisfacción: que la explicación resulte clara y útil para ti",Alto: el error podría tener consecuencias importantes
R0247,P007,18–24,Grado,Estudiante,3,3,7,img_07,Naturaleza / animales,Pajaro,Opción C,Integrated Gradients,3,3,3,3.0,Media: explicación breve con algo de detalle,"Intermedio: algunos términos técnicos, pero fáciles de seguir",Principalmente visual,"Explicaciones con comparaciones o contraejemplos, Explicaciones visuales (zonas destacadas en la imagen)","Transparencia: entender por qué el sistema tomó esa decisión, Detección de errores(Debugging): detectar fallos, errores o comportamientos inesperados del sistema, Educación: aprender más sobre la imagen, el problema o el funcionamiento del sistema",Alto: el error podría tener consecuencias importantes
R0248,P020,25–34,Doctorado,"Investigador/a (académico), Docente / profesor/a",5,2,6,img_06,Naturaleza / animales,Tigre,Opción A,Anchor,5,5,5,5.0,Media: explicación breve con algo de detalle,"Intermedio: algunos términos técnicos, pero fáciles de seguir",Texto detallado + imagen,"Explicaciones con ejemplos similares, Explicaciones con comparaciones o contraejemplos, Explicaciones centradas en atributos o características concretas","Transparencia: entender por qué el sistema tomó esa decisión, Confianza: sentir mayor seguridad en la respuesta del sistema, Efectividad: recibir una explicación útil para realizar mejor la tarea, Satisfacción: que la explicación resulte clara y útil para ti",Alto: el error podría tener consecuencias importantes
R0249,P003,18–24,Grado,Estudiante,4,4,5,img_05,Naturaleza / animales,Mariposa,Opción F (Ninguna),Ninguna,2,2,2,2.0,Corta: solo lo esencial,Simple: lenguaje claro y sin tecnicismos,Me da igual,No tengo preferencia / me da igual,"Eficiencia: comprender la respuesta de forma rápida, Confianza: sentir mayor seguridad en la respuesta del sistema",Medio: el error podría causar cierta confusión o problema
R0250,P016,35–44,Grado,Desempleado/a / en búsqueda,4,2,3,img_03,Naturaleza / animales,Serpiente,Opción A,Anchor,5,4,5,4.666666666666667,Corta: solo lo esencial,Simple: lenguaje claro y sin tecnicismos,Texto breve + imagen,"Explicaciones con ejemplos similares, Explicaciones con comparaciones o contraejemplos, Explicaciones basadas en reglas o razonamientos paso a paso, Explicaciones visuales (zonas destacadas en la imagen)","Transparencia: entender por qué el sistema tomó esa decisión, Eficiencia: comprender la respuesta de forma rápida, Confianza: sentir mayor seguridad en la respuesta del sistema, Efectividad: recibir una explicación útil para realizar mejor la tarea, Satisfacción: que la explicación resulte clara y útil para ti, Persuasión: convencerte de que la decisión del sistema está justificada, Detección de errores(Debugging): detectar fallos, errores o comportamientos inesperados del sistema, Educación: aprender más sobre la imagen, el problema o el funcionamiento del sistema, Escrutinio: evaluar críticamente si la decisión del sistema es adecuada, razonable o justa",Medio: el error podría causar cierta confusión o problema
R0251,P011,18–24,Grado,Profesional de otro sector,4,2,4,img_04,Naturaleza / animales,Araña,Opción C,Integrated Gradients,3,4,3,3.3333333333333335,Media: explicación breve con algo de detalle,Simple: lenguaje claro y sin tecnicismos,Texto detallado + imagen,"Explicaciones con ejemplos similares, Explicaciones con comparaciones o contraejemplos, Explicaciones centradas en atributos o características concretas, Explicaciones basadas en reglas o razonamientos paso a paso, Explicaciones visuales (zonas destacadas en la imagen), No tengo preferencia / me da igual","Transparencia: entender por qué el sistema tomó esa decisión, Efectividad: recibir una explicación útil para realizar mejor la tarea, Satisfacción: que la explicación resulte clara y útil para ti, Educación: aprender más sobre la imagen, el problema o el funcionamiento del sistema, Escrutinio: evaluar críticamente si la decisión del sistema es adecuada, razonable o justa",Medio: el error podría causar cierta confusión o problema
R0252,P009,18–24,Prefiero no contestar,Prefiero no contestar,1,2,3,img_03,Naturaleza / animales,Serpiente,Opción E,Saliency,2,4,4,3.3333333333333335,Corta: solo lo esencial,Simple: lenguaje claro y sin tecnicismos,Me da igual,No tengo preferencia / me da igual,"Educación: aprender más sobre la imagen, el problema o el funcionamiento del sistema",Medio: el error podría causar cierta confusión o problema
R0253,P018,18–24,Grado,"Estudiante, Investigador/a (académico)",4,3,3,img_03,Naturaleza / animales,Serpiente,Opción E,Saliency,2,2,1,1.6666666666666667,Larga: explicación completa y detallada,"Intermedio: algunos términos técnicos, pero fáciles de seguir",Principalmente visual,"Explicaciones con ejemplos similares, Explicaciones basadas en reglas o razonamientos paso a paso","Transparencia: entender por qué el sistema tomó esa decisión, Confianza: sentir mayor seguridad en la respuesta del sistema, Detección de errores(Debugging): detectar fallos, errores o comportamientos inesperados del sistema, Escrutinio: evaluar críticamente si la decisión del sistema es adecuada, razonable o justa",Alto: el error podría tener consecuencias importantes
R0254,P025,18–24,Grado,"Estudiante, Investigador/a (académico)",5,3,1,img_01,Naturaleza / animales,Aguila,Opción B,Grad-CAM,4,4,5,4.333333333333333,Media: explicación breve con algo de detalle,"Intermedio: algunos términos técnicos, pero fáciles de seguir",Texto detallado + imagen,"Explicaciones con comparaciones o contraejemplos, Explicaciones visuales (zonas destacadas en la imagen)","Transparencia: entender por qué el sistema tomó esa decisión, Detección de errores(Debugging): detectar fallos, errores o comportamientos inesperados del sistema, Educación: aprender más sobre la imagen, el problema o el funcionamiento del sistema, Escrutinio: evaluar críticamente si la decisión del sistema es adecuada, razonable o justa",Alto: el error podría tener consecuencias importantes
R0255,P024,18–24,Grado,Estudiante,5,2,6,img_06,Naturaleza / animales,Tigre,Opción A,Anchor,3,4,4,3.6666666666666665,Media: explicación breve con algo de detalle,"Intermedio: algunos términos técnicos, pero fáciles de seguir",Texto detallado + imagen,"Explicaciones con ejemplos similares, Explicaciones con comparaciones o contraejemplos, Explicaciones basadas en reglas o razonamientos paso a paso, Explicaciones visuales (zonas destacadas en la imagen)","Transparencia: entender por qué el sistema tomó esa decisión, Eficiencia: comprender la respuesta de forma rápida, Efectividad: recibir una explicación útil para realizar mejor la tarea, Persuasión: convencerte de que la decisión del sistema está justificada, Detección de errores(Debugging): detectar fallos, errores o comportamientos inesperados del sistema, Escrutinio: evaluar críticamente si la decisión del sistema es adecuada, razonable o justa",Medio: el error podría causar cierta confusión o problema
R0256,P003,18–24,Grado,Estudiante,4,4,11,img_11,Naturaleza / animales,Tortuga,Opción E,Saliency,4,4,4,4.0,Corta: solo lo esencial,Simple: lenguaje claro y sin tecnicismos,Me da igual,No tengo preferencia / me da igual,"Eficiencia: comprender la respuesta de forma rápida, Confianza: sentir mayor seguridad en la respuesta del sistema",Medio: el error podría causar cierta confusión o problema
R0257,P027,18–24,Master,"Estudiante, Investigador/a (académico), Docente / profesor/a",5,3,5,img_05,Naturaleza / animales,Mariposa,Opción F (Ninguna),Ninguna,1,3,1,1.6666666666666667,Corta: solo lo esencial,Simple: lenguaje claro y sin tecnicismos,Texto breve + imagen,"Explicaciones centradas en atributos o características concretas, Explicaciones basadas en reglas o razonamientos paso a paso","Transparencia: entender por qué el sistema tomó esa decisión, Confianza: sentir mayor seguridad en la respuesta del sistema, Satisfacción: que la explicación resulte clara y útil para ti, Persuasión: convencerte de que la decisión del sistema está justificada, Detección de errores(Debugging): detectar fallos, errores o comportamientos inesperados del sistema",Bajo: el error apenas tendría consecuencias
R0258,P010,25–34,Doctorado,Investigador/a (académico),5,3,5,img_05,Naturaleza / animales,Mariposa,Opción B,Grad-CAM,1,2,1,1.3333333333333333,Media: explicación breve con algo de detalle,"Intermedio: algunos términos técnicos, pero fáciles de seguir",Texto breve + imagen,"Explicaciones centradas en atributos o características concretas, Explicaciones basadas en reglas o razonamientos paso a paso, Explicaciones visuales (zonas destacadas en la imagen)","Transparencia: entender por qué el sistema tomó esa decisión, Detección de errores(Debugging): detectar fallos, errores o comportamientos inesperados del sistema, Escrutinio: evaluar críticamente si la decisión del sistema es adecuada, razonable o justa",Medio: el error podría causar cierta confusión o problema
R0259,P025,18–24,Grado,"Estudiante, Investigador/a (académico)",5,3,5,img_05,Naturaleza / animales,Mariposa,Opción F (Ninguna),Ninguna,1,2,2,1.6666666666666667,Media: explicación breve con algo de detalle,"Intermedio: algunos términos técnicos, pero fáciles de seguir",Texto detallado + imagen,"Explicaciones con comparaciones o contraejemplos, Explicaciones visuales (zonas destacadas en la imagen)","Transparencia: entender por qué el sistema tomó esa decisión, Detección de errores(Debugging): detectar fallos, errores o comportamientos inesperados del sistema, Educación: aprender más sobre la imagen, el problema o el funcionamiento del sistema, Escrutinio: evaluar críticamente si la decisión del sistema es adecuada, razonable o justa",Alto: el error podría tener consecuencias importantes
R0260,P018,18–24,Grado,"Estudiante, Investigador/a (académico)",4,3,5,img_05,Naturaleza / animales,Mariposa,Opción F (Ninguna),Ninguna,1,1,1,1.0,Larga: explicación completa y detallada,"Intermedio: algunos términos técnicos, pero fáciles de seguir",Principalmente visual,"Explicaciones con ejemplos similares, Explicaciones basadas en reglas o razonamientos paso a paso","Transparencia: entender por qué el sistema tomó esa decisión, Confianza: sentir mayor seguridad en la respuesta del sistema, Detección de errores(Debugging): detectar fallos, errores o comportamientos inesperados del sistema, Escrutinio: evaluar críticamente si la decisión del sistema es adecuada, razonable o justa",Alto: el error podría tener consecuencias importantes
R0261,P002,18–24,Grado,"Estudiante, Profesional del sector tecnológico / IA / datos",4,3,4,img_04,Naturaleza / animales,Araña,Opción A,Anchor,5,5,5,5.0,Larga: explicación completa y detallada,"Intermedio: algunos términos técnicos, pero fáciles de seguir",Texto detallado + imagen,"Explicaciones con comparaciones o contraejemplos, Explicaciones centradas en atributos o características concretas, Explicaciones basadas en reglas o razonamientos paso a paso","Transparencia: entender por qué el sistema tomó esa decisión, Confianza: sentir mayor seguridad en la respuesta del sistema, Efectividad: recibir una explicación útil para realizar mejor la tarea, Satisfacción: que la explicación resulte clara y útil para ti, Detección de errores(Debugging): detectar fallos, errores o comportamientos inesperados del sistema, Educación: aprender más sobre la imagen, el problema o el funcionamiento del sistema, Escrutinio: evaluar críticamente si la decisión del sistema es adecuada, razonable o justa",Medio: el error podría causar cierta confusión o problema
R0262,P020,25–34,Doctorado,"Investigador/a (académico), Docente / profesor/a",5,2,8,img_08,Naturaleza / animales,Mariposa,Opción A,Anchor,4,5,5,4.666666666666667,Media: explicación breve con algo de detalle,"Intermedio: algunos términos técnicos, pero fáciles de seguir",Texto detallado + imagen,"Explicaciones con ejemplos similares, Explicaciones con comparaciones o contraejemplos, Explicaciones centradas en atributos o características concretas","Transparencia: entender por qué el sistema tomó esa decisión, Confianza: sentir mayor seguridad en la respuesta del sistema, Efectividad: recibir una explicación útil para realizar mejor la tarea, Satisfacción: que la explicación resulte clara y útil para ti",Alto: el error podría tener consecuencias importantes
R0263,P013,25–34,Grado,"Estudiante, Profesional del sector tecnológico / IA / datos",4,3,10,img_10,Naturaleza / animales,Elefante,Opción B,Grad-CAM,3,4,3,3.3333333333333335,Corta: solo lo esencial,"Intermedio: algunos términos técnicos, pero fáciles de seguir",Texto breve + imagen,"Explicaciones centradas en atributos o características concretas, Explicaciones basadas en reglas o razonamientos paso a paso","Transparencia: entender por qué el sistema tomó esa decisión, Confianza: sentir mayor seguridad en la respuesta del sistema",Medio: el error podría causar cierta confusión o problema
R0264,P021,18–24,Grado,"Estudiante, Investigador/a (académico)",4,3,7,img_07,Naturaleza / animales,Pajaro,Opción B,Grad-CAM,5,5,5,5.0,Media: explicación breve con algo de detalle,"Intermedio: algunos términos técnicos, pero fáciles de seguir",Texto breve + imagen,"Explicaciones centradas en atributos o características concretas, Explicaciones basadas en reglas o razonamientos paso a paso, Explicaciones visuales (zonas destacadas en la imagen)","Transparencia: entender por qué el sistema tomó esa decisión, Confianza: sentir mayor seguridad en la respuesta del sistema",Alto: el error podría tener consecuencias importantes
R0265,P015,18–24,Bachillerato/FP,Estudiante,3,3,4,img_04,Naturaleza / animales,Araña,Opción A,Anchor,2,2,2,2.0,Media: explicación breve con algo de detalle,"Intermedio: algunos términos técnicos, pero fáciles de seguir",Texto breve + imagen,"Explicaciones con ejemplos similares, Explicaciones basadas en reglas o razonamientos paso a paso, Explicaciones visuales (zonas destacadas en la imagen)","Confianza: sentir mayor seguridad en la respuesta del sistema, Efectividad: recibir una explicación útil para realizar mejor la tarea, Satisfacción: que la explicación resulte clara y útil para ti, Detección de errores(Debugging): detectar fallos, errores o comportamientos inesperados del sistema",Medio: el error podría causar cierta confusión o problema
R0266,P027,18–24,Master,"Estudiante, Investigador/a (académico), Docente / profesor/a",5,3,11,img_11,Naturaleza / animales,Tortuga,Opción B,Grad-CAM,3,4,3,3.3333333333333335,Corta: solo lo esencial,Simple: lenguaje claro y sin tecnicismos,Texto breve + imagen,"Explicaciones centradas en atributos o características concretas, Explicaciones basadas en reglas o razonamientos paso a paso","Transparencia: entender por qué el sistema tomó esa decisión, Confianza: sentir mayor seguridad en la respuesta del sistema, Satisfacción: que la explicación resulte clara y útil para ti, Persuasión: convencerte de que la decisión del sistema está justificada, Detección de errores(Debugging): detectar fallos, errores o comportamientos inesperados del sistema",Bajo: el error apenas tendría consecuencias
R0267,P024,18–24,Grado,Estudiante,5,2,9,img_09,Naturaleza / animales,Aguila,Opción F (Ninguna),Ninguna,1,1,1,1.0,Media: explicación breve con algo de detalle,"Intermedio: algunos términos técnicos, pero fáciles de seguir",Texto detallado + imagen,"Explicaciones con ejemplos similares, Explicaciones con comparaciones o contraejemplos, Explicaciones basadas en reglas o razonamientos paso a paso, Explicaciones visuales (zonas destacadas en la imagen)","Transparencia: entender por qué el sistema tomó esa decisión, Eficiencia: comprender la respuesta de forma rápida, Efectividad: recibir una explicación útil para realizar mejor la tarea, Persuasión: convencerte de que la decisión del sistema está justificada, Detección de errores(Debugging): detectar fallos, errores o comportamientos inesperados del sistema, Escrutinio: evaluar críticamente si la decisión del sistema es adecuada, razonable o justa",Medio: el error podría causar cierta confusión o problema
R0268,P026,35–44,Doctorado,"Investigador/a (académico), Docente / profesor/a",3,3,5,img_05,Naturaleza / animales,Mariposa,Opción F (Ninguna),Ninguna,1,1,1,1.0,Media: explicación breve con algo de detalle,"Intermedio: algunos términos técnicos, pero fáciles de seguir",Texto detallado + imagen,"Explicaciones centradas en atributos o características concretas, Explicaciones basadas en reglas o razonamientos paso a paso, Explicaciones visuales (zonas destacadas en la imagen)","Transparencia: entender por qué el sistema tomó esa decisión, Confianza: sentir mayor seguridad en la respuesta del sistema, Satisfacción: que la explicación resulte clara y útil para ti, Educación: aprender más sobre la imagen, el problema o el funcionamiento del sistema",Alto: el error podría tener consecuencias importantes
R0269,P007,18–24,Grado,Estudiante,3,3,5,img_05,Naturaleza / animales,Mariposa,Opción A,Anchor,3,3,3,3.0,Media: explicación breve con algo de detalle,"Intermedio: algunos términos técnicos, pero fáciles de seguir",Principalmente visual,"Explicaciones con comparaciones o contraejemplos, Explicaciones visuales (zonas destacadas en la imagen)","Transparencia: entender por qué el sistema tomó esa decisión, Detección de errores(Debugging): detectar fallos, errores o comportamientos inesperados del sistema, Educación: aprender más sobre la imagen, el problema o el funcionamiento del sistema",Alto: el error podría tener consecuencias importantes
R0270,P003,18–24,Grado,Estudiante,4,4,1,img_01,Naturaleza / animales,Aguila,Opción A,Anchor,4,4,4,4.0,Corta: solo lo esencial,Simple: lenguaje claro y sin tecnicismos,Me da igual,No tengo preferencia / me da igual,"Eficiencia: comprender la respuesta de forma rápida, Confianza: sentir mayor seguridad en la respuesta del sistema",Medio: el error podría causar cierta confusión o problema
R0271,P009,18–24,Prefiero no contestar,Prefiero no contestar,1,2,4,img_04,Naturaleza / animales,Araña,Opción A,Anchor,2,4,4,3.3333333333333335,Corta: solo lo esencial,Simple: lenguaje claro y sin tecnicismos,Me da igual,No tengo preferencia / me da igual,"Educación: aprender más sobre la imagen, el problema o el funcionamiento del sistema",Medio: el error podría causar cierta confusión o problema
R0272,P007,18–24,Grado,Estudiante,3,3,1,img_01,Naturaleza / animales,Aguila,Opción B,Grad-CAM,2,2,2,2.0,Media: explicación breve con algo de detalle,"Intermedio: algunos términos técnicos, pero fáciles de seguir",Principalmente visual,"Explicaciones con comparaciones o contraejemplos, Explicaciones visuales (zonas destacadas en la imagen)","Transparencia: entender por qué el sistema tomó esa decisión, Detección de errores(Debugging): detectar fallos, errores o comportamientos inesperados del sistema, Educación: aprender más sobre la imagen, el problema o el funcionamiento del sistema",Alto: el error podría tener consecuencias importantes
R0273,P018,18–24,Grado,"Estudiante, Investigador/a (académico)",4,3,10,img_10,Naturaleza / animales,Elefante,Opción E,Saliency,3,4,4,3.6666666666666665,Larga: explicación completa y detallada,"Intermedio: algunos términos técnicos, pero fáciles de seguir",Principalmente visual,"Explicaciones con ejemplos similares, Explicaciones basadas en reglas o razonamientos paso a paso","Transparencia: entender por qué el sistema tomó esa decisión, Confianza: sentir mayor seguridad en la respuesta del sistema, Detección de errores(Debugging): detectar fallos, errores o comportamientos inesperados del sistema, Escrutinio: evaluar críticamente si la decisión del sistema es adecuada, razonable o justa",Alto: el error podría tener consecuencias importantes
R0274,P023,18–24,Grado,Estudiante,3,2,8,img_08,Naturaleza / animales,Mariposa,Opción F (Ninguna),Ninguna,1,1,1,1.0,Media: explicación breve con algo de detalle,"Intermedio: algunos términos técnicos, pero fáciles de seguir",Texto breve + imagen,"Explicaciones con ejemplos similares, Explicaciones con comparaciones o contraejemplos","Transparencia: entender por qué el sistema tomó esa decisión, Eficiencia: comprender la respuesta de forma rápida, Efectividad: recibir una explicación útil para realizar mejor la tarea, Satisfacción: que la explicación resulte clara y útil para ti",Medio: el error podría causar cierta confusión o problema
R0275,P017,18–24,Grado,"Estudiante, Investigador/a (académico)",4,2,7,img_07,Naturaleza / animales,Pajaro,Opción E,Saliency,4,4,5,4.333333333333333,Larga: explicación completa y detallada,"Intermedio: algunos términos técnicos, pero fáciles de seguir",Principalmente visual,"Explicaciones centradas en atributos o características concretas, Explicaciones basadas en reglas o razonamientos paso a paso, Explicaciones visuales (zonas destacadas en la imagen)","Transparencia: entender por qué el sistema tomó esa decisión, Eficiencia: comprender la respuesta de forma rápida, Satisfacción: que la explicación resulte clara y útil para ti",Medio: el error podría causar cierta confusión o problema
R0276,P005,18–24,Grado,"Estudiante, Investigador/a (académico)",4,3,3,img_03,Naturaleza / animales,Serpiente,Opción E,Saliency,4,3,4,3.6666666666666665,Media: explicación breve con algo de detalle,"Intermedio: algunos términos técnicos, pero fáciles de seguir",Texto breve + imagen,"Explicaciones basadas en reglas o razonamientos paso a paso, Explicaciones visuales (zonas destacadas en la imagen)","Confianza: sentir mayor seguridad en la respuesta del sistema, Detección de errores(Debugging): detectar fallos, errores o comportamientos inesperados del sistema, Escrutinio: evaluar críticamente si la decisión del sistema es adecuada, razonable o justa",Medio: el error podría causar cierta confusión o problema
R0277,P027,18–24,Master,"Estudiante, Investigador/a (académico), Docente / profesor/a",5,3,3,img_03,Naturaleza / animales,Serpiente,Opción E,Saliency,3,4,4,3.6666666666666665,Corta: solo lo esencial,Simple: lenguaje claro y sin tecnicismos,Texto breve + imagen,"Explicaciones centradas en atributos o características concretas, Explicaciones basadas en reglas o razonamientos paso a paso","Transparencia: entender por qué el sistema tomó esa decisión, Confianza: sentir mayor seguridad en la respuesta del sistema, Satisfacción: que la explicación resulte clara y útil para ti, Persuasión: convencerte de que la decisión del sistema está justificada, Detección de errores(Debugging): detectar fallos, errores o comportamientos inesperados del sistema",Bajo: el error apenas tendría consecuencias
R0278,P020,25–34,Doctorado,"Investigador/a (académico), Docente / profesor/a",5,2,11,img_11,Naturaleza / animales,Tortuga,Opción B,Grad-CAM,4,5,5,4.666666666666667,Media: explicación breve con algo de detalle,"Intermedio: algunos términos técnicos, pero fáciles de seguir",Texto detallado + imagen,"Explicaciones con ejemplos similares, Explicaciones con comparaciones o contraejemplos, Explicaciones centradas en atributos o características concretas","Transparencia: entender por qué el sistema tomó esa decisión, Confianza: sentir mayor seguridad en la respuesta del sistema, Efectividad: recibir una explicación útil para realizar mejor la tarea, Satisfacción: que la explicación resulte clara y útil para ti",Alto: el error podría tener consecuencias importantes
R0279,P021,18–24,Grado,"Estudiante, Investigador/a (académico)",4,3,2,img_02,Naturaleza / animales,Pato,Opción B,Grad-CAM,5,5,5,5.0,Media: explicación breve con algo de detalle,"Intermedio: algunos términos técnicos, pero fáciles de seguir",Texto breve + imagen,"Explicaciones centradas en atributos o características concretas, Explicaciones basadas en reglas o razonamientos paso a paso, Explicaciones visuales (zonas destacadas en la imagen)","Transparencia: entender por qué el sistema tomó esa decisión, Confianza: sentir mayor seguridad en la respuesta del sistema",Alto: el error podría tener consecuencias importantes
R0280,P019,18–24,Grado,Estudiante,4,3,1,img_01,Naturaleza / animales,Aguila,Opción B,Grad-CAM,2,4,4,3.3333333333333335,Media: explicación breve con algo de detalle,"Intermedio: algunos términos técnicos, pero fáciles de seguir",Texto breve + imagen,"Explicaciones con ejemplos similares, Explicaciones con comparaciones o contraejemplos, Explicaciones visuales (zonas destacadas en la imagen)","Eficiencia: comprender la respuesta de forma rápida, Satisfacción: que la explicación resulte clara y útil para ti, Detección de errores(Debugging): detectar fallos, errores o comportamientos inesperados del sistema",Medio: el error podría causar cierta confusión o problema
R0281,P024,18–24,Grado,Estudiante,5,2,2,img_02,Naturaleza / animales,Pato,Opción F (Ninguna),Ninguna,3,3,3,3.0,Media: explicación breve con algo de detalle,"Intermedio: algunos términos técnicos, pero fáciles de seguir",Texto detallado + imagen,"Explicaciones con ejemplos similares, Explicaciones con comparaciones o contraejemplos, Explicaciones basadas en reglas o razonamientos paso a paso, Explicaciones visuales (zonas destacadas en la imagen)","Transparencia: entender por qué el sistema tomó esa decisión, Eficiencia: comprender la respuesta de forma rápida, Efectividad: recibir una explicación útil para realizar mejor la tarea, Persuasión: convencerte de que la decisión del sistema está justificada, Detección de errores(Debugging): detectar fallos, errores o comportamientos inesperados del sistema, Escrutinio: evaluar críticamente si la decisión del sistema es adecuada, razonable o justa",Medio: el error podría causar cierta confusión o problema
R0282,P022,18–24,Grado,Investigador/a (académico),4,2,5,img_05,Naturaleza / animales,Mariposa,Opción F (Ninguna),Ninguna,1,1,1,1.0,Media: explicación breve con algo de detalle,"Intermedio: algunos términos técnicos, pero fáciles de seguir",Texto breve + imagen,"Explicaciones centradas en atributos o características concretas, Explicaciones visuales (zonas destacadas en la imagen)","Transparencia: entender por qué el sistema tomó esa decisión, Eficiencia: comprender la respuesta de forma rápida, Efectividad: recibir una explicación útil para realizar mejor la tarea, Detección de errores(Debugging): detectar fallos, errores o comportamientos inesperados del sistema",Alto: el error podría tener consecuencias importantes
R0283,P014,18–24,Grado,"Estudiante, Otro / texto libre anonimizado",5,2,11,img_11,Naturaleza / animales,Tortuga,Opción D,LIME,4,4,4,4.0,Corta: solo lo esencial,Técnico: explicación más especializada y precisa,Texto breve + imagen,"Explicaciones con ejemplos similares, Explicaciones con comparaciones o contraejemplos, Explicaciones visuales (zonas destacadas en la imagen)","Transparencia: entender por qué el sistema tomó esa decisión, Satisfacción: que la explicación resulte clara y útil para ti, Detección de errores(Debugging): detectar fallos, errores o comportamientos inesperados del sistema, Educación: aprender más sobre la imagen, el problema o el funcionamiento del sistema",Alto: el error podría tener consecuencias importantes
R0284,P027,18–24,Master,"Estudiante, Investigador/a (académico), Docente / profesor/a",5,3,8,img_08,Naturaleza / animales,Mariposa,Opción B,Grad-CAM,3,3,3,3.0,Corta: solo lo esencial,Simple: lenguaje claro y sin tecnicismos,Texto breve + imagen,"Explicaciones centradas en atributos o características concretas, Explicaciones basadas en reglas o razonamientos paso a paso","Transparencia: entender por qué el sistema tomó esa decisión, Confianza: sentir mayor seguridad en la respuesta del sistema, Satisfacción: que la explicación resulte clara y útil para ti, Persuasión: convencerte de que la decisión del sistema está justificada, Detección de errores(Debugging): detectar fallos, errores o comportamientos inesperados del sistema",Bajo: el error apenas tendría consecuencias
R0285,P012,18–24,Master,Estudiante,4,3,4,img_04,Naturaleza / animales,Araña,Opción C,Integrated Gradients,4,5,5,4.666666666666667,Media: explicación breve con algo de detalle,"Intermedio: algunos términos técnicos, pero fáciles de seguir",Texto breve + imagen,"Explicaciones con ejemplos similares, Explicaciones con comparaciones o contraejemplos, Explicaciones visuales (zonas destacadas en la imagen)","Transparencia: entender por qué el sistema tomó esa decisión, Eficiencia: comprender la respuesta de forma rápida, Confianza: sentir mayor seguridad en la respuesta del sistema",Medio: el error podría causar cierta confusión o problema
R0286,P006,18–24,Bachillerato/FP,Estudiante,4,3,6,img_06,Naturaleza / animales,Tigre,Opción A,Anchor,2,3,3,2.6666666666666665,Corta: solo lo esencial,"Intermedio: algunos términos técnicos, pero fáciles de seguir",Texto breve + imagen,"Explicaciones con comparaciones o contraejemplos, Explicaciones centradas en atributos o características concretas, Explicaciones visuales (zonas destacadas en la imagen)","Transparencia: entender por qué el sistema tomó esa decisión, Eficiencia: comprender la respuesta de forma rápida, Satisfacción: que la explicación resulte clara y útil para ti, Detección de errores(Debugging): detectar fallos, errores o comportamientos inesperados del sistema, Escrutinio: evaluar críticamente si la decisión del sistema es adecuada, razonable o justa",Alto: el error podría tener consecuencias importantes
R0287,P024,18–24,Grado,Estudiante,5,2,4,img_04,Naturaleza / animales,Araña,Opción B,Grad-CAM,4,5,4,4.333333333333333,Media: explicación breve con algo de detalle,"Intermedio: algunos términos técnicos, pero fáciles de seguir",Texto detallado + imagen,"Explicaciones con ejemplos similares, Explicaciones con comparaciones o contraejemplos, Explicaciones basadas en reglas o razonamientos paso a paso, Explicaciones visuales (zonas destacadas en la imagen)","Transparencia: entender por qué el sistema tomó esa decisión, Eficiencia: comprender la respuesta de forma rápida, Efectividad: recibir una explicación útil para realizar mejor la tarea, Persuasión: convencerte de que la decisión del sistema está justificada, Detección de errores(Debugging): detectar fallos, errores o comportamientos inesperados del sistema, Escrutinio: evaluar críticamente si la decisión del sistema es adecuada, razonable o justa",Medio: el error podría causar cierta confusión o problema
R0288,P001,25–34,Grado,Investigador/a (académico),3,3,9,img_09,Naturaleza / animales,Aguila,Opción B,Grad-CAM,3,3,3,3.0,Media: explicación breve con algo de detalle,Simple: lenguaje claro y sin tecnicismos,Texto breve + imagen,"Explicaciones con ejemplos similares, Explicaciones basadas en reglas o razonamientos paso a paso, Explicaciones visuales (zonas destacadas en la imagen)","Eficiencia: comprender la respuesta de forma rápida, Efectividad: recibir una explicación útil para realizar mejor la tarea",Medio: el error podría causar cierta confusión o problema
R0289,P022,18–24,Grado,Investigador/a (académico),4,2,6,img_06,Naturaleza / animales,Tigre,Opción A,Anchor,4,4,4,4.0,Media: explicación breve con algo de detalle,"Intermedio: algunos términos técnicos, pero fáciles de seguir",Texto breve + imagen,"Explicaciones centradas en atributos o características concretas, Explicaciones visuales (zonas destacadas en la imagen)","Transparencia: entender por qué el sistema tomó esa decisión, Eficiencia: comprender la respuesta de forma rápida, Efectividad: recibir una explicación útil para realizar mejor la tarea, Detección de errores(Debugging): detectar fallos, errores o comportamientos inesperados del sistema",Alto: el error podría tener consecuencias importantes
R0290,P026,35–44,Doctorado,"Investigador/a (académico), Docente / profesor/a",3,3,6,img_06,Naturaleza / animales,Tigre,Opción A,Anchor,4,5,4,4.333333333333333,Media: explicación breve con algo de detalle,"Intermedio: algunos términos técnicos, pero fáciles de seguir",Texto detallado + imagen,"Explicaciones centradas en atributos o características concretas, Explicaciones basadas en reglas o razonamientos paso a paso, Explicaciones visuales (zonas destacadas en la imagen)","Transparencia: entender por qué el sistema tomó esa decisión, Confianza: sentir mayor seguridad en la respuesta del sistema, Satisfacción: que la explicación resulte clara y útil para ti, Educación: aprender más sobre la imagen, el problema o el funcionamiento del sistema",Alto: el error podría tener consecuencias importantes
R0291,P013,25–34,Grado,"Estudiante, Profesional del sector tecnológico / IA / datos",4,3,3,img_03,Naturaleza / animales,Serpiente,Opción B,Grad-CAM,2,2,3,2.3333333333333335,Corta: solo lo esencial,"Intermedio: algunos términos técnicos, pero fáciles de seguir",Texto breve + imagen,"Explicaciones centradas en atributos o características concretas, Explicaciones basadas en reglas o razonamientos paso a paso","Transparencia: entender por qué el sistema tomó esa decisión, Confianza: sentir mayor seguridad en la respuesta del sistema",Medio: el error podría causar cierta confusión o problema
R0292,P006,18–24,Bachillerato/FP,Estudiante,4,3,3,img_03,Naturaleza / animales,Serpiente,Opción A,Anchor,2,2,2,2.0,Corta: solo lo esencial,"Intermedio: algunos términos técnicos, pero fáciles de seguir",Texto breve + imagen,"Explicaciones con comparaciones o contraejemplos, Explicaciones centradas en atributos o características concretas, Explicaciones visuales (zonas destacadas en la imagen)","Transparencia: entender por qué el sistema tomó esa decisión, Eficiencia: comprender la respuesta de forma rápida, Satisfacción: que la explicación resulte clara y útil para ti, Detección de errores(Debugging): detectar fallos, errores o comportamientos inesperados del sistema, Escrutinio: evaluar críticamente si la decisión del sistema es adecuada, razonable o justa",Alto: el error podría tener consecuencias importantes
R0293,P003,18–24,Grado,Estudiante,4,4,8,img_08,Naturaleza / animales,Mariposa,Opción C,Integrated Gradients,4,5,4,4.333333333333333,Corta: solo lo esencial,Simple: lenguaje claro y sin tecnicismos,Me da igual,No tengo preferencia / me da igual,"Eficiencia: comprender la respuesta de forma rápida, Confianza: sentir mayor seguridad en la respuesta del sistema",Medio: el error podría causar cierta confusión o problema
R0294,P023,18–24,Grado,Estudiante,3,2,7,img_07,Naturaleza / animales,Pajaro,Opción F (Ninguna),Ninguna,1,1,1,1.0,Media: explicación breve con algo de detalle,"Intermedio: algunos términos técnicos, pero fáciles de seguir",Texto breve + imagen,"Explicaciones con ejemplos similares, Explicaciones con comparaciones o contraejemplos","Transparencia: entender por qué el sistema tomó esa decisión, Eficiencia: comprender la respuesta de forma rápida, Efectividad: recibir una explicación útil para realizar mejor la tarea, Satisfacción: que la explicación resulte clara y útil para ti",Medio: el error podría causar cierta confusión o problema
R0295,P011,18–24,Grado,Profesional de otro sector,4,2,7,img_07,Naturaleza / animales,Pajaro,Opción A,Anchor,3,4,3,3.3333333333333335,Media: explicación breve con algo de detalle,Simple: lenguaje claro y sin tecnicismos,Texto detallado + imagen,"Explicaciones con ejemplos similares, Explicaciones con comparaciones o contraejemplos, Explicaciones centradas en atributos o características concretas, Explicaciones basadas en reglas o razonamientos paso a paso, Explicaciones visuales (zonas destacadas en la imagen), No tengo preferencia / me da igual","Transparencia: entender por qué el sistema tomó esa decisión, Efectividad: recibir una explicación útil para realizar mejor la tarea, Satisfacción: que la explicación resulte clara y útil para ti, Educación: aprender más sobre la imagen, el problema o el funcionamiento del sistema, Escrutinio: evaluar críticamente si la decisión del sistema es adecuada, razonable o justa",Medio: el error podría causar cierta confusión o problema
R0296,P022,18–24,Grado,Investigador/a (académico),4,2,11,img_11,Naturaleza / animales,Tortuga,Opción B,Grad-CAM,4,4,4,4.0,Media: explicación breve con algo de detalle,"Intermedio: algunos términos técnicos, pero fáciles de seguir",Texto breve + imagen,"Explicaciones centradas en atributos o características concretas, Explicaciones visuales (zonas destacadas en la imagen)","Transparencia: entender por qué el sistema tomó esa decisión, Eficiencia: comprender la respuesta de forma rápida, Efectividad: recibir una explicación útil para realizar mejor la tarea, Detección de errores(Debugging): detectar fallos, errores o comportamientos inesperados del sistema",Alto: el error podría tener consecuencias importantes
R0297,P001,25–34,Grado,Investigador/a (académico),3,3,11,img_11,Naturaleza / animales,Tortuga,Opción B,Grad-CAM,3,3,3,3.0,Media: explicación breve con algo de detalle,Simple: lenguaje claro y sin tecnicismos,Texto breve + imagen,"Explicaciones con ejemplos similares, Explicaciones basadas en reglas o razonamientos paso a paso, Explicaciones visuales (zonas destacadas en la imagen)","Eficiencia: comprender la respuesta de forma rápida, Efectividad: recibir una explicación útil para realizar mejor la tarea",Medio: el error podría causar cierta confusión o problema
